{"type":"FeatureCollection","features":[{"type":"Feature","properties":{"id":"0e07aa27-e01b-4c55-9c1e-3e6383503415","name":"H&M","category":"fashion_and_apparel_store","ex":0.397,"ey":0.161,"change_score":0.21},"geometry":{"type":"Point","coordinates":[105.78005,10.04675]}},{"type":"Feature","properties":{"id":"86e0f4d6-0a1a-4fbc-8d5b-1c3069869669","name":"Green Village Mekong","category":"hotel","ex":0.825,"ey":0.256,"change_score":0.75},"geometry":{"type":"Point","coordinates":[105.80366,9.97235]}},{"type":"Feature","properties":{"id":"c55aa053-3226-41d6-a8d3-ac0b377e6153","name":"Hau Giang Hotel","category":"hotel","ex":0.664,"ey":0.28,"change_score":0.17},"geometry":{"type":"Point","coordinates":[105.78477,10.03205]}},{"type":"Feature","properties":{"id":"0bd77957-fd73-4bb9-8b69-91bbb4b9e28e","name":"Kim Tho Hotel","category":"hotel","ex":0.802,"ey":0.284,"change_score":0.73},"geometry":{"type":"Point","coordinates":[105.7885,10.03541]}},{"type":"Feature","properties":{"id":"b1bce0d2-f738-44ee-bf3e-978c3f650852","name":"Holiday 2 Hotel","category":"hotel","ex":0.762,"ey":0.436,"change_score":0.11},"geometry":{"type":"Point","coordinates":[105.78655,10.04341]}},{"type":"Feature","properties":{"id":"2b6a7fd5-ff4a-4762-81b7-4cb7c6797bbd","name":"Sky View Hotel - Cantho","category":"hotel","ex":0.84,"ey":0.323,"change_score":0.26},"geometry":{"type":"Point","coordinates":[105.78601,10.01721]}},{"type":"Feature","properties":{"id":"096cb65e-adff-4cbc-9be7-2e8b75aba162","name":"Nhà Hàng Chay Quý Liên","category":"restaurant","ex":0.749,"ey":0.655,"change_score":0.87},"geometry":{"type":"Point","coordinates":[105.78462,10.01615]}},{"type":"Feature","properties":{"id":"b6003c8f-1ab7-4fb9-b671-0e750837b263","name":"West Hotel","category":"hotel","ex":0.793,"ey":0.278,"change_score":0.04},"geometry":{"type":"Point","coordinates":[105.7871,10.02868]}},{"type":"Feature","properties":{"id":"bf8745d5-a3e8-42b4-8375-597cee8246c6","name":"Ôliu","category":"coffee_shop","ex":0.387,"ey":0.771,"change_score":0.35},"geometry":{"type":"Point","coordinates":[105.78707,10.00946]}},{"type":"Feature","properties":{"id":"386151a4-9017-43ff-bd02-2343f76fd85e","name":"Dong Ho Long Phuong","category":"fashion_and_apparel_store","ex":0.385,"ey":0.256,"change_score":0.54},"geometry":{"type":"Point","coordinates":[105.77127,10.04983]}},{"type":"Feature","properties":{"id":"04c49975-f7b6-4de2-aff3-0709e9cf47d8","name":"MIDMOST Boutique Hostel","category":"hotel","ex":0.717,"ey":0.289,"change_score":0.59},"geometry":{"type":"Point","coordinates":[105.78496,10.03444]}},{"type":"Feature","properties":{"id":"7369ee44-5a37-4931-a0b7-702d6e05cc88","name":"Khách sạn Apple Cần Thơ","category":"hotel","ex":0.753,"ey":0.239,"change_score":0.11},"geometry":{"type":"Point","coordinates":[105.76308,10.01475]}},{"type":"Feature","properties":{"id":"acf54481-a0e9-48ad-b5fb-706adc119db2","name":"Cafe Thềm Xưa","category":"coffee_shop","ex":0.305,"ey":0.803,"change_score":0.04},"geometry":{"type":"Point","coordinates":[105.78551,10.04477]}},{"type":"Feature","properties":{"id":"3e594c2a-3c59-4113-9e35-a43922626114","name":"Tóc Nam Đẹp Phong BvB Cần Thơ","category":"personal_or_beauty_service","ex":0.193,"ey":0.501,"change_score":0.41},"geometry":{"type":"Point","coordinates":[105.75705,10.03546]}},{"type":"Feature","properties":{"id":"8070e8a8-2735-4a96-a65f-eec2d9670b45","name":"MÂY Coffee Nguyễn Văn Cừ","category":"coffee_shop","ex":0.314,"ey":0.753,"change_score":0.93},"geometry":{"type":"Point","coordinates":[105.74088,10.01956]}},{"type":"Feature","properties":{"id":"c5ed2401-bbd4-4441-b948-6152461d33fc","name":"IVY Cherie Bridal Viet Nam","category":"fashion_and_apparel_store","ex":0.407,"ey":0.279,"change_score":0.62},"geometry":{"type":"Point","coordinates":[105.76996,10.01903]}},{"type":"Feature","properties":{"id":"0e22e8a0-65b4-4c73-8f83-ab469ae4aed4","name":"Hệ Thống Nhà Hàng Cây Bưởi","category":"restaurant","ex":0.837,"ey":0.631,"change_score":0.77},"geometry":{"type":"Point","coordinates":[105.78467,10.01902]}},{"type":"Feature","properties":{"id":"836122b3-7f76-4bea-b8b7-e8ccc3627d08","name":"Cafe Nice","category":"coffee_shop","ex":0.353,"ey":0.888,"change_score":0.05},"geometry":{"type":"Point","coordinates":[105.76243,10.04576]}},{"type":"Feature","properties":{"id":"f3312b8d-a3ca-46b4-8523-bc095baedfbe","name":"Fairy Land Homestay","category":"hotel","ex":0.809,"ey":0.251,"change_score":0.33},"geometry":{"type":"Point","coordinates":[105.78366,10.03153]}},{"type":"Feature","properties":{"id":"4d24a11b-df3a-4a55-95e5-656e4ac2f1b7","name":"Số Dzách","category":"restaurant","ex":0.785,"ey":0.68,"change_score":0.19},"geometry":{"type":"Point","coordinates":[105.76614,10.02542]}},{"type":"Feature","properties":{"id":"aa8f239c-c6fe-4df9-b3bc-f435f579108e","name":"Bò tơ Năm Sánh","category":"restaurant","ex":0.73,"ey":0.643,"change_score":0.71},"geometry":{"type":"Point","coordinates":[105.76036,10.04708]}},{"type":"Feature","properties":{"id":"1cbbf31d-780a-4b1c-8a50-bb711e1e586f","name":"Van Kim Hung Hotel","category":"hotel","ex":0.651,"ey":0.274,"change_score":0.83},"geometry":{"type":"Point","coordinates":[105.74902,10.02676]}},{"type":"Feature","properties":{"id":"60202aec-976a-4dfd-9672-b64b1bc652fc","name":"Hedo Beauty Skincare and Spa","category":"personal_or_beauty_service","ex":0.165,"ey":0.42,"change_score":0.58},"geometry":{"type":"Point","coordinates":[105.75697,10.04006]}},{"type":"Feature","properties":{"id":"a2225551-7692-4476-9993-07d100aff411","name":"ThẢO DiỆP Pmu","category":"personal_or_beauty_service","ex":0.205,"ey":0.521,"change_score":0.93},"geometry":{"type":"Point","coordinates":[105.77175,10.03522]}},{"type":"Feature","properties":{"id":"c591f110-e073-4b13-84a3-0e3643cbdb7b","name":"Asia Hotel Can Tho","category":"hotel","ex":0.664,"ey":0.442,"change_score":0.73},"geometry":{"type":"Point","coordinates":[105.78493,10.03102]}},{"type":"Feature","properties":{"id":"058ae3f9-e46c-4aed-afae-28f583109b05","name":"Senior Can Tho Hotel","category":"hotel","ex":0.705,"ey":0.282,"change_score":0.06},"geometry":{"type":"Point","coordinates":[105.78629,10.04425]}},{"type":"Feature","properties":{"id":"37657e00-00fe-41a7-b44e-41dca1132f59","name":"Quán ăn Tuấn Phát","category":"restaurant","ex":0.688,"ey":0.742,"change_score":0.88},"geometry":{"type":"Point","coordinates":[105.76073,10.02131]}},{"type":"Feature","properties":{"id":"59a84d3a-dcb5-4f59-8558-f9b51591ce9a","name":"Rich Hotel","category":"hotel","ex":0.765,"ey":0.216,"change_score":0.44},"geometry":{"type":"Point","coordinates":[105.7781,10.04273]}},{"type":"Feature","properties":{"id":"7e467644-00ed-4480-95c4-5efa6b9b6874","name":"Tiệm tóc thảo my","category":"personal_or_beauty_service","ex":0.174,"ey":0.37,"change_score":0.28},"geometry":{"type":"Point","coordinates":[105.77483,10.05337]}},{"type":"Feature","properties":{"id":"c6538c57-484f-43e3-b757-9b6122c1d331","name":"MLB","category":"fashion_and_apparel_store","ex":0.473,"ey":0.263,"change_score":0.15},"geometry":{"type":"Point","coordinates":[105.77507,10.02442]}},{"type":"Feature","properties":{"id":"fc2c5405-0e23-4526-b47a-58ea24835742","name":"Like Café","category":"coffee_shop","ex":0.505,"ey":0.72,"change_score":0.48},"geometry":{"type":"Point","coordinates":[105.78059,10.03257]}},{"type":"Feature","properties":{"id":"1d45932b-cbaa-4be2-a0ed-7ced4497e6b6","name":"The House Barbershop","category":"personal_or_beauty_service","ex":0.29,"ey":0.473,"change_score":0.37},"geometry":{"type":"Point","coordinates":[105.77527,10.03004]}},{"type":"Feature","properties":{"id":"6b625caf-e3e5-4485-b16b-621a23b3ebed","name":"Xóm Nướng Ngói","category":"restaurant","ex":0.769,"ey":0.729,"change_score":0.46},"geometry":{"type":"Point","coordinates":[105.78019,10.04236]}},{"type":"Feature","properties":{"id":"c7dcf8c5-8029-44cf-b3eb-aa52402647ed","name":"Beauty Salon Lâm Paris","category":"personal_or_beauty_service","ex":0.228,"ey":0.555,"change_score":0.67},"geometry":{"type":"Point","coordinates":[105.75978,10.0192]}},{"type":"Feature","properties":{"id":"0f2a3fb4-66e4-4f32-83d3-2f7d951566dc","name":"Quán Ăn Chay Bách Thảo","category":"restaurant","ex":0.891,"ey":0.711,"change_score":0.82},"geometry":{"type":"Point","coordinates":[105.78172,10.03471]}},{"type":"Feature","properties":{"id":"5bea094a-2e20-48e8-ba1f-834e7b50bdac","name":"Gà Rán Halloween","category":"restaurant","ex":0.709,"ey":0.568,"change_score":0.63},"geometry":{"type":"Point","coordinates":[105.78864,10.03437]}},{"type":"Feature","properties":{"id":"b3b948c2-8bd2-4921-a21a-506d8686f1aa","name":"ẨM ThỰC PhỐ ĐÊM","category":"restaurant","ex":0.875,"ey":0.678,"change_score":0.99},"geometry":{"type":"Point","coordinates":[105.74984,10.02529]}},{"type":"Feature","properties":{"id":"cac0db6b-9629-4c0e-a859-296c45178ae5","name":"Hometravel Mekong Cần Thơ","category":"hotel","ex":0.799,"ey":0.362,"change_score":0.97},"geometry":{"type":"Point","coordinates":[105.76441,9.97905]}},{"type":"Feature","properties":{"id":"2f26903a-ea0b-4721-9b5d-50a476b551e0","name":"Trung Nguyen E-Coffee Ninh Kieu","category":"coffee_shop","ex":0.322,"ey":0.711,"change_score":0.79},"geometry":{"type":"Point","coordinates":[105.78425,10.03225]}},{"type":"Feature","properties":{"id":"6661b18a-a09f-479a-a7be-630044df3333","name":"Đồng Hồ 7 Lộc Sơn Trang","category":"fashion_and_apparel_store","ex":0.269,"ey":0.171,"change_score":0.56},"geometry":{"type":"Point","coordinates":[105.78466,10.04089]}},{"type":"Feature","properties":{"id":"7f7d7967-fa1b-40cf-acd7-491784a0e84f","name":"Quán Ăn Nhật Bản 6 Đời","category":"restaurant","ex":0.763,"ey":0.732,"change_score":0.95},"geometry":{"type":"Point","coordinates":[105.7616,10.03984]}},{"type":"Feature","properties":{"id":"9d15714e-8881-464d-b49f-8a9be9aec913","name":"Time Cafe","category":"coffee_shop","ex":0.446,"ey":0.762,"change_score":0.87},"geometry":{"type":"Point","coordinates":[105.78427,10.03263]}},{"type":"Feature","properties":{"id":"c2f926e7-88d9-4ce7-8dca-64bb15669649","name":"Quang Long","category":"restaurant","ex":0.672,"ey":0.767,"change_score":0.23},"geometry":{"type":"Point","coordinates":[105.71442,10.09728]}},{"type":"Feature","properties":{"id":"5f54c4d4-8f2f-4029-aa25-b38fbcbb1b47","name":"Huu Vui Vegetarian","category":"restaurant","ex":0.726,"ey":0.545,"change_score":0.55},"geometry":{"type":"Point","coordinates":[105.77773,10.03622]}},{"type":"Feature","properties":{"id":"808e0d89-f6f5-4bf8-8a94-a26396342ff6","name":"Barber Shine","category":"personal_or_beauty_service","ex":0.226,"ey":0.48,"change_score":0.19},"geometry":{"type":"Point","coordinates":[105.758,10.03508]}},{"type":"Feature","properties":{"id":"bd7a6ba7-bdfb-4622-bc07-97f5d38f2893","name":"Nam Đô","category":"restaurant","ex":0.826,"ey":0.62,"change_score":0.37},"geometry":{"type":"Point","coordinates":[105.78255,10.03168]}},{"type":"Feature","properties":{"id":"3c65d651-6a32-4131-89d3-a3feaeb48a88","name":"Hoa Tuoc","category":"restaurant","ex":0.713,"ey":0.565,"change_score":0.93},"geometry":{"type":"Point","coordinates":[105.75694,10.027]}},{"type":"Feature","properties":{"id":"ce51b9dc-4bc8-4104-ae9f-c793029db78f","name":"Mokado Coffee","category":"coffee_shop","ex":0.439,"ey":0.925,"change_score":0},"geometry":{"type":"Point","coordinates":[105.78979,10.04499]}},{"type":"Feature","properties":{"id":"0c8d775b-f1bc-4c31-b92a-76dc36e70b78","name":"Motel 6","category":"hotel","ex":0.779,"ey":0.196,"change_score":0.19},"geometry":{"type":"Point","coordinates":[105.77668,10.00807]}},{"type":"Feature","properties":{"id":"3c884175-2d2b-4b9c-9f02-a9a3574d0df9","name":"Dona Hotel","category":"hotel","ex":0.703,"ey":0.25,"change_score":0.72},"geometry":{"type":"Point","coordinates":[105.7819,10.04652]}},{"type":"Feature","properties":{"id":"4bb966c2-dd72-40e8-8774-40360ceab103","name":"Only You Studio & Bridal","category":"fashion_and_apparel_store","ex":0.306,"ey":0.07,"change_score":0.79},"geometry":{"type":"Point","coordinates":[105.77842,10.04288]}},{"type":"Feature","properties":{"id":"7e263805-424d-4f5c-bfce-6e8df04d8a33","name":"Mis Hostel Cần Thơ","category":"hotel","ex":0.669,"ey":0.293,"change_score":0.77},"geometry":{"type":"Point","coordinates":[105.79111,10.01034]}},{"type":"Feature","properties":{"id":"c954da95-8ba6-429e-bb27-e37a50ffc1ad","name":"Linh Phuong 2 Hotel","category":"hotel","ex":0.774,"ey":0.334,"change_score":0.94},"geometry":{"type":"Point","coordinates":[105.78587,10.04504]}},{"type":"Feature","properties":{"id":"0c96f326-5775-42be-93c5-e6169a621180","name":"Bo Ne 3 Ngon","category":"restaurant","ex":0.667,"ey":0.773,"change_score":0.6},"geometry":{"type":"Point","coordinates":[105.76686,10.04151]}},{"type":"Feature","properties":{"id":"445d5565-0094-4ac7-81b9-774fccacbaf9","name":"Khách sạn Nhật Hà Cần Thơ","category":"hotel","ex":0.82,"ey":0.248,"change_score":0.57},"geometry":{"type":"Point","coordinates":[105.75128,10.01099]}},{"type":"Feature","properties":{"id":"5ec5b16a-6812-4056-9e09-9f79b41f3bdf","name":"CT Morning Hostel","category":"hotel","ex":0.672,"ey":0.33,"change_score":0.17},"geometry":{"type":"Point","coordinates":[105.78429,10.04525]}},{"type":"Feature","properties":{"id":"9fb3e98b-bc87-45c8-b8c2-796af6c91515","name":"Nhy Nhi Nails","category":"personal_or_beauty_service","ex":0.209,"ey":0.441,"change_score":0.31},"geometry":{"type":"Point","coordinates":[105.77787,10.02809]}},{"type":"Feature","properties":{"id":"c258680e-fa6c-47ac-826a-b77252737e35","name":"Bún Thái 68 CN1","category":"restaurant","ex":0.754,"ey":0.525,"change_score":0.06},"geometry":{"type":"Point","coordinates":[105.76107,10.022]}},{"type":"Feature","properties":{"id":"f49513e3-cd0d-4d17-9bfc-d386be31f551","name":"Quán Cá Lóc An","category":"restaurant","ex":0.781,"ey":0.671,"change_score":0.39},"geometry":{"type":"Point","coordinates":[105.77322,10.02505]}},{"type":"Feature","properties":{"id":"5b9046f7-a74c-43ba-9d46-c741930dc47c","name":"Hieu Barber Shop","category":"personal_or_beauty_service","ex":0.16,"ey":0.467,"change_score":0.68},"geometry":{"type":"Point","coordinates":[105.75847,10.03484]}},{"type":"Feature","properties":{"id":"9f09d63f-8844-4931-a9e6-297ed02c13c4","name":"BangBang Motel","category":"hotel","ex":0.699,"ey":0.319,"change_score":0.26},"geometry":{"type":"Point","coordinates":[105.78339,10.03903]}},{"type":"Feature","properties":{"id":"ca10240d-55d9-4f95-b58d-276ae99d430b","name":"Quán ăn gia đình Pallet | Can Tho","category":"restaurant","ex":0.738,"ey":0.698,"change_score":0.23},"geometry":{"type":"Point","coordinates":[105.76257,10.04582]}},{"type":"Feature","properties":{"id":"dd916400-727e-45c4-bbe0-f8b57be7f098","name":"MR. CHEF - Asian Hotpot","category":"restaurant","ex":0.645,"ey":0.65,"change_score":0.6},"geometry":{"type":"Point","coordinates":[105.76606,10.02327]}},{"type":"Feature","properties":{"id":"fd5d9e9b-cfac-4c5f-91e4-c5a2974fd270","name":"Omega Bình Minh","category":"restaurant","ex":0.816,"ey":0.691,"change_score":0.49},"geometry":{"type":"Point","coordinates":[105.8141,10.06733]}},{"type":"Feature","properties":{"id":"175699ad-f9f5-4a95-a9b0-4dadcbdf2d7b","name":"Minh Nguyet Contact Lens","category":"fashion_and_apparel_store","ex":0.473,"ey":0.134,"change_score":0.36},"geometry":{"type":"Point","coordinates":[105.78348,10.03886]}},{"type":"Feature","properties":{"id":"8f40f60e-c0c2-4b03-8100-02698a350799","name":"Giày SecondHand Cần Thơ","category":"fashion_and_apparel_store","ex":0.46,"ey":0.192,"change_score":0.15},"geometry":{"type":"Point","coordinates":[105.76035,10.02043]}},{"type":"Feature","properties":{"id":"d08b7784-23dc-4b95-94e2-d5d803d19d3e","name":"Khách Sạn ROYAL Cần Thơ","category":"hotel","ex":0.703,"ey":0.343,"change_score":0.25},"geometry":{"type":"Point","coordinates":[105.80087,10.00791]}},{"type":"Feature","properties":{"id":"3fba416d-8cd5-4fdb-bfa3-45b2593c015d","name":"Cơm Trạng Huỳnh","category":"restaurant","ex":0.681,"ey":0.603,"change_score":0.61},"geometry":{"type":"Point","coordinates":[105.77317,10.02827]}},{"type":"Feature","properties":{"id":"7e971e18-0b4a-4b20-ada7-86d29ed5a782","name":"Winny Hotel","category":"hotel","ex":0.798,"ey":0.271,"change_score":0.36},"geometry":{"type":"Point","coordinates":[105.7875,10.0329]}},{"type":"Feature","properties":{"id":"a2f922b1-399b-49bc-9f99-08fb88777b94","name":"Rex Coffee","category":"coffee_shop","ex":0.413,"ey":0.717,"change_score":0.87},"geometry":{"type":"Point","coordinates":[105.7658,10.04826]}},{"type":"Feature","properties":{"id":"298369d4-ec35-4585-a8b5-1bb08a391df8","name":"Viện Phẫu Thuật Thẩm Mỹ Nguyễn Du","category":"personal_or_beauty_service","ex":0.278,"ey":0.41,"change_score":0.15},"geometry":{"type":"Point","coordinates":[105.78104,10.032]}},{"type":"Feature","properties":{"id":"80fc86b2-0409-4b14-8148-bd44f9a257c2","name":"Tiệm vàng Thịnh Kim Lan","category":"fashion_and_apparel_store","ex":0.431,"ey":0.17,"change_score":0.53},"geometry":{"type":"Point","coordinates":[105.78206,10.04606]}},{"type":"Feature","properties":{"id":"db446671-465b-47cb-9204-9076f84d914a","name":"Hieu Barber Shop 4","category":"personal_or_beauty_service","ex":0.281,"ey":0.574,"change_score":0.18},"geometry":{"type":"Point","coordinates":[105.76436,10.01237]}},{"type":"Feature","properties":{"id":"0b2dda62-eacf-4bdb-9080-4133d43fbbe3","name":"Mekong 69 Hostel","category":"hotel","ex":0.688,"ey":0.397,"change_score":0.04},"geometry":{"type":"Point","coordinates":[105.78627,10.03705]}},{"type":"Feature","properties":{"id":"9a81bf2f-a861-4a83-9c21-a05858afc6d3","name":"Bún Đậu Mắm Tôm - Ẩm Thực Bắc","category":"restaurant","ex":0.849,"ey":0.585,"change_score":0.98},"geometry":{"type":"Point","coordinates":[105.75479,10.03317]}},{"type":"Feature","properties":{"id":"d6db1f48-1729-4da0-bc03-b8c15f5bd2bc","name":"Quán Mười Bé","category":"restaurant","ex":0.68,"ey":0.623,"change_score":0.49},"geometry":{"type":"Point","coordinates":[105.74783,10.03763]}},{"type":"Feature","properties":{"id":"14d02eaa-0e0a-4caf-a955-e441d454df52","name":"Puma","category":"fashion_and_apparel_store","ex":0.424,"ey":0.177,"change_score":0.89},"geometry":{"type":"Point","coordinates":[105.77314,10.03462]}},{"type":"Feature","properties":{"id":"4b0f0dd1-a343-420f-af7d-3d7a60d1970b","name":"Nha Khoa Kim Cương Thốt Nốt - Cần Thơ","category":"restaurant","ex":0.738,"ey":0.532,"change_score":0.67},"geometry":{"type":"Point","coordinates":[105.78419,10.03279]}},{"type":"Feature","properties":{"id":"98af2343-bb92-4150-b084-f68fe66cc64c","name":"Huybarbershop","category":"personal_or_beauty_service","ex":0.139,"ey":0.448,"change_score":0.52},"geometry":{"type":"Point","coordinates":[105.76329,10.04207]}},{"type":"Feature","properties":{"id":"a4150cab-d4aa-4fa5-9a49-82dbedcc9a35","name":"Vitamin Hồ Búng Xáng","category":"restaurant","ex":0.747,"ey":0.749,"change_score":0.84},"geometry":{"type":"Point","coordinates":[105.76352,10.02755]}},{"type":"Feature","properties":{"id":"f1f66be1-11bd-4796-bb71-79781f4ea3b5","name":"95 BarBer Shop","category":"personal_or_beauty_service","ex":0.126,"ey":0.512,"change_score":0.65},"geometry":{"type":"Point","coordinates":[105.60272,9.96068]}},{"type":"Feature","properties":{"id":"13f632e9-07f4-423d-b2ee-4b9b0470b69f","name":"Tiệm Tóc Lê Vững Barber Shop","category":"personal_or_beauty_service","ex":0.203,"ey":0.445,"change_score":0.14},"geometry":{"type":"Point","coordinates":[105.76339,10.04213]}},{"type":"Feature","properties":{"id":"5b9633f7-fb43-4514-8e02-efba0738f7b4","name":"Ladyspa","category":"personal_or_beauty_service","ex":0.201,"ey":0.389,"change_score":0.09},"geometry":{"type":"Point","coordinates":[105.7775,10.03461]}},{"type":"Feature","properties":{"id":"7a479003-cd07-4519-a12f-db52746c42e6","name":"Phuc Long Coffee and Tea","category":"coffee_shop","ex":0.457,"ey":0.875,"change_score":0.1},"geometry":{"type":"Point","coordinates":[105.77036,10.02157]}},{"type":"Feature","properties":{"id":"f257f5fc-2167-4631-bc94-1292525e51ee","name":"Lẩu Chay Chế Út","category":"restaurant","ex":0.662,"ey":0.526,"change_score":0.91},"geometry":{"type":"Point","coordinates":[105.75806,10.03995]}},{"type":"Feature","properties":{"id":"716503e6-7c91-472e-af5c-dec73831cb1a","name":"Highlands Coffee","category":"coffee_shop","ex":0.455,"ey":0.791,"change_score":0.29},"geometry":{"type":"Point","coordinates":[105.77438,10.03278]}},{"type":"Feature","properties":{"id":"9663ecde-7339-4462-a93d-a69b5128050a","name":"Manwah Taiwanese Hotpot","category":"restaurant","ex":0.652,"ey":0.567,"change_score":0.12},"geometry":{"type":"Point","coordinates":[105.77575,10.02587]}},{"type":"Feature","properties":{"id":"dffb513e-1b9f-4c8e-b387-890a3abcf5f7","name":"Cơm Chay Tràng Phan","category":"restaurant","ex":0.7,"ey":0.67,"change_score":0.66},"geometry":{"type":"Point","coordinates":[105.76361,10.04532]}},{"type":"Feature","properties":{"id":"4f8b2a23-3e8e-4815-8747-d54faf9077f0","name":"Tân Tattoo","category":"personal_or_beauty_service","ex":0.141,"ey":0.563,"change_score":0.2},"geometry":{"type":"Point","coordinates":[105.77301,10.05627]}},{"type":"Feature","properties":{"id":"c31b947a-1db5-40a7-9fbf-1f1b16fe6671","name":"Quán Bún Mắm 173","category":"restaurant","ex":0.644,"ey":0.624,"change_score":0.33},"geometry":{"type":"Point","coordinates":[105.76328,10.01537]}},{"type":"Feature","properties":{"id":"287f11bc-6460-41c7-a497-9752e518b75e","name":"Ẩm thực Campuchia","category":"restaurant","ex":0.763,"ey":0.664,"change_score":0.45},"geometry":{"type":"Point","coordinates":[105.76143,10.05538]}},{"type":"Feature","properties":{"id":"439237cf-ed83-4439-8cd6-959c3d96924d","name":"Tiệm Vàng Hồng Hải Sơn","category":"fashion_and_apparel_store","ex":0.425,"ey":0.28,"change_score":0.32},"geometry":{"type":"Point","coordinates":[105.7136,10.0961]}},{"type":"Feature","properties":{"id":"a7e5495b-16ba-4c23-b6ed-78ccd84eba98","name":"Hair Salon Trung","category":"personal_or_beauty_service","ex":0.058,"ey":0.565,"change_score":0.76},"geometry":{"type":"Point","coordinates":[105.77635,10.03446]}},{"type":"Feature","properties":{"id":"e207547c-01d2-4e3d-8d96-6354bdb92dd9","name":"Lau Tu Xuyen - Ala King","category":"restaurant","ex":0.848,"ey":0.736,"change_score":0.11},"geometry":{"type":"Point","coordinates":[105.78307,10.03696]}},{"type":"Feature","properties":{"id":"326f9785-315e-478d-b4e7-9a99ad6d94ca","name":"QuÁN ThÀNh Giao","category":"restaurant","ex":0.769,"ey":0.764,"change_score":0.78},"geometry":{"type":"Point","coordinates":[105.77943,10.0337]}},{"type":"Feature","properties":{"id":"671abfc9-082b-406d-b4a6-50216643386b","name":"Kaffa Cafe Cần Thơ - Cà phê Sạch & Nguyên chất","category":"coffee_shop","ex":0.417,"ey":0.752,"change_score":0.62},"geometry":{"type":"Point","coordinates":[105.77281,10.05411]}},{"type":"Feature","properties":{"id":"9d883b94-f9e3-4196-8932-b1680c15c07f","name":"Itada BÌNh Minh","category":"restaurant","ex":0.827,"ey":0.573,"change_score":0.04},"geometry":{"type":"Point","coordinates":[105.81458,10.06739]}},{"type":"Feature","properties":{"id":"f5979b14-a7e4-4d27-8f4b-e221202a19d1","name":"Hiếu BarBer Shop 6","category":"personal_or_beauty_service","ex":0.144,"ey":0.47,"change_score":0.1},"geometry":{"type":"Point","coordinates":[105.74094,10.01999]}},{"type":"Feature","properties":{"id":"8b4c8481-c439-462e-97f2-87804b1a0c59","name":"Quán Gà Bà Bộ","category":"restaurant","ex":0.791,"ey":0.79,"change_score":0.9},"geometry":{"type":"Point","coordinates":[105.74487,10.03649]}},{"type":"Feature","properties":{"id":"b8ba3818-e011-4917-97a4-39354baeae5a","name":"Quán Bò 59","category":"restaurant","ex":0.759,"ey":0.743,"change_score":0.46},"geometry":{"type":"Point","coordinates":[105.77362,10.0279]}},{"type":"Feature","properties":{"id":"3495cfa9-2071-4957-ad15-8bd7d9b3aa4d","name":"Helen Wedding Cần Thơ","category":"fashion_and_apparel_store","ex":0.435,"ey":0.208,"change_score":0.49},"geometry":{"type":"Point","coordinates":[105.75467,10.03639]}},{"type":"Feature","properties":{"id":"747a7a6f-7265-42df-bdf2-bc4b2e362b6d","name":"Hotpot 15 - Lẩu ngon Cần Thơ","category":"restaurant","ex":0.819,"ey":0.677,"change_score":0.16},"geometry":{"type":"Point","coordinates":[105.77287,10.02676]}},{"type":"Feature","properties":{"id":"baffd815-188c-47f0-bfc7-34ffdca07f89","name":"Bánh Canh Cua 586","category":"restaurant","ex":0.683,"ey":0.703,"change_score":0.51},"geometry":{"type":"Point","coordinates":[105.80096,10.00512]}},{"type":"Feature","properties":{"id":"d7e75a23-309d-462b-becd-3d714c4622e3","name":"Coffee Thủy Mộc - Hòa mình cùng thiên nhiên","category":"coffee_shop","ex":0.399,"ey":0.704,"change_score":0.54},"geometry":{"type":"Point","coordinates":[105.77084,10.02712]}},{"type":"Feature","properties":{"id":"10f0b092-a2d5-4e6c-b7ce-e1977222a2a9","name":"Lad's Coffee","category":"coffee_shop","ex":0.43,"ey":0.868,"change_score":0.08},"geometry":{"type":"Point","coordinates":[105.79383,10.04004]}},{"type":"Feature","properties":{"id":"1bc0e353-9d14-462b-b935-60812aecff1d","name":"Katinat Saigon Kafe","category":"coffee_shop","ex":0.405,"ey":0.669,"change_score":0.03},"geometry":{"type":"Point","coordinates":[105.7763,10.02866]}},{"type":"Feature","properties":{"id":"2e10f499-a1b7-4cb1-a53e-62ed117f9119","name":"Vision coffee","category":"coffee_shop","ex":0.491,"ey":0.824,"change_score":0.34},"geometry":{"type":"Point","coordinates":[105.76721,10.02122]}},{"type":"Feature","properties":{"id":"5c3159aa-90fc-467d-ae2b-d63d9534ba4d","name":"ThÈM. NƯỚNg","category":"coffee_shop","ex":0.371,"ey":0.824,"change_score":0.42},"geometry":{"type":"Point","coordinates":[105.76426,10.00761]}},{"type":"Feature","properties":{"id":"9661ae9b-1648-46a1-aff2-f9f2e6b379a3","name":"Cắt tóc nam Phan An","category":"personal_or_beauty_service","ex":0.155,"ey":0.494,"change_score":0.65},"geometry":{"type":"Point","coordinates":[105.7569,10.04038]}},{"type":"Feature","properties":{"id":"1849eaa3-e6e9-46e5-acbf-de9ab82ee656","name":"Cơm gà Huỳnh Châu","category":"restaurant","ex":0.722,"ey":0.594,"change_score":0.75},"geometry":{"type":"Point","coordinates":[105.75543,10.04136]}},{"type":"Feature","properties":{"id":"5aedbc0c-9ec1-4b60-a65b-9c4a83ee58f1","name":"Salon Nguyễn Giang","category":"personal_or_beauty_service","ex":0.228,"ey":0.514,"change_score":0.57},"geometry":{"type":"Point","coordinates":[105.77641,10.04611]}},{"type":"Feature","properties":{"id":"3ba13d30-d44a-4c14-a8d8-3ae59201ebd8","name":"Midmost Kitchen","category":"coffee_shop","ex":0.464,"ey":0.702,"change_score":0.57},"geometry":{"type":"Point","coordinates":[105.77985,10.03216]}},{"type":"Feature","properties":{"id":"5796689c-0acb-4b79-a4b5-6433e39df2ef","name":"Coffee My Friends","category":"coffee_shop","ex":0.263,"ey":0.773,"change_score":0.88},"geometry":{"type":"Point","coordinates":[105.62074,10.10989]}},{"type":"Feature","properties":{"id":"b207920e-14aa-4bf6-b151-846cba50063a","name":"Lee Cafe","category":"coffee_shop","ex":0.287,"ey":0.779,"change_score":0.56},"geometry":{"type":"Point","coordinates":[105.77195,10.03475]}},{"type":"Feature","properties":{"id":"0e516cd4-cf9d-47a9-a646-d1ffeef86fff","name":"Lại Nguyễn Boutique Hotel","category":"hotel","ex":0.742,"ey":0.37,"change_score":0.11},"geometry":{"type":"Point","coordinates":[105.77681,10.04827]}},{"type":"Feature","properties":{"id":"54ab32bc-9f33-4240-bd61-2ca5122a6310","name":"Ale Cafe","category":"coffee_shop","ex":0.541,"ey":0.791,"change_score":0.97},"geometry":{"type":"Point","coordinates":[105.75755,10.03588]}},{"type":"Feature","properties":{"id":"8dec2877-eb8a-42da-904f-61388fea27a5","name":"Khu Sinh Thái Ẩm Thực QUÊ MÌNH","category":"restaurant","ex":0.742,"ey":0.652,"change_score":0.55},"geometry":{"type":"Point","coordinates":[105.75957,10.02112]}},{"type":"Feature","properties":{"id":"cbccf294-e49f-47ea-bdaf-ba6b5ecf9dd3","name":"An Nhiên Coffee","category":"coffee_shop","ex":0.437,"ey":0.692,"change_score":0.52},"geometry":{"type":"Point","coordinates":[105.75997,10.04678]}},{"type":"Feature","properties":{"id":"f031d1df-cc3a-4b98-aca1-f8652d59244b","name":"Cafe & Book - Không Thời Gian","category":"coffee_shop","ex":0.324,"ey":0.72,"change_score":0.26},"geometry":{"type":"Point","coordinates":[105.76005,10.02726]}},{"type":"Feature","properties":{"id":"4b7476b9-671b-41d7-a3aa-9f381349c28c","name":"Lee Hair - 62 Lý Tự Trọng - Cần Thơ","category":"personal_or_beauty_service","ex":0.291,"ey":0.534,"change_score":0.55},"geometry":{"type":"Point","coordinates":[105.77927,10.03476]}},{"type":"Feature","properties":{"id":"9079fa15-f231-443b-bc26-05ba6c7d671e","name":"Cà phê bánh Muồng Hoa Đào","category":"coffee_shop","ex":0.516,"ey":0.84,"change_score":0.48},"geometry":{"type":"Point","coordinates":[105.75887,10.03369]}},{"type":"Feature","properties":{"id":"e3ba8b85-87ce-44bc-a049-c3de18828940","name":"Senior Hotel 1 CẦN ThƠ","category":"hotel","ex":0.769,"ey":0.36,"change_score":0.91},"geometry":{"type":"Point","coordinates":[105.78606,10.04437]}},{"type":"Feature","properties":{"id":"07029dad-7619-43ff-bd6d-a5a3c86f1664","name":"Mẹ và Bé - Thế Giới Sơ Sinh","category":"fashion_and_apparel_store","ex":0.331,"ey":0.27,"change_score":0.95},"geometry":{"type":"Point","coordinates":[105.77999,10.02992]}},{"type":"Feature","properties":{"id":"4be703ad-f705-4edb-b611-53ddfe2505c7","name":"Pad Thai Tomato","category":"restaurant","ex":0.829,"ey":0.801,"change_score":0.62},"geometry":{"type":"Point","coordinates":[105.786,10.03094]}},{"type":"Feature","properties":{"id":"959567d4-b225-4e6e-8729-36711eed03ed","name":"Pho Z586","category":"restaurant","ex":0.727,"ey":0.649,"change_score":0.42},"geometry":{"type":"Point","coordinates":[105.769,10.01924]}},{"type":"Feature","properties":{"id":"e539eeea-0efb-445b-a4b4-c090b05d9a0b","name":"𝐐𝐮𝐲́ 𝐇𝐢𝐞̂̀𝐧 𝐁𝐞𝐚𝐮𝐭𝐲 & 𝐀𝐜𝐚𝐝𝐞𝐦𝐲","category":"personal_or_beauty_service","ex":0.164,"ey":0.463,"change_score":0.18},"geometry":{"type":"Point","coordinates":[105.76678,10.02335]}},{"type":"Feature","properties":{"id":"3b25d5d0-2314-40c2-95b2-7c0f41595e7e","name":"Lẩu Nhúng","category":"restaurant","ex":0.72,"ey":0.74,"change_score":0.08},"geometry":{"type":"Point","coordinates":[105.7607,10.02149]}},{"type":"Feature","properties":{"id":"b3766866-eda0-4039-a5d8-09ffab0bb85c","name":"Căn nhà màu tím","category":"coffee_shop","ex":0.391,"ey":0.656,"change_score":0.59},"geometry":{"type":"Point","coordinates":[105.81084,9.96975]}},{"type":"Feature","properties":{"id":"25d78da2-bc26-4b74-9dee-8a50356b71dc","name":"Hair Salon Tấn Cang Forever 132 Lý Tự Trọng , Tp Cần Thơ","category":"personal_or_beauty_service","ex":0.16,"ey":0.463,"change_score":0.44},"geometry":{"type":"Point","coordinates":[105.7796,10.03136]}},{"type":"Feature","properties":{"id":"b780ddee-91d4-47f9-ae22-a31f71a1213d","name":"Quán Gà Ác Toàn","category":"restaurant","ex":0.739,"ey":0.673,"change_score":0.42},"geometry":{"type":"Point","coordinates":[105.78403,10.03767]}},{"type":"Feature","properties":{"id":"e244e10e-5206-4e08-baf1-c608638f4627","name":"Huyền Trân Home Spa Cần Thơ","category":"personal_or_beauty_service","ex":0.198,"ey":0.588,"change_score":0.36},"geometry":{"type":"Point","coordinates":[105.75697,10.0352]}},{"type":"Feature","properties":{"id":"2aae3406-150e-47f9-aace-7a77fd5477cf","name":"Trân's Shop","category":"fashion_and_apparel_store","ex":0.498,"ey":0.286,"change_score":0.03},"geometry":{"type":"Point","coordinates":[105.77785,10.01479]}},{"type":"Feature","properties":{"id":"9f88f42f-bb31-4d94-8c5f-0600410b7e3e","name":"Khách sạn Hân Gia","category":"hotel","ex":0.761,"ey":0.26,"change_score":0.38},"geometry":{"type":"Point","coordinates":[105.75874,10.02865]}},{"type":"Feature","properties":{"id":"b35e608b-68f7-45cd-b2d5-33253a03debc","name":"Thẩm mỹ viện Bắc Á","category":"personal_or_beauty_service","ex":0.134,"ey":0.551,"change_score":0.74},"geometry":{"type":"Point","coordinates":[105.77153,10.03765]}},{"type":"Feature","properties":{"id":"e5acaa5b-a495-48e8-8c08-758ce67f4d5d","name":"Tan Dao Hoa Dao Food and Beer Company Limited","category":"restaurant","ex":0.659,"ey":0.683,"change_score":0.02},"geometry":{"type":"Point","coordinates":[105.78165,10.04454]}},{"type":"Feature","properties":{"id":"30474af1-c21c-4742-b7f0-b58037e31efa","name":"Vựa Hải Sản LỘC","category":"restaurant","ex":0.765,"ey":0.611,"change_score":0.42},"geometry":{"type":"Point","coordinates":[105.77271,10.04702]}},{"type":"Feature","properties":{"id":"4f7923ac-7fec-4127-b4a1-727d3e64f8cf","name":"ĐỒNg HỒ 7 LỘC 2","category":"fashion_and_apparel_store","ex":0.427,"ey":0.333,"change_score":0.61},"geometry":{"type":"Point","coordinates":[105.78236,10.0429]}},{"type":"Feature","properties":{"id":"8ea210b8-d3c5-46c6-a221-1022e60db671","name":"Léla Skinlab","category":"personal_or_beauty_service","ex":0.146,"ey":0.507,"change_score":0.87},"geometry":{"type":"Point","coordinates":[105.77139,10.03704]}},{"type":"Feature","properties":{"id":"cbd36fc2-8da0-4b9a-b4be-a39a11558559","name":"Salon Phố Hair - Cần Thơ","category":"personal_or_beauty_service","ex":0.279,"ey":0.549,"change_score":0.71},"geometry":{"type":"Point","coordinates":[105.76985,10.02275]}},{"type":"Feature","properties":{"id":"3312e274-b292-4af4-a444-800bba302648","name":"Quán Hải Sản Ba Cua 2","category":"restaurant","ex":0.697,"ey":0.657,"change_score":0.98},"geometry":{"type":"Point","coordinates":[105.76861,10.05698]}},{"type":"Feature","properties":{"id":"d60e4ffb-d876-4dfa-ada5-1952954ad42a","name":"Trang Sức Kim Cương Hoàn Nguyên Jewelry","category":"fashion_and_apparel_store","ex":0.437,"ey":0.22,"change_score":0.32},"geometry":{"type":"Point","coordinates":[105.77471,10.04483]}},{"type":"Feature","properties":{"id":"1992464c-acb8-49bd-9e8a-d95ca371ce08","name":"Nu Beauty & Academy","category":"personal_or_beauty_service","ex":0.185,"ey":0.495,"change_score":0.83},"geometry":{"type":"Point","coordinates":[105.77773,10.03472]}},{"type":"Feature","properties":{"id":"4e4e6de3-9561-4a67-9a2e-1df2bb1e58d8","name":"Xỏ khuyên cần thơDAMOUR","category":"personal_or_beauty_service","ex":0.208,"ey":0.524,"change_score":0.69},"geometry":{"type":"Point","coordinates":[105.78354,10.03346]}},{"type":"Feature","properties":{"id":"7f9349e1-6bdc-43bc-b07c-eb5d7de42927","name":"Cafe Co Ngot Cua Thang 5","category":"coffee_shop","ex":0.451,"ey":0.771,"change_score":0.59},"geometry":{"type":"Point","coordinates":[105.75031,10.04064]}},{"type":"Feature","properties":{"id":"e23871e1-99d7-4fe6-ac09-9b7ffbab3f1e","name":"Cafe Quỳnh Anh","category":"coffee_shop","ex":0.44,"ey":0.884,"change_score":0.69},"geometry":{"type":"Point","coordinates":[105.75165,10.01247]}},{"type":"Feature","properties":{"id":"1d166c7b-5fc1-4eac-9f4d-d7a9493d95a5","name":"Phố Dubai","category":"restaurant","ex":0.855,"ey":0.673,"change_score":0.04},"geometry":{"type":"Point","coordinates":[105.75765,10.03595]}},{"type":"Feature","properties":{"id":"448a3abd-23fc-482a-b21c-45e06e420db9","name":"Cacao Đẹp Đen ( Máy Lạnh Lầu 1 )","category":"coffee_shop","ex":0.328,"ey":0.769,"change_score":0.94},"geometry":{"type":"Point","coordinates":[105.77471,10.03282]}},{"type":"Feature","properties":{"id":"662d1b99-74f6-476d-ae8c-116b512b18e2","name":"Studio Tùng Bích","category":"fashion_and_apparel_store","ex":0.427,"ey":0.219,"change_score":0.56},"geometry":{"type":"Point","coordinates":[105.82355,10.06883]}},{"type":"Feature","properties":{"id":"94d3b0f9-5e2b-437c-a839-d3ebe93827bf","name":"Pháp Nguyễn","category":"personal_or_beauty_service","ex":0.174,"ey":0.467,"change_score":0.89},"geometry":{"type":"Point","coordinates":[105.76356,10.01328]}},{"type":"Feature","properties":{"id":"a7b6c313-1804-48ab-81a3-51a3ed4b9c32","name":"Shop Jenny","category":"fashion_and_apparel_store","ex":0.492,"ey":0.125,"change_score":0.44},"geometry":{"type":"Point","coordinates":[105.78754,10.03267]}},{"type":"Feature","properties":{"id":"c4433844-5483-4048-939b-f614226154ea","name":"Tiệm Nail Linh Ruby","category":"personal_or_beauty_service","ex":0.25,"ey":0.502,"change_score":0.67},"geometry":{"type":"Point","coordinates":[105.76632,10.04823]}},{"type":"Feature","properties":{"id":"ee72a023-b8bc-4ec1-b284-26e6fd81f25b","name":"Điểm hẹn hò - Hẹn Hò Quán","category":"restaurant","ex":0.822,"ey":0.629,"change_score":0.98},"geometry":{"type":"Point","coordinates":[105.75158,9.99439]}},{"type":"Feature","properties":{"id":"131ac72b-c3d8-438a-8b08-cd98d3d0aa15","name":"Lee and Tee","category":"fashion_and_apparel_store","ex":0.436,"ey":0.166,"change_score":0.94},"geometry":{"type":"Point","coordinates":[105.76892,10.04747]}},{"type":"Feature","properties":{"id":"43f2feff-b228-4e0b-9f15-7f12945ebff3","name":"Quán Bo","category":"restaurant","ex":0.793,"ey":0.806,"change_score":0.83},"geometry":{"type":"Point","coordinates":[105.62231,10.11165]}},{"type":"Feature","properties":{"id":"d1a11a65-2831-4b26-bb5f-9a76f51808b4","name":"Bò Nướng Ngói Cù Lần 2","category":"restaurant","ex":0.733,"ey":0.679,"change_score":0.09},"geometry":{"type":"Point","coordinates":[105.77269,10.02624]}},{"type":"Feature","properties":{"id":"f3246a9b-9f5e-4c73-8bbd-42b55f104dd0","name":"DAT BarberClassy - An Bình","category":"personal_or_beauty_service","ex":0.145,"ey":0.494,"change_score":0.76},"geometry":{"type":"Point","coordinates":[105.75082,10.01009]}},{"type":"Feature","properties":{"id":"201c0ada-25ec-415a-a9b4-d0a35b95896d","name":"Chi Nguyễn PMU","category":"personal_or_beauty_service","ex":0.321,"ey":0.587,"change_score":0.75},"geometry":{"type":"Point","coordinates":[105.76644,10.04796]}},{"type":"Feature","properties":{"id":"5d2dde71-e0c3-412a-bfd5-e8ff55911ad7","name":"Vinh Phan","category":"personal_or_beauty_service","ex":0.179,"ey":0.568,"change_score":0.45},"geometry":{"type":"Point","coordinates":[105.756,10.03814]}},{"type":"Feature","properties":{"id":"a312a97a-3cd6-4076-9320-62a7788fa9c2","name":"Obi House","category":"restaurant","ex":0.79,"ey":0.604,"change_score":0.28},"geometry":{"type":"Point","coordinates":[105.77425,10.02809]}},{"type":"Feature","properties":{"id":"d3378455-a91b-422d-a39d-19ece6f7b30b","name":"Quán cơm Chú Lùn","category":"restaurant","ex":0.825,"ey":0.684,"change_score":0.62},"geometry":{"type":"Point","coordinates":[105.77905,10.04548]}},{"type":"Feature","properties":{"id":"fd818f13-ead1-4bbf-baab-7a46726f179a","name":"Cat Phuong Hotel","category":"hotel","ex":0.774,"ey":0.275,"change_score":0.54},"geometry":{"type":"Point","coordinates":[105.78671,10.04447]}},{"type":"Feature","properties":{"id":"2b4aef94-4783-4f32-9b3b-a3aa0d237203","name":"Bún Mắm Út Béo 1","category":"restaurant","ex":0.63,"ey":0.799,"change_score":0.01},"geometry":{"type":"Point","coordinates":[105.76165,10.03992]}},{"type":"Feature","properties":{"id":"41adfb24-7f00-480e-a063-fcb8422e224f","name":"Phun XĂM ThẨM MỸ Trang Kim","category":"personal_or_beauty_service","ex":0.1,"ey":0.624,"change_score":0.28},"geometry":{"type":"Point","coordinates":[105.7819,10.04195]}},{"type":"Feature","properties":{"id":"955a7d18-8a5a-428f-983c-1b4f744a7b2c","name":"GIÀY 99 ở Cần Thơ- Giày nội địa Quảng Châu bền, rẻ, đẹp","category":"fashion_and_apparel_store","ex":0.395,"ey":0.119,"change_score":0.38},"geometry":{"type":"Point","coordinates":[105.7618,10.03637]}},{"type":"Feature","properties":{"id":"bda8fc93-1e9c-441c-9d35-4c2bb43b8c70","name":"Bò lạc quán Cần Thơ","category":"restaurant","ex":0.647,"ey":0.779,"change_score":0.21},"geometry":{"type":"Point","coordinates":[105.7923,10.0462]}},{"type":"Feature","properties":{"id":"1df0f633-9dba-4865-8206-f887ab766ac1","name":"Đồng Phục L&T","category":"fashion_and_apparel_store","ex":0.446,"ey":0.309,"change_score":0.27},"geometry":{"type":"Point","coordinates":[105.76585,10.02078]}},{"type":"Feature","properties":{"id":"2acf933d-7040-4684-9af6-c64e0b965088","name":"Trung Nguyên E-Coffee","category":"coffee_shop","ex":0.414,"ey":0.73,"change_score":0.75},"geometry":{"type":"Point","coordinates":[105.78678,10.0335]}},{"type":"Feature","properties":{"id":"9f391fa1-bf59-467c-b752-78433dfa2b0c","name":"Center coffee","category":"coffee_shop","ex":0.352,"ey":0.789,"change_score":0.29},"geometry":{"type":"Point","coordinates":[105.78401,10.0445]}},{"type":"Feature","properties":{"id":"accc6223-9667-41e3-a49f-efe07dcdc960","name":"Lò Thịt Bò Sìl Mỳ","category":"restaurant","ex":0.612,"ey":0.72,"change_score":0.76},"geometry":{"type":"Point","coordinates":[105.66344,10.10762]}},{"type":"Feature","properties":{"id":"ee0573a2-d874-45c4-b663-157376a9cf27","name":"Bonjour Cafe","category":"coffee_shop","ex":0.415,"ey":0.813,"change_score":0.93},"geometry":{"type":"Point","coordinates":[105.78801,10.03166]}},{"type":"Feature","properties":{"id":"94cfbaf9-cc41-43ad-b7cd-3705b5ea627c","name":"Bovis Homme","category":"fashion_and_apparel_store","ex":0.509,"ey":0.224,"change_score":0.68},"geometry":{"type":"Point","coordinates":[105.77282,10.05128]}},{"type":"Feature","properties":{"id":"e81f6f57-924c-4108-8ce1-88dc5e289e9f","name":"Yes Coffee and Tea","category":"coffee_shop","ex":0.437,"ey":0.821,"change_score":0.3},"geometry":{"type":"Point","coordinates":[105.77653,10.03013]}},{"type":"Feature","properties":{"id":"155cc0cb-d4a9-4dea-968a-d09c7efefe69","name":"Peony Hotel","category":"hotel","ex":0.671,"ey":0.373,"change_score":0.08},"geometry":{"type":"Point","coordinates":[105.78639,10.03076]}},{"type":"Feature","properties":{"id":"274c3566-70f8-4ce1-ba7a-ea7bd113d0d4","name":"Vũ Tattoo Cần Thơ","category":"personal_or_beauty_service","ex":0.283,"ey":0.481,"change_score":0.63},"geometry":{"type":"Point","coordinates":[105.78252,10.04545]}},{"type":"Feature","properties":{"id":"6dfe719e-e705-4bf7-a741-720e2c564ad2","name":"Phun xăm thẩm mỹ cần thơ Phổ Nguyễn","category":"personal_or_beauty_service","ex":0.195,"ey":0.439,"change_score":0.22},"geometry":{"type":"Point","coordinates":[105.77528,10.03109]}},{"type":"Feature","properties":{"id":"d6d41f08-a8ca-43f1-a0e2-b879b8f89e67","name":"Quán Người Yêu Cũ | Can Tho","category":"restaurant","ex":0.661,"ey":0.677,"change_score":0.82},"geometry":{"type":"Point","coordinates":[105.77351,10.02793]}},{"type":"Feature","properties":{"id":"268721af-cb5a-4722-9957-d3b685f5f121","name":"Cơ Sở Chuyên Gia Công Các Loại Bột Đắp Mặt Và Tắm Trắng Giá Rẻ Nguyễn Hồng","category":"personal_or_beauty_service","ex":0.173,"ey":0.547,"change_score":0.36},"geometry":{"type":"Point","coordinates":[105.77966,10.04398]}},{"type":"Feature","properties":{"id":"40c652d4-7625-4b10-b4f6-263a9e085726","name":"Traky Hair Salon","category":"personal_or_beauty_service","ex":0.269,"ey":0.444,"change_score":0.16},"geometry":{"type":"Point","coordinates":[105.77511,10.03406]}},{"type":"Feature","properties":{"id":"9a6eacf5-ec2b-4678-8e8c-3adc860e907f","name":"HOTEL Mekong 66","category":"hotel","ex":0.841,"ey":0.344,"change_score":0.55},"geometry":{"type":"Point","coordinates":[105.7642,10.02056]}},{"type":"Feature","properties":{"id":"f89fac39-d485-46cd-9c5f-90f550725ed8","name":"Bún Đậu Mắm Tôm Ngõ 86","category":"restaurant","ex":0.797,"ey":0.638,"change_score":0.07},"geometry":{"type":"Point","coordinates":[105.77288,10.02805]}},{"type":"Feature","properties":{"id":"2d7feb9a-2fae-4d83-924f-cc77e316da85","name":"Bánh Mì Hữu Hiệp","category":"restaurant","ex":0.762,"ey":0.682,"change_score":0.21},"geometry":{"type":"Point","coordinates":[105.77569,10.03525]}},{"type":"Feature","properties":{"id":"a5c1ae03-bd34-4817-aee2-d48b1a323d2f","name":"Cafe Ngân 470 Đường 30/4 Ninh Kiều Cần Thơ","category":"coffee_shop","ex":0.416,"ey":0.777,"change_score":0.01},"geometry":{"type":"Point","coordinates":[105.76701,10.01865]}},{"type":"Feature","properties":{"id":"bd0da3c8-8a59-4c68-bb4a-5a148c0d16ff","name":"Khôi Ngô Barber Shop","category":"personal_or_beauty_service","ex":0.061,"ey":0.541,"change_score":0.52},"geometry":{"type":"Point","coordinates":[105.66715,9.99657]}},{"type":"Feature","properties":{"id":"e479c9ca-6f64-4218-89a7-d7b88ef56c3e","name":"Tiệm cà phê Ông Quan","category":"coffee_shop","ex":0.515,"ey":0.792,"change_score":0.59},"geometry":{"type":"Point","coordinates":[105.75636,10.01058]}},{"type":"Feature","properties":{"id":"064cf08d-0f2f-43e4-9fa2-a613abf34a32","name":"Minh Minh Nam 2 Hotel","category":"hotel","ex":0.635,"ey":0.313,"change_score":0.83},"geometry":{"type":"Point","coordinates":[105.7883,10.00839]}},{"type":"Feature","properties":{"id":"7b13a43a-df68-49d3-aa07-35115a953b0f","name":"Cafe Emi","category":"coffee_shop","ex":0.504,"ey":0.838,"change_score":0.74},"geometry":{"type":"Point","coordinates":[105.78107,10.03542]}},{"type":"Feature","properties":{"id":"a5f0b4b7-3050-40f9-8e60-9c2fc96ae8d5","name":"Công Ty TNHH MTV Khách Sạn Kim Khánh","category":"hotel","ex":0.736,"ey":0.313,"change_score":0.55},"geometry":{"type":"Point","coordinates":[105.75792,10.02479]}},{"type":"Feature","properties":{"id":"08ae5dbf-9c04-4c6a-8542-b25e06ce058c","name":"Củ đi Lạc","category":"coffee_shop","ex":0.451,"ey":0.735,"change_score":0.7},"geometry":{"type":"Point","coordinates":[105.7703,10.00856]}},{"type":"Feature","properties":{"id":"884a7524-9d51-4f04-8c28-c7119fb4e5ab","name":"Thế Giới Kim Cương GO! Cần Thơ","category":"fashion_and_apparel_store","ex":0.358,"ey":0.191,"change_score":0.59},"geometry":{"type":"Point","coordinates":[105.78448,10.01396]}},{"type":"Feature","properties":{"id":"c6ef081a-f572-4a21-99ab-402e44bbbf78","name":"Chuyên sỉ & lẻ - Hồ Hoàng Phương","category":"fashion_and_apparel_store","ex":0.4,"ey":0.249,"change_score":0.22},"geometry":{"type":"Point","coordinates":[105.78232,10.04643]}},{"type":"Feature","properties":{"id":"ff267d67-6d32-4e74-9e1c-81ca0e05a5be","name":"Bún nước lèo Sóc Trăng, Phi Long","category":"restaurant","ex":0.756,"ey":0.617,"change_score":0.36},"geometry":{"type":"Point","coordinates":[105.78345,10.03342]}},{"type":"Feature","properties":{"id":"1bd1957b-b084-4f95-a107-e191bf40f6b3","name":"Bếp Chay An Nhiên","category":"restaurant","ex":0.679,"ey":0.507,"change_score":0.45},"geometry":{"type":"Point","coordinates":[105.76183,10.02577]}},{"type":"Feature","properties":{"id":"59272bef-761f-428c-bef0-f7fe89ce8285","name":"Honey Houses","category":"hotel","ex":0.659,"ey":0.372,"change_score":0.06},"geometry":{"type":"Point","coordinates":[105.74387,10.03971]}},{"type":"Feature","properties":{"id":"9a1de681-3398-446a-9da9-5816e9afaa42","name":"Nam Đô Hotel","category":"hotel","ex":0.805,"ey":0.382,"change_score":0.63},"geometry":{"type":"Point","coordinates":[105.78368,10.03212]}},{"type":"Feature","properties":{"id":"0031895d-d5cb-4aa5-828c-eea1be8e0bcb","name":"Bún Đậu Mắm Tôm Cô Hương","category":"restaurant","ex":0.797,"ey":0.808,"change_score":0.8},"geometry":{"type":"Point","coordinates":[105.76043,10.03866]}},{"type":"Feature","properties":{"id":"4998750c-98ce-4671-a4df-a81d8828420d","name":"King BBQ Vincom Xuân Khánh Cần Thơ","category":"restaurant","ex":0.74,"ey":0.695,"change_score":0.31},"geometry":{"type":"Point","coordinates":[105.77494,10.02476]}},{"type":"Feature","properties":{"id":"aa9e736b-0e68-412f-977d-e7430a528715","name":"Quang Trung Quán","category":"restaurant","ex":0.656,"ey":0.631,"change_score":0.92},"geometry":{"type":"Point","coordinates":[105.78133,10.02024]}},{"type":"Feature","properties":{"id":"fe8c13f5-8529-4bb8-8364-101256a07fc5","name":"Lẩu Cua Đồng KGV Hotpot","category":"restaurant","ex":0.775,"ey":0.603,"change_score":0.13},"geometry":{"type":"Point","coordinates":[105.76074,10.02644]}},{"type":"Feature","properties":{"id":"1e796b6a-ef30-48c8-8a1c-2c4fa068b0f8","name":"Quán 19","category":"restaurant","ex":0.74,"ey":0.626,"change_score":0.98},"geometry":{"type":"Point","coordinates":[105.75004,10.03801]}},{"type":"Feature","properties":{"id":"d7b991a1-8a12-45e2-a7af-b7a84edc9f46","name":"Chè Hẻm Cần Thơ","category":"restaurant","ex":0.824,"ey":0.701,"change_score":0.93},"geometry":{"type":"Point","coordinates":[105.77576,10.03162]}},{"type":"Feature","properties":{"id":"222471da-462f-442b-a1f4-dd2867810ddd","name":"Quán Ăn 69 Hẹn Lẩu Cá Mẻ","category":"restaurant","ex":0.709,"ey":0.625,"change_score":0.74},"geometry":{"type":"Point","coordinates":[105.78159,10.03589]}},{"type":"Feature","properties":{"id":"3798b637-3153-4011-ad17-798dd19d6356","name":"Tuyết Hân Makeup and Bridal","category":"personal_or_beauty_service","ex":0.308,"ey":0.579,"change_score":0.17},"geometry":{"type":"Point","coordinates":[105.78833,10.02376]}},{"type":"Feature","properties":{"id":"5a654fc3-7430-470b-bd7d-5020440420cd","name":"Tiệm Cat Toc Nam Tung Barber Shop","category":"personal_or_beauty_service","ex":0.282,"ey":0.454,"change_score":0.82},"geometry":{"type":"Point","coordinates":[105.7607,9.99736]}},{"type":"Feature","properties":{"id":"a83f2366-15fb-42dc-a804-6b27e1cb54a5","name":"Quyen's House","category":"hotel","ex":0.766,"ey":0.348,"change_score":0.9},"geometry":{"type":"Point","coordinates":[105.7809,10.0351]}},{"type":"Feature","properties":{"id":"d684a821-b4c1-4c8e-b813-e5eb9bf25526","name":"Hotel Mai Phương","category":"hotel","ex":0.708,"ey":0.347,"change_score":0.91},"geometry":{"type":"Point","coordinates":[105.75568,10.05065]}},{"type":"Feature","properties":{"id":"085b4012-338d-4c87-b5ce-e3594eec21cf","name":"Thanh Barbershop 2","category":"personal_or_beauty_service","ex":0.185,"ey":0.441,"change_score":0.49},"geometry":{"type":"Point","coordinates":[105.75539,10.02011]}},{"type":"Feature","properties":{"id":"843c4f9e-a3f2-449f-b33c-3be518c2c76a","name":"Nhà Hàng Sông Hậu","category":"restaurant","ex":0.69,"ey":0.81,"change_score":0.91},"geometry":{"type":"Point","coordinates":[105.79031,10.04418]}},{"type":"Feature","properties":{"id":"ad9e6dbc-764c-44cf-93d2-d8a681dc343d","name":"Max Hostel","category":"hotel","ex":0.782,"ey":0.242,"change_score":0.08},"geometry":{"type":"Point","coordinates":[105.79099,10.01002]}},{"type":"Feature","properties":{"id":"c24374bd-5dfc-4bec-897d-40040d20bd01","name":"Pom-Tattoo","category":"personal_or_beauty_service","ex":0.126,"ey":0.55,"change_score":0.5},"geometry":{"type":"Point","coordinates":[105.77414,10.0556]}},{"type":"Feature","properties":{"id":"e8862ebb-f4f1-46cc-893d-81a23ae54afa","name":"Aster Coffee","category":"coffee_shop","ex":0.443,"ey":0.804,"change_score":0.17},"geometry":{"type":"Point","coordinates":[105.79226,10.04628]}},{"type":"Feature","properties":{"id":"413ce55a-817b-46e2-b642-3fb6b40ce9ef","name":"Viện Thẩm Mỹ Dr.Thoàng","category":"personal_or_beauty_service","ex":0.202,"ey":0.503,"change_score":0.42},"geometry":{"type":"Point","coordinates":[105.77856,10.03613]}},{"type":"Feature","properties":{"id":"87fabbbe-971c-4a44-a2f9-36379f1784c0","name":"Hello Boba","category":"coffee_shop","ex":0.415,"ey":0.825,"change_score":0.73},"geometry":{"type":"Point","coordinates":[105.75491,10.04371]}},{"type":"Feature","properties":{"id":"bcf255f7-8989-4cc6-be19-eca442b54fc9","name":"Cà phê Thi Thơ","category":"coffee_shop","ex":0.339,"ey":0.788,"change_score":0.33},"geometry":{"type":"Point","coordinates":[105.76244,10.04515]}},{"type":"Feature","properties":{"id":"0428ec79-1c57-4ea6-95ac-e3a88b003a70","name":"Diamond Coffe","category":"coffee_shop","ex":0.463,"ey":0.793,"change_score":0.32},"geometry":{"type":"Point","coordinates":[105.76569,10.04447]}},{"type":"Feature","properties":{"id":"29ece3b9-753c-4ba4-8c9d-f3335f7d82ab","name":"Ari Coffee","category":"coffee_shop","ex":0.42,"ey":0.726,"change_score":0.96},"geometry":{"type":"Point","coordinates":[105.75968,9.99796]}},{"type":"Feature","properties":{"id":"e3f41971-d88a-4116-abee-eef54dca9d34","name":"Thị Kitchen","category":"restaurant","ex":0.722,"ey":0.587,"change_score":0.98},"geometry":{"type":"Point","coordinates":[105.78814,10.02465]}},{"type":"Feature","properties":{"id":"3417ffa7-8386-4841-9186-cf5c0046611c","name":"Tóc Sài Gòn Salon","category":"personal_or_beauty_service","ex":0.193,"ey":0.487,"change_score":0.64},"geometry":{"type":"Point","coordinates":[105.75921,10.1028]}},{"type":"Feature","properties":{"id":"f46008d6-7d04-41df-bacb-015190367db1","name":"Gà ác Dương Gia Quán","category":"restaurant","ex":0.614,"ey":0.652,"change_score":0.14},"geometry":{"type":"Point","coordinates":[105.78157,10.03596]}},{"type":"Feature","properties":{"id":"63c58b93-4a91-4cb4-86e1-5cd39b8e444f","name":"Karaoke KIỀU TÂY","category":"restaurant","ex":0.676,"ey":0.628,"change_score":0.4},"geometry":{"type":"Point","coordinates":[105.77366,10.03199]}},{"type":"Feature","properties":{"id":"6d306b27-ea8c-4af0-804c-629345bbf3dc","name":"Shop NgỌC PhÚ CẦN ThƠ","category":"fashion_and_apparel_store","ex":0.396,"ey":0.115,"change_score":0.69},"geometry":{"type":"Point","coordinates":[105.78623,10.02816]}},{"type":"Feature","properties":{"id":"e1a9ae2f-fdb9-4e3c-9f6d-5d68abc18e4e","name":"Bún mắm Tám Dự","category":"restaurant","ex":0.756,"ey":0.768,"change_score":0.35},"geometry":{"type":"Point","coordinates":[105.76553,10.02595]}},{"type":"Feature","properties":{"id":"559509f9-32d0-4ec4-b389-04d845636c8a","name":"Thẩm mỹ viện DÁNG VIỆT","category":"personal_or_beauty_service","ex":0.119,"ey":0.563,"change_score":0.78},"geometry":{"type":"Point","coordinates":[105.73715,10.01664]}},{"type":"Feature","properties":{"id":"8dd6a1a3-0562-4de9-a1f3-cacae2eb354c","name":"Tiệm Nhà Phin","category":"coffee_shop","ex":0.491,"ey":0.849,"change_score":0.47},"geometry":{"type":"Point","coordinates":[105.7769,10.04402]}},{"type":"Feature","properties":{"id":"a83aed05-1ef9-4f89-a8a0-abed6d51c0b3","name":"Anh Thu Hotel","category":"hotel","ex":0.765,"ey":0.289,"change_score":0.18},"geometry":{"type":"Point","coordinates":[105.7878,10.04859]}},{"type":"Feature","properties":{"id":"3cb4bc55-d432-405a-808e-5de1c9533cab","name":"An Yên Spa","category":"personal_or_beauty_service","ex":0.179,"ey":0.509,"change_score":0.32},"geometry":{"type":"Point","coordinates":[105.77888,10.03338]}},{"type":"Feature","properties":{"id":"721ed15d-22aa-4f13-849d-c6da3bebc5c8","name":"Shop Mẹ Voi quần áo trẻ em","category":"fashion_and_apparel_store","ex":0.34,"ey":0.224,"change_score":0.24},"geometry":{"type":"Point","coordinates":[105.78262,10.03482]}},{"type":"Feature","properties":{"id":"8e5a8278-2131-4ee4-82dc-b32543a9c6f5","name":"Hotel Lê My","category":"hotel","ex":0.737,"ey":0.199,"change_score":0.42},"geometry":{"type":"Point","coordinates":[105.77901,10.04618]}},{"type":"Feature","properties":{"id":"daed96bb-edb6-43e6-aaeb-f1be8846f25a","name":"Bún Cá Nha Trang (Trường Kỳ)","category":"restaurant","ex":0.644,"ey":0.634,"change_score":0.53},"geometry":{"type":"Point","coordinates":[105.75729,10.00144]}},{"type":"Feature","properties":{"id":"77bd8390-7531-46d2-9573-ab2f53e318ed","name":"Làng Hai San 2","category":"restaurant","ex":0.771,"ey":0.789,"change_score":0.12},"geometry":{"type":"Point","coordinates":[105.76284,10.0326]}},{"type":"Feature","properties":{"id":"aae54be6-6c3c-44ed-918c-197fda5eb26d","name":"Nguyễn Khôi  Salon 0932409688","category":"personal_or_beauty_service","ex":0.325,"ey":0.387,"change_score":0.81},"geometry":{"type":"Point","coordinates":[105.7576,10.03634]}},{"type":"Feature","properties":{"id":"e88e571c-204a-48ff-a245-681effd05151","name":"Khách Sạn Thanh Tùng","category":"hotel","ex":0.878,"ey":0.355,"change_score":0.97},"geometry":{"type":"Point","coordinates":[105.78427,10.0455]}},{"type":"Feature","properties":{"id":"26e31735-e443-4ddf-b228-8979d7b66fd6","name":"Giày J27","category":"fashion_and_apparel_store","ex":0.543,"ey":0.225,"change_score":0.53},"geometry":{"type":"Point","coordinates":[105.78691,10.03309]}},{"type":"Feature","properties":{"id":"8c53616f-cfa0-4990-8fd4-36db11ad7d1c","name":"DC Blouse","category":"fashion_and_apparel_store","ex":0.269,"ey":0.135,"change_score":0.39},"geometry":{"type":"Point","coordinates":[105.75282,10.02794]}},{"type":"Feature","properties":{"id":"ceb5b524-fe14-4b0d-8d12-949045d4cfbb","name":"Siêu Thị Mẹ & Bé Con Cung","category":"fashion_and_apparel_store","ex":0.485,"ey":0.198,"change_score":0.58},"geometry":{"type":"Point","coordinates":[105.76443,10.02124]}},{"type":"Feature","properties":{"id":"e5254c5c-49af-4c73-9492-20deacbb2619","name":"Songmoc","category":"coffee_shop","ex":0.388,"ey":0.766,"change_score":0.44},"geometry":{"type":"Point","coordinates":[105.77887,10.03623]}},{"type":"Feature","properties":{"id":"63e8273f-9548-4174-acfd-51c0e0d35f05","name":"Motel Quang Lài","category":"hotel","ex":0.838,"ey":0.151,"change_score":0.82},"geometry":{"type":"Point","coordinates":[105.80663,10.00718]}},{"type":"Feature","properties":{"id":"a89a36aa-451d-482e-a4ff-5e4466b21c16","name":"Studio Jiko Foto","category":"fashion_and_apparel_store","ex":0.302,"ey":0.283,"change_score":0.43},"geometry":{"type":"Point","coordinates":[105.78307,10.03936]}},{"type":"Feature","properties":{"id":"c1437a26-8193-4193-b7b6-12d73dd6bb8d","name":"Quang Tattoo 65-Cần Thơ","category":"personal_or_beauty_service","ex":0.124,"ey":0.518,"change_score":0.48},"geometry":{"type":"Point","coordinates":[105.75776,10.02074]}},{"type":"Feature","properties":{"id":"e2dfef3e-9c43-4356-bcc2-8d027dce2b67","name":"Khách Sạn Tây Hồ","category":"hotel","ex":0.635,"ey":0.315,"change_score":0.36},"geometry":{"type":"Point","coordinates":[105.78831,10.03399]}},{"type":"Feature","properties":{"id":"49acd643-60bc-414f-8dc7-d1ace148716f","name":"MinT Hair Studio","category":"personal_or_beauty_service","ex":0.257,"ey":0.453,"change_score":0.9},"geometry":{"type":"Point","coordinates":[105.78284,10.03955]}},{"type":"Feature","properties":{"id":"62dc1599-8476-4c81-8a68-f3a4e464147f","name":"Aluny - Boutique Stay","category":"hotel","ex":0.785,"ey":0.342,"change_score":0.57},"geometry":{"type":"Point","coordinates":[105.78714,10.02992]}},{"type":"Feature","properties":{"id":"bfce4d62-a32a-4928-a023-f332dfcdc280","name":"Bún Đậu Mắm Tôm Bà Ròm","category":"restaurant","ex":0.797,"ey":0.653,"change_score":0.76},"geometry":{"type":"Point","coordinates":[105.77476,10.02544]}},{"type":"Feature","properties":{"id":"5b10b48c-06f0-4a63-a77b-8ab12ae355cf","name":"SALON Toàn Hair","category":"personal_or_beauty_service","ex":0.268,"ey":0.535,"change_score":0.53},"geometry":{"type":"Point","coordinates":[105.76955,10.02091]}},{"type":"Feature","properties":{"id":"63ae73fa-4bb0-4015-9591-5bf4e7b190a4","name":"Tiệm Trà Dreamer's Land","category":"coffee_shop","ex":0.422,"ey":0.644,"change_score":0.31},"geometry":{"type":"Point","coordinates":[105.76051,10.02736]}},{"type":"Feature","properties":{"id":"871d0d1b-f43c-4fbf-819e-053c85ddd489","name":"Hair Salon Khả Tuấn","category":"personal_or_beauty_service","ex":0.21,"ey":0.55,"change_score":0.14},"geometry":{"type":"Point","coordinates":[105.77935,10.04333]}},{"type":"Feature","properties":{"id":"bc6ac7c0-66c3-4839-bbee-aff0b1f115d9","name":"Happy Garden CT","category":"fashion_and_apparel_store","ex":0.372,"ey":0.206,"change_score":0.32},"geometry":{"type":"Point","coordinates":[105.77467,10.03269]}},{"type":"Feature","properties":{"id":"3fd1b2a5-9cf6-4583-816e-8852f782e002","name":"Phố nướng Lâm Sơn","category":"restaurant","ex":0.773,"ey":0.578,"change_score":0.59},"geometry":{"type":"Point","coordinates":[105.78104,10.02114]}},{"type":"Feature","properties":{"id":"913d5515-d484-48bc-b730-02a5376b91e7","name":"Học Viện Tóc Quốc Tế \"HAIR STAR\" Cần Thơ","category":"personal_or_beauty_service","ex":0.293,"ey":0.503,"change_score":0.3},"geometry":{"type":"Point","coordinates":[105.77946,10.04382]}},{"type":"Feature","properties":{"id":"2c57b5ef-e42b-4064-9dfa-293e9c639feb","name":"Bún Bò 153","category":"restaurant","ex":0.702,"ey":0.62,"change_score":0.07},"geometry":{"type":"Point","coordinates":[105.78722,10.04652]}},{"type":"Feature","properties":{"id":"3b6e80f8-14f7-46e8-bc58-3dfa270bc4c3","name":"Cô 3 Còi","category":"restaurant","ex":0.751,"ey":0.675,"change_score":0.04},"geometry":{"type":"Point","coordinates":[105.77926,10.05739]}},{"type":"Feature","properties":{"id":"64560697-416f-4486-a6cd-855d67f970c8","name":"Gà Ác Tiềm Thuốc Bắc Đông","category":"restaurant","ex":0.78,"ey":0.678,"change_score":0.16},"geometry":{"type":"Point","coordinates":[105.78156,10.03428]}},{"type":"Feature","properties":{"id":"a6610cbe-272f-4d08-9cf0-82d433f39c19","name":"Vikey Hair Salon","category":"personal_or_beauty_service","ex":0.279,"ey":0.581,"change_score":0.54},"geometry":{"type":"Point","coordinates":[105.77713,10.03715]}},{"type":"Feature","properties":{"id":"049898f9-6a02-45e5-a900-4c45c2e48b7e","name":"Giay Sinh Vien Can Tho","category":"fashion_and_apparel_store","ex":0.383,"ey":0.162,"change_score":0.63},"geometry":{"type":"Point","coordinates":[105.76215,10.03642]}},{"type":"Feature","properties":{"id":"228bc585-1650-4434-a172-fc381851abb1","name":"Huyen Tran Hotel","category":"hotel","ex":0.769,"ey":0.255,"change_score":0.85},"geometry":{"type":"Point","coordinates":[105.77891,10.04556]}},{"type":"Feature","properties":{"id":"46f6d624-5979-4932-aeae-f46df7c3ad6d","name":"King BBQ","category":"restaurant","ex":0.593,"ey":0.546,"change_score":0.25},"geometry":{"type":"Point","coordinates":[105.76659,10.04243]}},{"type":"Feature","properties":{"id":"6d8ad893-d547-489a-969b-c7f3e9e086dc","name":"Cơm tấm sườn muối","category":"restaurant","ex":0.845,"ey":0.724,"change_score":0.02},"geometry":{"type":"Point","coordinates":[105.77946,10.04296]}},{"type":"Feature","properties":{"id":"d8db959b-bd0b-467b-be80-87440a753773","name":"T-Coffee","category":"coffee_shop","ex":0.444,"ey":0.677,"change_score":0.94},"geometry":{"type":"Point","coordinates":[105.8016,10.00907]}},{"type":"Feature","properties":{"id":"061dcb86-a204-49ad-a4d9-2b2f69a3d680","name":"Lime Orange Cần Thơ","category":"fashion_and_apparel_store","ex":0.418,"ey":0.076,"change_score":0.3},"geometry":{"type":"Point","coordinates":[105.77692,10.03045]}},{"type":"Feature","properties":{"id":"13becb39-596b-43a5-a39c-0930d35e5e6c","name":"VaHa Wedding","category":"fashion_and_apparel_store","ex":0.374,"ey":0.23,"change_score":0.61},"geometry":{"type":"Point","coordinates":[105.75558,10.02079]}},{"type":"Feature","properties":{"id":"3f8dca2c-9a0d-4afa-a181-3477a3bd891f","name":"Thẩm Mỹ Viện Bích Sơn","category":"personal_or_beauty_service","ex":0.126,"ey":0.585,"change_score":0.32},"geometry":{"type":"Point","coordinates":[105.77842,10.03584]}},{"type":"Feature","properties":{"id":"8eb06dc0-7dbc-4903-98f2-89c858c1f089","name":"The IRIS Signature Hotel and Spa","category":"hotel","ex":0.69,"ey":0.321,"change_score":0.36},"geometry":{"type":"Point","coordinates":[105.77612,10.02658]}},{"type":"Feature","properties":{"id":"d5abcbb0-ab4e-4622-88e5-498fcf4d9a20","name":"Nam Vuong Barbershop","category":"personal_or_beauty_service","ex":0.198,"ey":0.451,"change_score":0.43},"geometry":{"type":"Point","coordinates":[105.73339,9.9545]}},{"type":"Feature","properties":{"id":"1611a4ac-1395-44f4-9685-68ab7cb61d6a","name":"Lee and Tee","category":"fashion_and_apparel_store","ex":0.524,"ey":0.164,"change_score":0.37},"geometry":{"type":"Point","coordinates":[105.78787,10.03167]}},{"type":"Feature","properties":{"id":"64d43a86-0e17-4c77-b946-5a90cbf44f46","name":"Quỳnh Như Beauty & Academy","category":"personal_or_beauty_service","ex":0.192,"ey":0.443,"change_score":1},"geometry":{"type":"Point","coordinates":[105.77865,10.0422]}},{"type":"Feature","properties":{"id":"9fa5911b-95ba-439e-97e9-9079f676088d","name":"Khach San Hoang Hai Dang 1","category":"hotel","ex":0.721,"ey":0.33,"change_score":0.75},"geometry":{"type":"Point","coordinates":[105.78602,10.0312]}},{"type":"Feature","properties":{"id":"d18d5151-8864-46e4-9fb5-5343ba3f6849","name":"Vinfast Cần Thơ","category":"fashion_and_apparel_store","ex":0.463,"ey":0.095,"change_score":0.78},"geometry":{"type":"Point","coordinates":[105.77626,10.04904]}},{"type":"Feature","properties":{"id":"02202b75-0eb5-45ba-afa6-e2289e9ddba9","name":"Mì Cay Hải Thịnh","category":"coffee_shop","ex":0.372,"ey":0.765,"change_score":0.37},"geometry":{"type":"Point","coordinates":[105.76331,10.01361]}},{"type":"Feature","properties":{"id":"2b5bc988-a653-46f6-8ee1-945be5964212","name":"BẰNg HỮU QuÁN","category":"restaurant","ex":0.84,"ey":0.783,"change_score":0.35},"geometry":{"type":"Point","coordinates":[105.74252,10.08024]}},{"type":"Feature","properties":{"id":"7e9768b9-a26a-41f7-bebe-c5705c386a85","name":"Khương Á Âu Hair Salon","category":"personal_or_beauty_service","ex":0.282,"ey":0.528,"change_score":0.84},"geometry":{"type":"Point","coordinates":[105.70543,10.10064]}},{"type":"Feature","properties":{"id":"dab3e031-f192-4488-907a-a5df83d29e2b","name":"Thẩm Mỹ Nội Khoa Dr Ngân Đoàn","category":"personal_or_beauty_service","ex":0.212,"ey":0.469,"change_score":0.05},"geometry":{"type":"Point","coordinates":[105.82321,10.0686]}},{"type":"Feature","properties":{"id":"1818b974-d0db-4ac3-a160-5fb74845188a","name":"Nhà hàng Hồ Sen","category":"coffee_shop","ex":0.485,"ey":0.671,"change_score":0.02},"geometry":{"type":"Point","coordinates":[105.78899,10.03792]}},{"type":"Feature","properties":{"id":"3959d4a9-113a-4d83-887a-7b5c56faaae7","name":"Phở & Beefsteak Chung Cư Cadif","category":"restaurant","ex":0.852,"ey":0.678,"change_score":0.18},"geometry":{"type":"Point","coordinates":[105.7868,10.01997]}},{"type":"Feature","properties":{"id":"61278c15-4b39-4bb8-aa5e-20684b2b79a2","name":"Suri Beauty and Spa","category":"personal_or_beauty_service","ex":0.211,"ey":0.466,"change_score":0.8},"geometry":{"type":"Point","coordinates":[105.77149,10.02447]}},{"type":"Feature","properties":{"id":"765d9707-f95e-4d0c-bb8a-21afac325156","name":"Dưỡng sinh Thiên Bách Thảo Cần Thơ","category":"restaurant","ex":0.712,"ey":0.625,"change_score":0.57},"geometry":{"type":"Point","coordinates":[105.74904,10.02301]}},{"type":"Feature","properties":{"id":"e1ae6c6f-fdc8-4430-9506-74e6b9dd97fa","name":"Ben Barber","category":"personal_or_beauty_service","ex":0.143,"ey":0.515,"change_score":0.6},"geometry":{"type":"Point","coordinates":[105.77575,10.03577]}},{"type":"Feature","properties":{"id":"7c3ae267-cb3a-4405-8aa3-c6b7e6f47a2b","name":"Thẩm Mỹ Ánh Ngọc","category":"personal_or_beauty_service","ex":0.229,"ey":0.386,"change_score":0.95},"geometry":{"type":"Point","coordinates":[105.77766,10.03623]}},{"type":"Feature","properties":{"id":"f70a2548-38b5-456f-82ca-1f3d51a109f2","name":"Cafe Đêm A Minh","category":"coffee_shop","ex":0.348,"ey":0.802,"change_score":0.79},"geometry":{"type":"Point","coordinates":[105.75793,10.01029]}},{"type":"Feature","properties":{"id":"29597823-a0c5-484d-b3db-cfdf2f088fe4","name":"Madella Hotel","category":"hotel","ex":0.809,"ey":0.239,"change_score":0.07},"geometry":{"type":"Point","coordinates":[105.78663,10.03452]}},{"type":"Feature","properties":{"id":"412108d7-2d45-44a7-b479-398109f8b251","name":"Hải Tattoo Tây Đô","category":"personal_or_beauty_service","ex":0.168,"ey":0.495,"change_score":0.3},"geometry":{"type":"Point","coordinates":[105.7451,10.03544]}},{"type":"Feature","properties":{"id":"f035b792-e3d6-416c-a19a-c4173fd5955b","name":"Làm Đẹp Cần Thơ","category":"personal_or_beauty_service","ex":0.253,"ey":0.538,"change_score":0.66},"geometry":{"type":"Point","coordinates":[105.78779,10.04674]}},{"type":"Feature","properties":{"id":"2bf345be-d88c-4e1e-8c9e-45d1e50ab674","name":"Cà phê Đỉnh","category":"coffee_shop","ex":0.509,"ey":0.728,"change_score":0.63},"geometry":{"type":"Point","coordinates":[105.76481,10.04928]}},{"type":"Feature","properties":{"id":"7f746ade-037c-4f59-ac4e-8cd8e39df5a0","name":"An NgỌC Hotel","category":"hotel","ex":0.803,"ey":0.251,"change_score":0.24},"geometry":{"type":"Point","coordinates":[105.78342,10.04623]}},{"type":"Feature","properties":{"id":"9269b30c-80d6-4a3c-ba99-e3c7b01d4f62","name":"Untitled Tea & Coffee","category":"coffee_shop","ex":0.534,"ey":0.782,"change_score":0.61},"geometry":{"type":"Point","coordinates":[105.75867,10.03694]}},{"type":"Feature","properties":{"id":"dd5bc647-049d-4ae9-8acc-58cfd2227a92","name":"Trung Tam Day Nghe Tham My Sai Gon","category":"personal_or_beauty_service","ex":0.248,"ey":0.576,"change_score":0.24},"geometry":{"type":"Point","coordinates":[105.77149,10.05334]}},{"type":"Feature","properties":{"id":"1211a34d-d780-4261-ad4b-0ac982fc04bc","name":"Green Coffee","category":"coffee_shop","ex":0.355,"ey":0.831,"change_score":0.08},"geometry":{"type":"Point","coordinates":[105.78588,10.04584]}},{"type":"Feature","properties":{"id":"a792265f-1c39-4ba5-ab09-e751dd505c33","name":"Nhà Hàng Sáu Đời 5 Cầu Hưng Lợi","category":"restaurant","ex":0.854,"ey":0.707,"change_score":0.29},"geometry":{"type":"Point","coordinates":[105.77014,10.01922]}},{"type":"Feature","properties":{"id":"19ed2e4e-0df4-4658-bb4e-eaad2d9614c1","name":"ThẨM MỸ Smova","category":"personal_or_beauty_service","ex":0.35,"ey":0.487,"change_score":0.2},"geometry":{"type":"Point","coordinates":[105.78292,10.03946]}},{"type":"Feature","properties":{"id":"54c46872-4f65-4c0e-83b7-1664bf514350","name":"Cafe Đại Cát","category":"coffee_shop","ex":0.415,"ey":0.822,"change_score":0.71},"geometry":{"type":"Point","coordinates":[105.78702,10.01031]}},{"type":"Feature","properties":{"id":"77dc289c-5786-49e5-ac9d-0208db37e539","name":"Trung Nguyên E-Coffee","category":"coffee_shop","ex":0.455,"ey":0.795,"change_score":0.43},"geometry":{"type":"Point","coordinates":[105.75119,9.99926]}},{"type":"Feature","properties":{"id":"88e34cfe-a6a0-49bd-b13d-58fbd6d7b33a","name":"Ốc Hạt Dẻ Cần Thơ","category":"restaurant","ex":0.659,"ey":0.755,"change_score":0.8},"geometry":{"type":"Point","coordinates":[105.78273,10.03974]}},{"type":"Feature","properties":{"id":"ecb7c965-e9bf-4d25-a6b3-a5990b8a0603","name":"Quán trà Greenday","category":"coffee_shop","ex":0.409,"ey":0.837,"change_score":0.86},"geometry":{"type":"Point","coordinates":[105.77235,10.02848]}},{"type":"Feature","properties":{"id":"fb83ed34-dd57-4a26-a724-96719ece3a30","name":"Viện Tóc Nguyễn Luân","category":"personal_or_beauty_service","ex":0.29,"ey":0.625,"change_score":0.29},"geometry":{"type":"Point","coordinates":[105.77806,10.02812]}},{"type":"Feature","properties":{"id":"5deb336a-8b9f-4ae3-b32a-76f7337110b5","name":"Nhà Hàng Hàn Quốc TRI KỶ","category":"restaurant","ex":0.72,"ey":0.612,"change_score":0.89},"geometry":{"type":"Point","coordinates":[105.78986,10.04479]}},{"type":"Feature","properties":{"id":"70c092a4-97cc-42a2-8c30-e8b6a77ee580","name":"Huy Thanh Jewelry","category":"fashion_and_apparel_store","ex":0.422,"ey":0.218,"change_score":0.57},"geometry":{"type":"Point","coordinates":[105.7754,10.02548]}},{"type":"Feature","properties":{"id":"9b8fccb6-3079-4736-a67c-7e4851f2999c","name":"IU Nails","category":"personal_or_beauty_service","ex":0.217,"ey":0.517,"change_score":0.32},"geometry":{"type":"Point","coordinates":[105.77866,10.03116]}},{"type":"Feature","properties":{"id":"ed76a6f6-69fa-4a8e-8b6e-dac6a5f1b7a8","name":"Đi Cà Phê","category":"coffee_shop","ex":0.395,"ey":0.826,"change_score":0.5},"geometry":{"type":"Point","coordinates":[105.7437,10.03786]}},{"type":"Feature","properties":{"id":"0846917a-b65a-4a77-a65a-16b81015daba","name":"Thẩm Mỹ Viện Quốc Tế Bắc Mỹ","category":"personal_or_beauty_service","ex":0.2,"ey":0.554,"change_score":0.48},"geometry":{"type":"Point","coordinates":[105.77813,10.04286]}},{"type":"Feature","properties":{"id":"774cd8f6-b814-4048-ac0c-af5ab59cedfb","name":"Mắt Kính HOÀNG HÀ","category":"fashion_and_apparel_store","ex":0.416,"ey":0.194,"change_score":0.05},"geometry":{"type":"Point","coordinates":[105.76894,10.01984]}},{"type":"Feature","properties":{"id":"dc5b4ee9-e13a-4cbd-afe9-f829bd1ab4f2","name":"Sơn barber shop","category":"personal_or_beauty_service","ex":0.264,"ey":0.386,"change_score":0.65},"geometry":{"type":"Point","coordinates":[105.75974,10.01188]}},{"type":"Feature","properties":{"id":"1691e5bf-a023-4ec1-a28b-e292bf9955ed","name":"Hồ bơi & Cafe Cẩm Tú","category":"coffee_shop","ex":0.303,"ey":0.755,"change_score":0.85},"geometry":{"type":"Point","coordinates":[105.62389,10.10961]}},{"type":"Feature","properties":{"id":"60bc5e85-5eae-4da8-a46b-0fcd0adb38f1","name":"LaHoa Cần Thơ","category":"fashion_and_apparel_store","ex":0.419,"ey":0.127,"change_score":0.92},"geometry":{"type":"Point","coordinates":[105.77718,10.03679]}},{"type":"Feature","properties":{"id":"a9495e68-c565-497d-a70a-ae40ae7080d1","name":"Trang Nail","category":"personal_or_beauty_service","ex":0.128,"ey":0.402,"change_score":0.97},"geometry":{"type":"Point","coordinates":[105.75192,10.07019]}},{"type":"Feature","properties":{"id":"c93fc3a2-735b-4489-aefc-789a333ff787","name":"Gạo Gội Đầu Dưỡng Sinh","category":"personal_or_beauty_service","ex":0.135,"ey":0.608,"change_score":0.29},"geometry":{"type":"Point","coordinates":[105.76288,10.0235]}},{"type":"Feature","properties":{"id":"7e4a9eb4-2a45-45f1-a747-f9247513b1ce","name":"Cà Phê Viva","category":"coffee_shop","ex":0.412,"ey":0.767,"change_score":0.61},"geometry":{"type":"Point","coordinates":[105.81368,10.06858]}},{"type":"Feature","properties":{"id":"99fdb2a3-9d85-443a-9584-3d9a6f4f686f","name":"Miền Tây Xưa","category":"coffee_shop","ex":0.487,"ey":0.897,"change_score":0.63},"geometry":{"type":"Point","coordinates":[105.77767,10.04795]}},{"type":"Feature","properties":{"id":"ae52c80d-8aac-4981-95af-c5a7161b86a9","name":"Thời Trang Vietinmex","category":"fashion_and_apparel_store","ex":0.395,"ey":0.284,"change_score":0.85},"geometry":{"type":"Point","coordinates":[105.77611,10.02853]}},{"type":"Feature","properties":{"id":"0505dc8c-5907-41af-b02d-c2c3682db13f","name":"Phin Coffee","category":"coffee_shop","ex":0.375,"ey":0.838,"change_score":0.44},"geometry":{"type":"Point","coordinates":[105.77984,10.03629]}},{"type":"Feature","properties":{"id":"4f6ea171-db3d-4b7f-b7e2-ed69c4b6703d","name":"Thỏ Tuyết","category":"restaurant","ex":0.752,"ey":0.589,"change_score":0.57},"geometry":{"type":"Point","coordinates":[105.77209,10.03746]}},{"type":"Feature","properties":{"id":"a8ee28ba-089d-45eb-a02b-a112df993028","name":"Lẩu Trâu Hai Hiệp 2","category":"restaurant","ex":0.692,"ey":0.621,"change_score":0.7},"geometry":{"type":"Point","coordinates":[105.76088,10.0478]}},{"type":"Feature","properties":{"id":"c1ef0b9e-ba80-446a-b44b-6b50f9f050fc","name":"Quán Cà Phê Nhà Trong Ngõ","category":"coffee_shop","ex":0.353,"ey":0.81,"change_score":0.9},"geometry":{"type":"Point","coordinates":[105.77305,10.03301]}},{"type":"Feature","properties":{"id":"14ba4d51-e7c2-4e18-8abf-b384ddf78cb2","name":"Ninh Kieu 2 Hotel","category":"hotel","ex":0.849,"ey":0.262,"change_score":0.09},"geometry":{"type":"Point","coordinates":[105.78445,10.03389]}},{"type":"Feature","properties":{"id":"842bab43-2371-4dd9-a3c0-25d1f1a04ded","name":"Salon Cao TrÍ 0919676267","category":"personal_or_beauty_service","ex":0.229,"ey":0.447,"change_score":0.12},"geometry":{"type":"Point","coordinates":[105.77563,10.03606]}},{"type":"Feature","properties":{"id":"c97b49a9-9820-4190-925c-4ab28adf467b","name":"Cà Phê Xe Lam","category":"coffee_shop","ex":0.486,"ey":0.796,"change_score":0.67},"geometry":{"type":"Point","coordinates":[105.77925,10.04422]}},{"type":"Feature","properties":{"id":"339d9883-b599-41c2-bad1-62b8b1468377","name":"Elise Nguyễn Trãi Cần Thơ","category":"fashion_and_apparel_store","ex":0.481,"ey":0.291,"change_score":0.36},"geometry":{"type":"Point","coordinates":[105.78261,10.0426]}},{"type":"Feature","properties":{"id":"7970ab7e-2f90-46cd-95d2-45349a7b70bf","name":"Nhà Hàng Hải Sản Biển Đông 2","category":"restaurant","ex":0.772,"ey":0.607,"change_score":0.74},"geometry":{"type":"Point","coordinates":[105.76445,10.01645]}},{"type":"Feature","properties":{"id":"ece1599d-681f-4c67-b25f-cbc520a9e698","name":"Lona Coffee House","category":"coffee_shop","ex":0.372,"ey":0.828,"change_score":0.66},"geometry":{"type":"Point","coordinates":[105.79225,10.04641]}},{"type":"Feature","properties":{"id":"fdf617f8-b1ce-4218-8398-d56fcef5e769","name":"Vascara","category":"fashion_and_apparel_store","ex":0.385,"ey":0.207,"change_score":0.32},"geometry":{"type":"Point","coordinates":[105.78465,10.04098]}},{"type":"Feature","properties":{"id":"2514b73e-beef-4cc6-b166-86e8f0412f7b","name":"2T Barber Shop","category":"personal_or_beauty_service","ex":0.227,"ey":0.421,"change_score":0.22},"geometry":{"type":"Point","coordinates":[105.75948,9.98951]}},{"type":"Feature","properties":{"id":"5e42f0ab-4826-4abe-bab9-ceef8b028ee0","name":"Khách Sạn Trung Tín","category":"hotel","ex":0.712,"ey":0.185,"change_score":0.02},"geometry":{"type":"Point","coordinates":[105.78672,10.03262]}},{"type":"Feature","properties":{"id":"7d5d950f-b11a-4ec3-b2c9-41ed7c6f750a","name":"Kathy Quán","category":"coffee_shop","ex":0.53,"ey":0.722,"change_score":0.31},"geometry":{"type":"Point","coordinates":[105.75263,10.0058]}},{"type":"Feature","properties":{"id":"a9cfd937-bddf-4821-8067-01632171c270","name":"Shop Tuyền","category":"fashion_and_apparel_store","ex":0.407,"ey":0.19,"change_score":0.34},"geometry":{"type":"Point","coordinates":[105.77476,10.03293]}},{"type":"Feature","properties":{"id":"faca436b-dbf0-47a2-960d-c52676e36b50","name":"Spa Nail Mi H&Q","category":"personal_or_beauty_service","ex":0.167,"ey":0.457,"change_score":0.03},"geometry":{"type":"Point","coordinates":[105.75317,10.03999]}},{"type":"Feature","properties":{"id":"2963d46f-d680-4625-9fc4-8f946e080701","name":"Kushin BarberShop","category":"personal_or_beauty_service","ex":0.304,"ey":0.491,"change_score":0.91},"geometry":{"type":"Point","coordinates":[105.76252,10.03284]}},{"type":"Feature","properties":{"id":"7735f0a3-c9fc-475d-aed6-129f5aa75234","name":"Gold Coffee Ho Bun Xang Can Tho","category":"coffee_shop","ex":0.472,"ey":0.724,"change_score":0.76},"geometry":{"type":"Point","coordinates":[105.76215,10.0311]}},{"type":"Feature","properties":{"id":"9642c624-e8ac-400c-8899-17126b71a016","name":"FM Style Cần Thơ","category":"fashion_and_apparel_store","ex":0.331,"ey":0.16,"change_score":0.4},"geometry":{"type":"Point","coordinates":[105.76624,10.02343]}},{"type":"Feature","properties":{"id":"d9527dd1-5d7d-477c-95bd-facf80a3bc86","name":"Đăng Cua Hải Sản","category":"restaurant","ex":0.707,"ey":0.776,"change_score":0.8},"geometry":{"type":"Point","coordinates":[105.7868,10.00961]}},{"type":"Feature","properties":{"id":"375ed761-4e67-4921-b8f5-e397486131c9","name":"Bún đậu mắm tôm Phố Đậu","category":"restaurant","ex":0.652,"ey":0.652,"change_score":0.41},"geometry":{"type":"Point","coordinates":[105.76237,10.04102]}},{"type":"Feature","properties":{"id":"d85f2cb9-0d55-4eb1-b2e8-53abe3a5999a","name":"Quán Ăn 134 Phan Đình Phùng","category":"restaurant","ex":0.73,"ey":0.635,"change_score":0.99},"geometry":{"type":"Point","coordinates":[105.78626,10.02909]}},{"type":"Feature","properties":{"id":"e5a4657a-be2e-4424-bb37-2bc4b047f80e","name":"Khách sạn Thiên Lý","category":"hotel","ex":0.745,"ey":0.415,"change_score":0.37},"geometry":{"type":"Point","coordinates":[105.78335,10.04819]}},{"type":"Feature","properties":{"id":"0cc525b5-4e55-4903-b68c-384f012db2a8","name":"MinMin Dimsum","category":"restaurant","ex":0.872,"ey":0.798,"change_score":0.98},"geometry":{"type":"Point","coordinates":[105.77367,10.02812]}},{"type":"Feature","properties":{"id":"3702d532-93fd-497d-9e84-41cc12ec86a4","name":"Dỏ Luxury","category":"fashion_and_apparel_store","ex":0.376,"ey":0.23,"change_score":0.29},"geometry":{"type":"Point","coordinates":[105.78159,10.04364]}},{"type":"Feature","properties":{"id":"961d6864-bc0c-4836-9c35-22b1f04096aa","name":"Trang Beauty Center","category":"personal_or_beauty_service","ex":0.228,"ey":0.452,"change_score":0.75},"geometry":{"type":"Point","coordinates":[105.77785,10.03068]}},{"type":"Feature","properties":{"id":"b7f75bcd-0618-4312-ac92-84d3d1fcecae","name":"Phương Cắt Tóc","category":"personal_or_beauty_service","ex":0.234,"ey":0.54,"change_score":0.73},"geometry":{"type":"Point","coordinates":[105.75923,10.04762]}},{"type":"Feature","properties":{"id":"1b68e0df-b02f-437b-b87f-f19f5288b700","name":"Bún cá lóc đồng Phụng Hiệp","category":"restaurant","ex":0.77,"ey":0.804,"change_score":0.48},"geometry":{"type":"Point","coordinates":[105.77299,10.04241]}},{"type":"Feature","properties":{"id":"150fbd6d-9786-4a6d-9fb9-31cfc30bee17","name":"Lion 11 Hotel","category":"hotel","ex":0.742,"ey":0.333,"change_score":0.57},"geometry":{"type":"Point","coordinates":[105.78641,10.03086]}},{"type":"Feature","properties":{"id":"4ea10b22-6623-42bc-8110-487178c017db","name":"Midori OnceforAll","category":"coffee_shop","ex":0.342,"ey":0.813,"change_score":0.77},"geometry":{"type":"Point","coordinates":[105.75291,10.03125]}},{"type":"Feature","properties":{"id":"72d48987-4df6-40b7-b64c-924cb0f06e8c","name":"PhỞ ThÌN Thi Mai","category":"restaurant","ex":0.782,"ey":0.639,"change_score":0.19},"geometry":{"type":"Point","coordinates":[105.78693,10.03286]}},{"type":"Feature","properties":{"id":"b7f51b96-6337-4c5e-9df7-53e5186aa5d6","name":"Tiệm Cà Phê Cô Liễu","category":"coffee_shop","ex":0.476,"ey":0.903,"change_score":0.51},"geometry":{"type":"Point","coordinates":[105.78298,10.04186]}},{"type":"Feature","properties":{"id":"01952795-2570-46f5-8207-da5bb9abd87f","name":"Hiếu BarBer Shop 7","category":"personal_or_beauty_service","ex":0.284,"ey":0.483,"change_score":0.83},"geometry":{"type":"Point","coordinates":[105.75741,10.00103]}},{"type":"Feature","properties":{"id":"4e0069d8-660e-4f72-99b6-a459204aaf60","name":"Shop Hải Sản Tươi Sống Cà Mau-DŨNG NĂM CĂN","category":"restaurant","ex":0.8,"ey":0.669,"change_score":0.12},"geometry":{"type":"Point","coordinates":[105.75245,10.03082]}},{"type":"Feature","properties":{"id":"9029557a-f365-4f56-bf53-48a29fb7993c","name":"Tôm Hùm Hè Phố.","category":"restaurant","ex":0.654,"ey":0.693,"change_score":0.96},"geometry":{"type":"Point","coordinates":[105.77322,10.03508]}},{"type":"Feature","properties":{"id":"efbfc687-df06-4f93-a5f0-8d001b991761","name":"Côti Ơi Cafe | Can Tho","category":"coffee_shop","ex":0.425,"ey":0.765,"change_score":0.77},"geometry":{"type":"Point","coordinates":[105.77972,10.0351]}},{"type":"Feature","properties":{"id":"22096fca-5a29-45c3-88c8-19a6149b7ea5","name":"SPA Ny Beauty","category":"personal_or_beauty_service","ex":0.274,"ey":0.41,"change_score":0.37},"geometry":{"type":"Point","coordinates":[105.78235,10.04596]}},{"type":"Feature","properties":{"id":"9261b26f-eaf9-4f1b-909e-45055be09bd7","name":"Lộc Phát Coffee","category":"coffee_shop","ex":0.498,"ey":0.833,"change_score":0.38},"geometry":{"type":"Point","coordinates":[105.8119,10.06878]}},{"type":"Feature","properties":{"id":"ce1f9e09-b478-4148-8603-bc77ea0c6e78","name":"Pengin Coffee - Cần Thơ","category":"coffee_shop","ex":0.504,"ey":0.748,"change_score":0.74},"geometry":{"type":"Point","coordinates":[105.78132,10.03487]}},{"type":"Feature","properties":{"id":"3ab48632-b6ab-4925-a03c-4ce1143dcd6e","name":"ĐÀO TiÊN QuÁN","category":"restaurant","ex":0.729,"ey":0.714,"change_score":0.34},"geometry":{"type":"Point","coordinates":[105.78323,10.01555]}},{"type":"Feature","properties":{"id":"5e1d4375-b3bf-4f9e-bbab-b7b4a8293aa2","name":"Uyên Nhi Coffee & Tea | Can Tho","category":"coffee_shop","ex":0.499,"ey":0.82,"change_score":0.3},"geometry":{"type":"Point","coordinates":[105.76146,10.01378]}},{"type":"Feature","properties":{"id":"a5ba28a3-26a6-4773-8bd1-d10ad284ea21","name":"Museum Coffee 2","category":"coffee_shop","ex":0.418,"ey":0.777,"change_score":0.51},"geometry":{"type":"Point","coordinates":[105.78529,10.03531]}},{"type":"Feature","properties":{"id":"ddac947f-f932-4c07-815b-2263bbb767a2","name":"Phun Môi đẹp Cần Thơ","category":"personal_or_beauty_service","ex":0.144,"ey":0.565,"change_score":0.6},"geometry":{"type":"Point","coordinates":[105.7787,10.04408]}},{"type":"Feature","properties":{"id":"f8b99da7-c432-4848-8806-38b22fe868cf","name":"PHU HAO Barber Shop","category":"personal_or_beauty_service","ex":0.253,"ey":0.558,"change_score":0.6},"geometry":{"type":"Point","coordinates":[105.77429,10.02566]}},{"type":"Feature","properties":{"id":"2edef9de-6d6b-4a45-ad00-934db70125dc","name":"Bún Cá Hưng Phú Lộc","category":"coffee_shop","ex":0.344,"ey":0.829,"change_score":0.17},"geometry":{"type":"Point","coordinates":[105.78551,10.04359]}},{"type":"Feature","properties":{"id":"6214663b-d2f7-487e-bb73-541768ee376c","name":"Salon Hair Huỳnh Cường","category":"personal_or_beauty_service","ex":0.092,"ey":0.521,"change_score":0.62},"geometry":{"type":"Point","coordinates":[105.76082,10.01663]}},{"type":"Feature","properties":{"id":"6de9147e-3695-445e-b344-3bec6791fdf9","name":"Hải Sản Định Cua","category":"restaurant","ex":0.71,"ey":0.581,"change_score":0.36},"geometry":{"type":"Point","coordinates":[105.77578,10.03372]}},{"type":"Feature","properties":{"id":"d2b30767-9e7b-4559-a518-b96beb56d593","name":"0304 Cafe","category":"coffee_shop","ex":0.411,"ey":0.925,"change_score":0.64},"geometry":{"type":"Point","coordinates":[105.71017,10.10044]}},{"type":"Feature","properties":{"id":"027764c5-40b9-4856-a925-d06468af2692","name":"Coffee - Đại lý Bia LUX65 GOBE","category":"restaurant","ex":0.751,"ey":0.632,"change_score":0.73},"geometry":{"type":"Point","coordinates":[105.74132,10.01995]}},{"type":"Feature","properties":{"id":"3a931566-dbc2-469d-a335-5c4d427dcdad","name":"Bánh canh cua THỐ","category":"restaurant","ex":0.804,"ey":0.727,"change_score":0.8},"geometry":{"type":"Point","coordinates":[105.78751,10.03176]}},{"type":"Feature","properties":{"id":"a1e9c291-27e2-4d49-a5e9-44a8ba616964","name":"TiỆM CÀ PhÊ BÈO","category":"coffee_shop","ex":0.423,"ey":0.745,"change_score":0.94},"geometry":{"type":"Point","coordinates":[105.74874,10.02643]}},{"type":"Feature","properties":{"id":"f139e466-6c1b-4ec5-9a33-58e41ebb9ac2","name":"ToTo Coffee","category":"coffee_shop","ex":0.501,"ey":0.718,"change_score":0.85},"geometry":{"type":"Point","coordinates":[105.76441,10.04313]}},{"type":"Feature","properties":{"id":"27eb6962-83c7-4404-a2f2-98681a80710d","name":"Nàng Bốn Áo Dài","category":"fashion_and_apparel_store","ex":0.393,"ey":0.135,"change_score":0.92},"geometry":{"type":"Point","coordinates":[105.77409,10.03098]}},{"type":"Feature","properties":{"id":"4a5d8132-35a4-475d-a83d-2be99c2723c3","name":"Nhà Hàng C Bbq","category":"restaurant","ex":0.765,"ey":0.596,"change_score":0.23},"geometry":{"type":"Point","coordinates":[105.78039,10.03197]}},{"type":"Feature","properties":{"id":"939eda54-0cc7-4c8a-b45f-dde9e27d3c62","name":"Cà Phê Vũ","category":"coffee_shop","ex":0.335,"ey":0.877,"change_score":0.98},"geometry":{"type":"Point","coordinates":[105.62141,10.11415]}},{"type":"Feature","properties":{"id":"3eb75845-c769-4697-afe5-70af2a9acd95","name":"Highlands Coffee","category":"coffee_shop","ex":0.483,"ey":0.752,"change_score":0.64},"geometry":{"type":"Point","coordinates":[105.76642,10.04269]}},{"type":"Feature","properties":{"id":"9add511d-b344-4476-8d10-62c1d18c735c","name":"Hair Salon Thoa Phạm","category":"personal_or_beauty_service","ex":0.183,"ey":0.489,"change_score":0.24},"geometry":{"type":"Point","coordinates":[105.76455,10.01797]}},{"type":"Feature","properties":{"id":"3e6d42ff-0e03-4458-ac77-97ac660d27c5","name":"𝗛𝗜𝗖𝗛𝗘𝗡 𝗪𝗘𝗗𝗗𝗜𝗡𝗚","category":"fashion_and_apparel_store","ex":0.31,"ey":0.232,"change_score":0.79},"geometry":{"type":"Point","coordinates":[105.62051,10.11095]}},{"type":"Feature","properties":{"id":"ccc3bb27-0c0e-4a00-b091-17dd4601a193","name":"Phúc Long Coffee & Tea","category":"coffee_shop","ex":0.288,"ey":0.807,"change_score":0.56},"geometry":{"type":"Point","coordinates":[105.7858,10.03463]}},{"type":"Feature","properties":{"id":"0c8661a3-1a24-400b-9940-6aab4b4c3330","name":"Cơm Tấm Cây Sung","category":"restaurant","ex":0.733,"ey":0.67,"change_score":0.21},"geometry":{"type":"Point","coordinates":[105.78635,10.02956]}},{"type":"Feature","properties":{"id":"efadf49b-9d0a-4115-a42a-314e53641cf7","name":"Quán Cơm Tấm Đông Hồ","category":"restaurant","ex":0.639,"ey":0.682,"change_score":0.89},"geometry":{"type":"Point","coordinates":[105.7621,10.01393]}},{"type":"Feature","properties":{"id":"6b30e4c3-04a2-4690-bdb3-00d3f403a9e5","name":"Cali Hotel","category":"hotel","ex":0.798,"ey":0.425,"change_score":0.23},"geometry":{"type":"Point","coordinates":[105.78706,10.04455]}},{"type":"Feature","properties":{"id":"f01a9893-d6ec-4ee1-add2-038a90004116","name":"Ky Anh Boutique","category":"fashion_and_apparel_store","ex":0.361,"ey":0.198,"change_score":0.65},"geometry":{"type":"Point","coordinates":[105.77849,10.035]}},{"type":"Feature","properties":{"id":"7b9f90e4-f058-435a-b4fa-8efab33d0fc0","name":"Cafe Kim Ngân","category":"coffee_shop","ex":0.347,"ey":0.75,"change_score":0.29},"geometry":{"type":"Point","coordinates":[105.77499,10.04818]}},{"type":"Feature","properties":{"id":"98a11d97-cb5d-43f7-b695-66126366234b","name":"Salon Thánh Nhân","category":"personal_or_beauty_service","ex":0.258,"ey":0.559,"change_score":0.35},"geometry":{"type":"Point","coordinates":[105.81055,10.06809]}},{"type":"Feature","properties":{"id":"d495883c-009f-4042-9137-7c2c75e2544c","name":"HK Beauty and Academy","category":"personal_or_beauty_service","ex":0.172,"ey":0.509,"change_score":0.39},"geometry":{"type":"Point","coordinates":[105.7561,10.03961]}},{"type":"Feature","properties":{"id":"3838c885-9d5e-44f0-a0a1-11b523d134a2","name":"Com Ga 6 Quan","category":"restaurant","ex":0.856,"ey":0.768,"change_score":0.74},"geometry":{"type":"Point","coordinates":[105.78516,10.04515]}},{"type":"Feature","properties":{"id":"cfb953e2-b5fa-43de-964f-c7d8e8d97747","name":"GUMAC","category":"fashion_and_apparel_store","ex":0.433,"ey":0.119,"change_score":0.89},"geometry":{"type":"Point","coordinates":[105.78538,10.03452]}},{"type":"Feature","properties":{"id":"0685e38d-b7b6-44b5-826d-93084a0d4782","name":"Nhà nghỉ Phương Anh","category":"hotel","ex":0.644,"ey":0.374,"change_score":0.87},"geometry":{"type":"Point","coordinates":[105.67406,10.10591]}},{"type":"Feature","properties":{"id":"598f66a6-fb6c-438e-a5f1-6bcab8201be2","name":"Phố Ăn Vặt Bến Ninh Kiều","category":"restaurant","ex":0.841,"ey":0.71,"change_score":0.73},"geometry":{"type":"Point","coordinates":[105.78761,10.03155]}},{"type":"Feature","properties":{"id":"69392eaf-f625-4352-af8e-1be855744b85","name":"Phá Lấu Bò An An","category":"restaurant","ex":0.612,"ey":0.558,"change_score":0.61},"geometry":{"type":"Point","coordinates":[105.76234,10.0146]}},{"type":"Feature","properties":{"id":"ba367060-df69-4c43-92a9-b524b5c0111e","name":"Cắt Tóc Nam - HL BARBER SHOP","category":"personal_or_beauty_service","ex":0.152,"ey":0.521,"change_score":0.89},"geometry":{"type":"Point","coordinates":[105.71474,10.09784]}},{"type":"Feature","properties":{"id":"cec6f4b6-54d3-4ce8-a8c8-b7d35ac5ab53","name":"Tiệm Vàng Sơn Ca","category":"fashion_and_apparel_store","ex":0.35,"ey":0.318,"change_score":0.4},"geometry":{"type":"Point","coordinates":[105.75239,10.07009]}},{"type":"Feature","properties":{"id":"ea7729c7-fe7b-4733-8041-559012dcbf2b","name":"Lẩu Chay Organic","category":"restaurant","ex":0.707,"ey":0.597,"change_score":0.64},"geometry":{"type":"Point","coordinates":[105.759,10.02458]}},{"type":"Feature","properties":{"id":"0facdfdf-8789-4e48-b1bd-b95bf7146b63","name":"Safari Coffee","category":"coffee_shop","ex":0.479,"ey":0.681,"change_score":0.63},"geometry":{"type":"Point","coordinates":[105.78683,10.03289]}},{"type":"Feature","properties":{"id":"49eb9d03-c94c-4dff-90d2-0ffa0dcb1562","name":"Rex Coffee Nguyễn Văn Cừ","category":"coffee_shop","ex":0.447,"ey":0.808,"change_score":0.63},"geometry":{"type":"Point","coordinates":[105.77209,10.05043]}},{"type":"Feature","properties":{"id":"7d080c99-a680-4d9e-a21d-88ff40e183fb","name":"HIẾU Hairsalon","category":"personal_or_beauty_service","ex":0.227,"ey":0.528,"change_score":0.26},"geometry":{"type":"Point","coordinates":[105.77976,10.04268]}},{"type":"Feature","properties":{"id":"904ad905-f751-4989-b6ab-83855fd4be16","name":"Cà Phê Tư Điếc","category":"coffee_shop","ex":0.397,"ey":0.879,"change_score":0.75},"geometry":{"type":"Point","coordinates":[105.78645,10.0294]}},{"type":"Feature","properties":{"id":"dd23de87-5895-4c30-87f0-bc6894e7e4ec","name":"Spicy Box","category":"restaurant","ex":0.903,"ey":0.665,"change_score":0.3},"geometry":{"type":"Point","coordinates":[105.78574,10.03449]}},{"type":"Feature","properties":{"id":"e9a39044-7391-4618-9090-3e7cea59231b","name":"Điền Ngư Quán","category":"restaurant","ex":0.858,"ey":0.682,"change_score":0.07},"geometry":{"type":"Point","coordinates":[105.76031,10.04806]}},{"type":"Feature","properties":{"id":"54116dcd-f5bb-4f77-bf70-797054cc0c9e","name":"Thanh's Hair Salon and Academy","category":"personal_or_beauty_service","ex":0.146,"ey":0.394,"change_score":0.37},"geometry":{"type":"Point","coordinates":[105.77449,10.02554]}},{"type":"Feature","properties":{"id":"8b9ae2c5-ac2d-4bc3-a344-74754b3ed597","name":"Coffee Diễm Xưa","category":"coffee_shop","ex":0.409,"ey":0.836,"change_score":0.63},"geometry":{"type":"Point","coordinates":[105.75404,10.07138]}},{"type":"Feature","properties":{"id":"b5c46977-6c19-476d-a7dc-439b89fbe5cf","name":"Heri","category":"restaurant","ex":0.809,"ey":0.662,"change_score":0.7},"geometry":{"type":"Point","coordinates":[105.77174,10.03701]}},{"type":"Feature","properties":{"id":"c2cd23c6-3aa0-4851-8b61-2e79482f80d5","name":"Huy Hoang Hotel","category":"hotel","ex":0.692,"ey":0.283,"change_score":0.68},"geometry":{"type":"Point","coordinates":[105.78679,10.02983]}},{"type":"Feature","properties":{"id":"e59b8e3f-1444-4b3a-bc89-b6383dfcdde2","name":"Hitu Nails","category":"personal_or_beauty_service","ex":0.095,"ey":0.382,"change_score":0.72},"geometry":{"type":"Point","coordinates":[105.76675,10.02498]}},{"type":"Feature","properties":{"id":"17c54a80-16af-4fc7-900a-e37ca1b502aa","name":"CÀ PhÊ Chill","category":"coffee_shop","ex":0.441,"ey":0.808,"change_score":0.55},"geometry":{"type":"Point","coordinates":[105.76394,10.03347]}},{"type":"Feature","properties":{"id":"7e5961c9-99a6-444f-b07a-aac509a64ef6","name":"Bánh Tầm Cay 27","category":"restaurant","ex":0.763,"ey":0.818,"change_score":0.28},"geometry":{"type":"Point","coordinates":[105.78259,10.03711]}},{"type":"Feature","properties":{"id":"b5ffaf58-71d7-4a32-a637-ab8e8ac28dfc","name":"Mì Cay ONII","category":"coffee_shop","ex":0.479,"ey":0.816,"change_score":0.31},"geometry":{"type":"Point","coordinates":[105.74718,10.02617]}},{"type":"Feature","properties":{"id":"ec999f6e-5200-4f3d-9f59-203210edfa0c","name":"Đại lý vé máy bay Hoa Đại Việt","category":"restaurant","ex":0.657,"ey":0.639,"change_score":0.07},"geometry":{"type":"Point","coordinates":[105.78806,10.03382]}},{"type":"Feature","properties":{"id":"08beb9b9-43ee-48a6-b163-0d1a4009bc5b","name":"Tâm Cội Nguồn Coffee","category":"coffee_shop","ex":0.419,"ey":0.793,"change_score":0.45},"geometry":{"type":"Point","coordinates":[105.81493,10.06903]}},{"type":"Feature","properties":{"id":"43faafb8-dd8a-4b10-b384-9b412203cb4f","name":"Bánh Tráng Chế Liễu","category":"restaurant","ex":0.811,"ey":0.655,"change_score":0.32},"geometry":{"type":"Point","coordinates":[105.77293,10.02794]}},{"type":"Feature","properties":{"id":"71ecf6bf-10da-4eca-bea7-4a64946e9c1f","name":"Cafe CA-Classic Area Coffee Shop","category":"coffee_shop","ex":0.39,"ey":0.729,"change_score":0.86},"geometry":{"type":"Point","coordinates":[105.73662,10.06817]}},{"type":"Feature","properties":{"id":"7f0a6c48-58c5-496a-bfaa-d54bc1664bfe","name":"Vio Coffee & Tea - Trần Hoàng Na","category":"coffee_shop","ex":0.313,"ey":0.855,"change_score":0.83},"geometry":{"type":"Point","coordinates":[105.75484,10.02046]}},{"type":"Feature","properties":{"id":"b86df5c4-443e-4813-a0ff-1e79a4845d29","name":"Khách Sạn Cần Thơ","category":"hotel","ex":0.818,"ey":0.39,"change_score":0.48},"geometry":{"type":"Point","coordinates":[105.78801,10.03151]}},{"type":"Feature","properties":{"id":"e11e71d7-2b47-4172-8721-18f8d3e9e03e","name":"HOANG PHUC International","category":"fashion_and_apparel_store","ex":0.337,"ey":0.352,"change_score":0.82},"geometry":{"type":"Point","coordinates":[105.76839,10.0397]}},{"type":"Feature","properties":{"id":"30da925e-1540-46e0-86c6-6f4ff7c1bf24","name":"Bánh Canh Cua Ankhánh","category":"restaurant","ex":0.741,"ey":0.632,"change_score":0.56},"geometry":{"type":"Point","coordinates":[105.75473,10.03837]}},{"type":"Feature","properties":{"id":"67fc5ac5-ea5d-4756-917d-243d723b6808","name":"NOIR depo","category":"coffee_shop","ex":0.367,"ey":0.807,"change_score":0.25},"geometry":{"type":"Point","coordinates":[105.7584,10.0252]}},{"type":"Feature","properties":{"id":"9db81d97-512c-4a87-a1b4-49e2c936ee37","name":"Bun Mam Duong Dieu","category":"restaurant","ex":0.821,"ey":0.663,"change_score":0.24},"geometry":{"type":"Point","coordinates":[105.76993,10.04721]}},{"type":"Feature","properties":{"id":"e7e2db8d-61a6-4a54-8a17-431f696d2d44","name":"Tiếng Xưa Coffee","category":"coffee_shop","ex":0.4,"ey":0.787,"change_score":0.43},"geometry":{"type":"Point","coordinates":[105.78219,10.0466]}},{"type":"Feature","properties":{"id":"0d465f3b-b44d-4ded-a15d-ed9f13b5d69b","name":"DH Tattoo Cần Thơ","category":"personal_or_beauty_service","ex":0.107,"ey":0.488,"change_score":0.05},"geometry":{"type":"Point","coordinates":[105.73929,10.00661]}},{"type":"Feature","properties":{"id":"401cc143-0307-4313-88e1-be30eb36df2c","name":"Ngan Long Hotel","category":"hotel","ex":0.76,"ey":0.309,"change_score":0.85},"geometry":{"type":"Point","coordinates":[105.78696,10.04639]}},{"type":"Feature","properties":{"id":"635a0034-041c-4f69-b0b0-5d1f64f05437","name":"The Nook Coffee","category":"personal_or_beauty_service","ex":0.119,"ey":0.55,"change_score":0.48},"geometry":{"type":"Point","coordinates":[105.7617,10.01919]}},{"type":"Feature","properties":{"id":"bcc8d275-32ef-4d06-8265-716ada0d7260","name":"Dongsanh Hair Salon","category":"personal_or_beauty_service","ex":0.268,"ey":0.396,"change_score":0.31},"geometry":{"type":"Point","coordinates":[105.783,10.04145]}},{"type":"Feature","properties":{"id":"e8adf65a-7d3c-4bcc-8710-723d81944a95","name":"Ngọc Diện Nails","category":"personal_or_beauty_service","ex":0.144,"ey":0.547,"change_score":0.77},"geometry":{"type":"Point","coordinates":[105.75089,10.02627]}},{"type":"Feature","properties":{"id":"f9a5537e-39e6-4bda-a27d-b3ad9e438e56","name":"The Kafe","category":"coffee_shop","ex":0.398,"ey":0.769,"change_score":0.05},"geometry":{"type":"Point","coordinates":[105.78016,10.03497]}},{"type":"Feature","properties":{"id":"24bb032a-ed6c-4982-a5cd-1ad57844d7ad","name":"SOJO Hotels","category":"hotel","ex":0.759,"ey":0.292,"change_score":0.38},"geometry":{"type":"Point","coordinates":[105.78548,10.04939]}},{"type":"Feature","properties":{"id":"6520fe34-749b-422b-8181-991e09ac52c5","name":"Trung Nguyên E-Coffee","category":"coffee_shop","ex":0.449,"ey":0.787,"change_score":0.13},"geometry":{"type":"Point","coordinates":[105.76658,10.01829]}},{"type":"Feature","properties":{"id":"f134c3a1-cfab-4f8c-804f-d7a9beb7c19b","name":"200m2.cafe","category":"coffee_shop","ex":0.365,"ey":0.759,"change_score":0.11},"geometry":{"type":"Point","coordinates":[105.76086,10.02715]}},{"type":"Feature","properties":{"id":"3c3b2b50-f98b-42ec-9c05-9d92820d26d8","name":"Tay Ho Hotel","category":"hotel","ex":0.73,"ey":0.279,"change_score":0.52},"geometry":{"type":"Point","coordinates":[105.7883,10.03407]}},{"type":"Feature","properties":{"id":"426ac63a-7fc2-4a1b-8a58-02d20363a7ee","name":"ANT Tattoo & Piercing - Cần Thơ","category":"personal_or_beauty_service","ex":0.223,"ey":0.597,"change_score":0.87},"geometry":{"type":"Point","coordinates":[105.77917,10.04114]}},{"type":"Feature","properties":{"id":"6149818c-8fbb-4fb1-a044-8892af73d839","name":"Quán Ăn Thành Luân","category":"restaurant","ex":0.877,"ey":0.572,"change_score":0.17},"geometry":{"type":"Point","coordinates":[105.7732,10.02479]}},{"type":"Feature","properties":{"id":"83873887-abfa-47ad-ba85-27d75e1011b5","name":"Thẩm Mỹ Việt Đức - Chuyên Khoa Nâng Mũi","category":"personal_or_beauty_service","ex":0.343,"ey":0.469,"change_score":0.15},"geometry":{"type":"Point","coordinates":[105.74476,10.02324]}},{"type":"Feature","properties":{"id":"f014ceea-dbc4-471c-9960-9f12a4712f2b","name":"Beauty Salon Kim Tuyến","category":"personal_or_beauty_service","ex":0.088,"ey":0.434,"change_score":0.27},"geometry":{"type":"Point","coordinates":[105.75084,10.03897]}},{"type":"Feature","properties":{"id":"714d54b5-003d-4cfd-a3fc-0d0223b0b75d","name":"Manwah Vincom Xuân Khánh Cần Thơ","category":"restaurant","ex":0.853,"ey":0.72,"change_score":0.9},"geometry":{"type":"Point","coordinates":[105.77497,10.02443]}},{"type":"Feature","properties":{"id":"91eab402-8cbd-43cd-9dee-0301996e27d2","name":"Tiệm Cà Phê Anh Bốn","category":"coffee_shop","ex":0.485,"ey":0.753,"change_score":0.28},"geometry":{"type":"Point","coordinates":[105.77597,10.03611]}},{"type":"Feature","properties":{"id":"bfb6cd84-8bcb-49f2-b810-be8d86b35947","name":"Cà phê Chốn Cũ Cần Thơ","category":"coffee_shop","ex":0.429,"ey":0.809,"change_score":0.78},"geometry":{"type":"Point","coordinates":[105.77982,10.04091]}},{"type":"Feature","properties":{"id":"c7ffc7a0-b133-468a-a815-3e87878d43bd","name":"Cà Phê Đèn Lồng","category":"coffee_shop","ex":0.483,"ey":0.723,"change_score":0.87},"geometry":{"type":"Point","coordinates":[105.76289,10.03231]}},{"type":"Feature","properties":{"id":"f221d76e-c8c7-4024-9dd4-992e0beb7125","name":"Khách Sạn Xuân Quang","category":"hotel","ex":0.875,"ey":0.331,"change_score":0.61},"geometry":{"type":"Point","coordinates":[105.77236,10.02547]}},{"type":"Feature","properties":{"id":"60956b79-194e-4780-ac1f-8fbfe4b6f7f1","name":"THOẠI Hidden Coffee","category":"coffee_shop","ex":0.514,"ey":0.906,"change_score":0.18},"geometry":{"type":"Point","coordinates":[105.76559,10.01034]}},{"type":"Feature","properties":{"id":"b21c655c-d2ce-42bf-ba33-5c6a979caec1","name":"Style Tóc hair salon","category":"personal_or_beauty_service","ex":0.324,"ey":0.523,"change_score":0.75},"geometry":{"type":"Point","coordinates":[105.76652,10.04258]}},{"type":"Feature","properties":{"id":"eada9d68-c748-4934-81de-448df11852dc","name":"Ngọc Phú Nail","category":"personal_or_beauty_service","ex":0.115,"ey":0.511,"change_score":0.14},"geometry":{"type":"Point","coordinates":[105.77877,10.04546]}},{"type":"Feature","properties":{"id":"0e72d7cb-d5cf-4990-863e-f7e3b4dc94a5","name":"TRÂM Nails Beauty","category":"personal_or_beauty_service","ex":0.152,"ey":0.501,"change_score":0.73},"geometry":{"type":"Point","coordinates":[105.77128,10.02113]}},{"type":"Feature","properties":{"id":"7818b508-898f-4888-be6b-cc3167ac0bc8","name":"Nguyễn Ngọc Trai , Xuân Khánh, Ninh Kiều","category":"restaurant","ex":0.757,"ey":0.786,"change_score":0.38},"geometry":{"type":"Point","coordinates":[105.77283,10.0341]}},{"type":"Feature","properties":{"id":"a2ee27ac-95e2-4dd1-99eb-841559c5fc15","name":"Pandora Hotel Can Tho","category":"hotel","ex":0.711,"ey":0.248,"change_score":0.03},"geometry":{"type":"Point","coordinates":[105.77151,10.0561]}},{"type":"Feature","properties":{"id":"00fe30bd-5f02-4d2f-8a6a-3d9497b69d2b","name":"Cửa Hàng Thời Trang Trẻ Em Bánh Bao Kids","category":"fashion_and_apparel_store","ex":0.317,"ey":0.191,"change_score":0.63},"geometry":{"type":"Point","coordinates":[105.76189,10.01749]}},{"type":"Feature","properties":{"id":"4b18d9c7-1362-430d-8a4d-0b68d3addca5","name":"Phi Barber Shop","category":"personal_or_beauty_service","ex":0.14,"ey":0.449,"change_score":0.19},"geometry":{"type":"Point","coordinates":[105.76547,10.02143]}},{"type":"Feature","properties":{"id":"8cce93dd-81dd-47c8-8d83-4c18f7da91d6","name":"PK Sản Phụ Khoa Linh Thiện","category":"personal_or_beauty_service","ex":0.233,"ey":0.458,"change_score":0.22},"geometry":{"type":"Point","coordinates":[105.76857,10.04674]}},{"type":"Feature","properties":{"id":"c0cde697-4779-42a5-bda2-e6a482000b3a","name":"BB  MAI SPA cần thơ 11b2 hưng phú1:0901211339","category":"personal_or_beauty_service","ex":0.149,"ey":0.501,"change_score":0.6},"geometry":{"type":"Point","coordinates":[105.78566,10.02126]}},{"type":"Feature","properties":{"id":"daf7b975-6914-4f91-9929-30b934ce0385","name":"QUÁN ĐẾ - Lẩu gà lá é Phú Yên","category":"restaurant","ex":0.735,"ey":0.66,"change_score":0.82},"geometry":{"type":"Point","coordinates":[105.78347,10.04548]}},{"type":"Feature","properties":{"id":"394a9766-8190-4d5a-8348-d8ade573140b","name":"Bò Né Mr. Lu","category":"restaurant","ex":0.838,"ey":0.639,"change_score":0.06},"geometry":{"type":"Point","coordinates":[105.77328,10.02795]}},{"type":"Feature","properties":{"id":"7c7ebcc3-7af6-4aee-a778-b8546858a6ff","name":"Cafe Hưng Phú 1","category":"coffee_shop","ex":0.466,"ey":0.873,"change_score":0.13},"geometry":{"type":"Point","coordinates":[105.78292,10.02041]}},{"type":"Feature","properties":{"id":"b872e61c-62ed-452e-b06d-71028a121f3d","name":"Cơm Tấm Long Xuyên Sáu Phương","category":"restaurant","ex":0.867,"ey":0.676,"change_score":0.85},"geometry":{"type":"Point","coordinates":[105.78362,10.03673]}},{"type":"Feature","properties":{"id":"eb49147b-8961-4fc7-a4ed-726aa24a435a","name":"Đảo Quán - Tôi mê nấu ăn","category":"restaurant","ex":0.742,"ey":0.646,"change_score":0.43},"geometry":{"type":"Point","coordinates":[105.785,10.04531]}},{"type":"Feature","properties":{"id":"165792d8-ad90-4bb4-afdb-32ce2a886156","name":"Beauty salon - Nail Thanh Tiếm","category":"personal_or_beauty_service","ex":0.101,"ey":0.428,"change_score":0.1},"geometry":{"type":"Point","coordinates":[105.77393,10.03383]}},{"type":"Feature","properties":{"id":"649c4370-6649-430d-9429-75127827bb1d","name":"Tintattoo can tho","category":"personal_or_beauty_service","ex":0.23,"ey":0.485,"change_score":0.44},"geometry":{"type":"Point","coordinates":[105.7751,10.02541]}},{"type":"Feature","properties":{"id":"ceebbaf7-ff81-4aa7-a47f-d1f6c5dd30dc","name":"Mỳ cay chay PHÁT TÀI 2","category":"restaurant","ex":0.806,"ey":0.698,"change_score":0.38},"geometry":{"type":"Point","coordinates":[105.77472,10.0312]}},{"type":"Feature","properties":{"id":"f09a09ff-a5f9-4782-8dfa-4cb2bb020d54","name":"Bún Đậu Mắm Tôm Changs","category":"restaurant","ex":0.855,"ey":0.684,"change_score":0.89},"geometry":{"type":"Point","coordinates":[105.81279,10.0691]}},{"type":"Feature","properties":{"id":"396b26cd-7ba3-4c8c-afe4-4af72b82ed4b","name":"Kinky Monkey Coffee","category":"coffee_shop","ex":0.423,"ey":0.793,"change_score":0.83},"geometry":{"type":"Point","coordinates":[105.75126,10.02968]}},{"type":"Feature","properties":{"id":"97fcbd26-82ee-4a61-8ec4-c373c4a31c18","name":"Hữu Thành Barber Shop","category":"personal_or_beauty_service","ex":0.182,"ey":0.517,"change_score":0.92},"geometry":{"type":"Point","coordinates":[105.7583,10.03478]}},{"type":"Feature","properties":{"id":"b84b334b-f0b4-4e39-9b1f-0dc99e2d93a7","name":"YBFIT Fitness Center Cần Thơ","category":"fashion_and_apparel_store","ex":0.394,"ey":0.169,"change_score":0.52},"geometry":{"type":"Point","coordinates":[105.76157,10.01262]}},{"type":"Feature","properties":{"id":"e419143b-0117-44d0-9cf8-01f7f0ee4d3d","name":"Fairy Garden","category":"coffee_shop","ex":0.338,"ey":0.782,"change_score":0.64},"geometry":{"type":"Point","coordinates":[105.793,10.04128]}},{"type":"Feature","properties":{"id":"26889017-91c9-4289-8bc4-9abe6c0bf806","name":"Rose Hair Salon","category":"personal_or_beauty_service","ex":0.223,"ey":0.458,"change_score":0.89},"geometry":{"type":"Point","coordinates":[105.62077,10.10767]}},{"type":"Feature","properties":{"id":"63524846-9668-4350-bd88-cbf6fa57687d","name":"Hoa Giấy Cà phê","category":"coffee_shop","ex":0.365,"ey":0.732,"change_score":0.07},"geometry":{"type":"Point","coordinates":[105.77007,10.03875]}},{"type":"Feature","properties":{"id":"9f57872d-322a-47ea-b948-9b3369a7a87c","name":"Sancha Tra Sua","category":"coffee_shop","ex":0.331,"ey":0.785,"change_score":0.1},"geometry":{"type":"Point","coordinates":[105.75145,10.04003]}},{"type":"Feature","properties":{"id":"ab0a582a-3580-460b-94c1-f72ba5d99d4c","name":"Tiệm Bún A Nhỉu","category":"restaurant","ex":0.826,"ey":0.627,"change_score":0.31},"geometry":{"type":"Point","coordinates":[105.77421,10.02867]}},{"type":"Feature","properties":{"id":"080dceff-e29b-4329-980d-6878ff64a800","name":"Hương Trà Quán","category":"coffee_shop","ex":0.343,"ey":0.66,"change_score":0.4},"geometry":{"type":"Point","coordinates":[105.76822,10.02352]}},{"type":"Feature","properties":{"id":"2085cc29-76bb-4760-ae5f-9833b2bbee69","name":"Tiệm Hoa Cậu Ba Cần Thơ","category":"fashion_and_apparel_store","ex":0.365,"ey":0.359,"change_score":0.95},"geometry":{"type":"Point","coordinates":[105.77819,10.02546]}},{"type":"Feature","properties":{"id":"69723126-c6c6-4859-8c37-6b88f114f8c2","name":"Vườn Du Lịch - Cù Lao Mây - Quang Khải","category":"restaurant","ex":0.753,"ey":0.584,"change_score":0.64},"geometry":{"type":"Point","coordinates":[105.85067,9.99543]}},{"type":"Feature","properties":{"id":"7ac3f3cf-f05b-420d-b84b-babc88d61b6a","name":"Tiệm tóc Khoa Barbershop","category":"personal_or_beauty_service","ex":0.289,"ey":0.549,"change_score":0.33},"geometry":{"type":"Point","coordinates":[105.75089,10.00277]}},{"type":"Feature","properties":{"id":"daaebc6c-658c-489f-9a71-f6596abb46cc","name":"Kayla Spa","category":"personal_or_beauty_service","ex":0.125,"ey":0.581,"change_score":0.78},"geometry":{"type":"Point","coordinates":[105.80123,10.00359]}},{"type":"Feature","properties":{"id":"0e25c208-b7da-42d9-88f3-bc982321ac6f","name":"Sài Gòn Trẻ","category":"personal_or_beauty_service","ex":0.167,"ey":0.635,"change_score":0.98},"geometry":{"type":"Point","coordinates":[105.62177,10.11545]}},{"type":"Feature","properties":{"id":"315073a4-089e-4fbe-8c4c-388277f7db68","name":"Trình (Coffee and Tea)","category":"coffee_shop","ex":0.456,"ey":0.871,"change_score":0.21},"geometry":{"type":"Point","coordinates":[105.77824,10.0408]}},{"type":"Feature","properties":{"id":"8b9aba4f-1054-4f03-868c-993a83455f01","name":"Khách sạn Sunny Hotel KDC 91B","category":"hotel","ex":0.715,"ey":0.343,"change_score":0.27},"geometry":{"type":"Point","coordinates":[105.75481,10.02159]}},{"type":"Feature","properties":{"id":"a2a912a2-326a-4c63-be2f-3434bed459a3","name":"Hair Salon Seoul","category":"personal_or_beauty_service","ex":0.229,"ey":0.555,"change_score":0.61},"geometry":{"type":"Point","coordinates":[105.7548,10.00436]}},{"type":"Feature","properties":{"id":"4895fb47-f12e-4370-aa10-ed2be8bc079b","name":"Phở Hằng","category":"restaurant","ex":0.683,"ey":0.701,"change_score":0.56},"geometry":{"type":"Point","coordinates":[105.76476,10.01163]}},{"type":"Feature","properties":{"id":"aa6277d0-cc4c-4cbc-a5ef-794c4ce0dc35","name":"Nhà Nghỉ Ngọc Thúy","category":"hotel","ex":0.745,"ey":0.346,"change_score":0.25},"geometry":{"type":"Point","coordinates":[105.77259,10.03533]}},{"type":"Feature","properties":{"id":"d8332844-5d45-4c6e-add6-7130826e6979","name":"Spa Beauty KP","category":"personal_or_beauty_service","ex":0.165,"ey":0.47,"change_score":0.85},"geometry":{"type":"Point","coordinates":[105.76003,10.05413]}},{"type":"Feature","properties":{"id":"1ead2bd4-27b3-47d9-aae1-45cd06921bb5","name":"Tiệm cà phê Tháng Năm","category":"coffee_shop","ex":0.425,"ey":0.691,"change_score":0.97},"geometry":{"type":"Point","coordinates":[105.78064,10.0325]}},{"type":"Feature","properties":{"id":"7c83a5b7-bfcf-4419-b69b-4e60ed4ecc70","name":"Tri Thien Hotel","category":"hotel","ex":0.86,"ey":0.34,"change_score":0.41},"geometry":{"type":"Point","coordinates":[105.77706,10.03752]}},{"type":"Feature","properties":{"id":"aeade891-93bc-4136-b735-d2969e91a417","name":"Trạm Dừng Chân - Đọc sách Uống trà","category":"coffee_shop","ex":0.428,"ey":0.828,"change_score":0.91},"geometry":{"type":"Point","coordinates":[105.77151,10.03617]}},{"type":"Feature","properties":{"id":"01396b11-68d6-42ac-8f97-4c8d585ba306","name":"Hoa Viên Hoàng Phát","category":"restaurant","ex":0.663,"ey":0.691,"change_score":0.16},"geometry":{"type":"Point","coordinates":[105.71299,9.99399]}},{"type":"Feature","properties":{"id":"24c9123a-6180-47fd-9e7a-7e402ff15029","name":"Hair Salon Tóc Anh","category":"personal_or_beauty_service","ex":0.15,"ey":0.422,"change_score":0.85},"geometry":{"type":"Point","coordinates":[105.75844,10.02599]}},{"type":"Feature","properties":{"id":"9ba4480d-a9e0-4de3-b0ba-781d402cdaf6","name":"Tiệm Vàng Ngọc Thơ","category":"fashion_and_apparel_store","ex":0.276,"ey":0.202,"change_score":0.2},"geometry":{"type":"Point","coordinates":[105.74928,10.00823]}},{"type":"Feature","properties":{"id":"bf0f6459-f5df-444e-909f-b63030a3ed19","name":"Nhu Daisy Nails","category":"personal_or_beauty_service","ex":0.28,"ey":0.521,"change_score":0.58},"geometry":{"type":"Point","coordinates":[105.76215,10.03302]}},{"type":"Feature","properties":{"id":"009faee2-59e0-417a-90b7-4913ef003afa","name":"Pink Hotel","category":"hotel","ex":0.67,"ey":0.317,"change_score":0.34},"geometry":{"type":"Point","coordinates":[105.7887,10.03599]}},{"type":"Feature","properties":{"id":"8be91b3e-d141-4c19-8138-c92e4a742a42","name":"Quán Gà Đồng Quê","category":"restaurant","ex":0.797,"ey":0.53,"change_score":0.39},"geometry":{"type":"Point","coordinates":[105.79105,10.04373]}},{"type":"Feature","properties":{"id":"ab3d91d6-df05-4d58-9b83-6b6361b64871","name":"Jc 1982 coffee","category":"coffee_shop","ex":0.44,"ey":0.833,"change_score":0.97},"geometry":{"type":"Point","coordinates":[105.78065,10.03684]}},{"type":"Feature","properties":{"id":"ec1faa92-5346-44c9-8b6e-db342aca1674","name":"Nước hoa Charme Minh Luân- Cần Thơ","category":"restaurant","ex":0.692,"ey":0.742,"change_score":0.56},"geometry":{"type":"Point","coordinates":[105.7841,10.03817]}},{"type":"Feature","properties":{"id":"0e478bb0-6d87-4dd5-867d-8a57f2aa6cc9","name":"TIFF's House","category":"restaurant","ex":0.657,"ey":0.64,"change_score":0.57},"geometry":{"type":"Point","coordinates":[105.78571,10.04571]}},{"type":"Feature","properties":{"id":"9782fac9-4dcb-4acd-8306-3bd0ea8fdc33","name":"Quán Bò Hẻm","category":"restaurant","ex":0.788,"ey":0.699,"change_score":0.32},"geometry":{"type":"Point","coordinates":[105.78372,10.04975]}},{"type":"Feature","properties":{"id":"aa9c7111-5943-43da-b768-d0d78ebdb651","name":"NhÀ KhÁCh TÂY Nam","category":"hotel","ex":0.787,"ey":0.305,"change_score":0.56},"geometry":{"type":"Point","coordinates":[105.7875,10.03803]}},{"type":"Feature","properties":{"id":"eb7045dc-be88-464f-bc84-9b7fcbacdb30","name":"Nhà Hàng Lưu Động Ngọc Duy","category":"restaurant","ex":0.736,"ey":0.62,"change_score":0.92},"geometry":{"type":"Point","coordinates":[105.75979,10.06766]}},{"type":"Feature","properties":{"id":"176ac538-8d08-4a64-b4b7-0312b6395ecc","name":"An Coffee & Milk Tea","category":"coffee_shop","ex":0.457,"ey":0.834,"change_score":0.73},"geometry":{"type":"Point","coordinates":[105.77978,10.00724]}},{"type":"Feature","properties":{"id":"50ad8614-3964-4e58-b813-fd35737eb198","name":"HairSalon KhangNgo","category":"personal_or_beauty_service","ex":0.205,"ey":0.51,"change_score":0.13},"geometry":{"type":"Point","coordinates":[105.77947,10.04524]}},{"type":"Feature","properties":{"id":"8b1fac15-eef1-4fdc-acaa-02c248b69aca","name":"Vựa Cua Ba Tuấn 1","category":"restaurant","ex":0.73,"ey":0.606,"change_score":0.35},"geometry":{"type":"Point","coordinates":[105.75709,9.9954]}},{"type":"Feature","properties":{"id":"d187dc6d-09c2-4c20-895e-b259c3f9e437","name":"Hảo Hảo Nail","category":"personal_or_beauty_service","ex":0.254,"ey":0.469,"change_score":0.1},"geometry":{"type":"Point","coordinates":[105.78377,10.04738]}},{"type":"Feature","properties":{"id":"ee6e880f-82af-48c8-8de6-9328412f5a06","name":"Will Hair Studio","category":"personal_or_beauty_service","ex":0.137,"ey":0.554,"change_score":0.39},"geometry":{"type":"Point","coordinates":[105.76363,10.04234]}},{"type":"Feature","properties":{"id":"3105240b-77b4-436b-bb8e-5406ace9788a","name":"Mắt Kính Sài Gòn","category":"fashion_and_apparel_store","ex":0.463,"ey":0.279,"change_score":0.34},"geometry":{"type":"Point","coordinates":[105.82069,10.06849]}},{"type":"Feature","properties":{"id":"751ea5b4-443c-4416-afc1-9aa4ef2735af","name":"Tiệm Trà Phổ Vinh","category":"coffee_shop","ex":0.447,"ey":0.774,"change_score":0.74},"geometry":{"type":"Point","coordinates":[105.74902,10.03667]}},{"type":"Feature","properties":{"id":"b398df3a-e416-4b48-a6f1-974741d293ca","name":"Charmant Suites a Boutique Hotel Can Tho","category":"hotel","ex":0.821,"ey":0.249,"change_score":0.8},"geometry":{"type":"Point","coordinates":[105.78671,10.03421]}},{"type":"Feature","properties":{"id":"c4ce9313-c976-4530-aacd-3f20ef38b268","name":"Đồng Khởi Food and Drink","category":"restaurant","ex":0.796,"ey":0.624,"change_score":0.96},"geometry":{"type":"Point","coordinates":[105.78544,10.03391]}},{"type":"Feature","properties":{"id":"db494375-acdd-42fd-b875-e9fd79b4caf2","name":"Lentil Coffee","category":"coffee_shop","ex":0.436,"ey":0.827,"change_score":0.46},"geometry":{"type":"Point","coordinates":[105.74645,10.02545]}},{"type":"Feature","properties":{"id":"ff660efb-9d40-4c81-b535-4d56d34493ca","name":"La Spa","category":"personal_or_beauty_service","ex":0.273,"ey":0.569,"change_score":0.62},"geometry":{"type":"Point","coordinates":[105.75574,10.02276]}},{"type":"Feature","properties":{"id":"53debf23-5260-49d1-9a9b-863043a73e5b","name":"Trà Sữa KoMi","category":"coffee_shop","ex":0.514,"ey":0.807,"change_score":0.08},"geometry":{"type":"Point","coordinates":[105.76909,10.04922]}},{"type":"Feature","properties":{"id":"6896a205-330e-40de-ad2a-e8cd28b7cb17","name":"Lẩu Chay TÂM AN","category":"restaurant","ex":0.825,"ey":0.69,"change_score":0.15},"geometry":{"type":"Point","coordinates":[105.75404,10.02027]}},{"type":"Feature","properties":{"id":"adef1448-386a-4d73-a7be-47f8d24e61bb","name":"Cà Phê Nguyên Chất Cần Thơ","category":"coffee_shop","ex":0.345,"ey":0.646,"change_score":0.79},"geometry":{"type":"Point","coordinates":[105.76286,10.04491]}},{"type":"Feature","properties":{"id":"dd3fe4e1-9c17-45f9-ab56-e6a9b88b1f6c","name":"Diệp Khanh Aesthetic","category":"personal_or_beauty_service","ex":0.281,"ey":0.626,"change_score":0.63},"geometry":{"type":"Point","coordinates":[105.76122,10.03604]}},{"type":"Feature","properties":{"id":"3904ea07-fe88-4309-a1f0-b3e75fefbdf4","name":"HÀO Cafe","category":"coffee_shop","ex":0.328,"ey":0.829,"change_score":0.6},"geometry":{"type":"Point","coordinates":[105.75579,10.10379]}},{"type":"Feature","properties":{"id":"5356464e-37d7-490c-8447-dc83c9f2732b","name":"Thanh Spa","category":"personal_or_beauty_service","ex":0.141,"ey":0.526,"change_score":0.18},"geometry":{"type":"Point","coordinates":[105.78149,10.03731]}},{"type":"Feature","properties":{"id":"68cc222a-e1ff-4f93-81a5-4984b25f0b13","name":"Moon cafe","category":"coffee_shop","ex":0.483,"ey":0.901,"change_score":0.04},"geometry":{"type":"Point","coordinates":[105.77338,10.03632]}},{"type":"Feature","properties":{"id":"a232f44f-b0c1-4668-9967-c35bd0232eb8","name":"Mẹ và bé Vĩnh Long - thegioisosinhvinhlong","category":"fashion_and_apparel_store","ex":0.386,"ey":0.266,"change_score":0.33},"geometry":{"type":"Point","coordinates":[105.82056,10.06884]}},{"type":"Feature","properties":{"id":"eb646281-b706-4fae-b7d6-d679ca6f36ba","name":"Tram Coffee and Tea","category":"coffee_shop","ex":0.452,"ey":0.674,"change_score":0.34},"geometry":{"type":"Point","coordinates":[105.74374,10.02221]}},{"type":"Feature","properties":{"id":"abd8ccb4-9e12-40e2-848f-1d1f1b1b8347","name":"CUB Eyewear","category":"fashion_and_apparel_store","ex":0.376,"ey":0.193,"change_score":0.57},"geometry":{"type":"Point","coordinates":[105.77473,10.04856]}},{"type":"Feature","properties":{"id":"01096b78-5317-49ce-8df2-f5a87167587a","name":"Khách sạn Hello","category":"hotel","ex":0.717,"ey":0.196,"change_score":0.49},"geometry":{"type":"Point","coordinates":[105.77304,10.03441]}}]}
