cohort,model,arm,run_id,question,kind,row,column,answer,golden,rel_error,raw_rel_error,near_miss,quantized_answer,quantized_rel_error,answer_rows,answer_columns,golden_rows,golden_columns
"Haiku, spec",haiku,full,20260919T103645Z-85ee197-411aeb27,q01,cell,0,n_collections,5,3,0.666667,0.666667,True,,,,,,
"Haiku, spec",haiku,full,20260919T103645Z-85ee197-411aeb27,q05,cell,0,list_ids,114,117,0.025641,0.025641,True,,,,,,
"Haiku, spec",haiku,full,20260919T103645Z-85ee197-411aeb27,q05,cell,0,found_in_car,114,117,0.025641,0.025641,True,,,,,,
"Haiku, spec",haiku,full,20260919T103645Z-85ee197-411aeb27,q06,cell,0,n_parcels,106,109,0.027523,0.027523,True,,,,,,
"Haiku, spec",haiku,full,20260919T103645Z-85ee197-411aeb27,q07,cell,0,n_duplicate_ids,12912,0,,,False,,,,,,
"Haiku, spec",haiku,full,20260919T103645Z-85ee197-411aeb27,q07,cell,0,n_parcels_under_1ha,902573,0,,,False,,,,,,
"Haiku, spec",haiku,full,20260919T103645Z-85ee197-411aeb27,q08,cell,0,n_fields_in_envelope,576482,3291,174.169249,174.169249,False,,,,,,
"Haiku, spec",haiku,full,20260919T103645Z-85ee197-411aeb27,q09,cell,0,matched_fields,461185.6,793,580.570744,580.570744,False,461185.6,580.570744,,,,
"Haiku, spec",haiku,full,20260919T103645Z-85ee197-411aeb27,q10,cell,0,by_single_parcel_rule,345889,766,450.552219,450.552219,False,,,,,,
"Haiku, spec",haiku,full,20260919T103645Z-85ee197-411aeb27,q10,cell,0,by_aggregate_rule_only,115296,27,4269.222222,4269.222222,False,,,,,,
"Haiku, spec",haiku,full,20260919T103645Z-85ee197-411aeb27,q11,cell,0,min_single_frac,0.667,0.31,1.151613,1.151613,False,0.67,1.16129,,,,
"Haiku, spec",haiku,full,20260919T103645Z-85ee197-411aeb27,q11,cell,0,avg_single_frac,0.8,0.973,0.177801,0.177801,False,0.8,0.177801,,,,
"Haiku, spec",haiku,full,20260919T103645Z-85ee197-411aeb27,q11,cell,0,avg_union_frac,0.85,0.996,0.146586,0.146586,False,0.85,0.146586,,,,
"Haiku, spec",haiku,full,20260919T103645Z-85ee197-411aeb27,q12,cell,0,n_excluded,27671,79,349.265823,349.265823,False,,,,,,
"Haiku, spec",haiku,full,20260919T103645Z-85ee197-411aeb27,q13,cell,0,cod_imovel,GO-5212204-1,GO-5212204-5A626DA1611C4A4885618BD646CF0010,,,False,,,,,,
"Haiku, spec",haiku,full,20260919T103645Z-85ee197-411aeb27,q13,cell,0,n_fields,46,74,0.378378,0.378378,False,,,,,,
"Haiku, spec",haiku,full,20260919T103645Z-85ee197-411aeb27,q13,cell,1,cod_imovel,GO-5212204-2,GO-5212204-15108D4D7C134B8D9E71E50A2ED2E605,,,False,,,,,,
"Haiku, spec",haiku,full,20260919T103645Z-85ee197-411aeb27,q13,cell,2,cod_imovel,GO-5212204-3,GO-5212204-5EA91F9370294F8F8F9447882810DD0B,,,False,,,,,,
"Haiku, spec",haiku,full,20260919T103645Z-85ee197-411aeb27,q13,cell,2,n_fields,38,42,0.095238,0.095238,True,,,,,,
"Haiku, spec",haiku,full,20260919T103645Z-85ee197-411aeb27,q13,cell,3,cod_imovel,GO-5212204-4,GO-5212204-6A28AC5AF7BF4BEC8931E8E154D99AEE,,,False,,,,,,
"Haiku, spec",haiku,full,20260919T103645Z-85ee197-411aeb27,q13,cell,4,cod_imovel,GO-5212204-5,GO-5212204-52E2FECF2A7042F2B0DC6B27138AADE6,,,False,,,,,,
"Haiku, spec",haiku,full,20260919T103645Z-85ee197-411aeb27,q13,cell,4,n_fields,30,31,0.032258,0.032258,True,,,,,,
"Haiku, spec",haiku,full,20260919T103645Z-85ee197-411aeb27,q13,cell,5,cod_imovel,GO-5212204-6,GO-5212204-F17BEA20B17148C1ADB4BD53A04EC448,,,False,,,,,,
"Haiku, spec",haiku,full,20260919T103645Z-85ee197-411aeb27,q13,cell,5,n_fields,26,29,0.103448,0.103448,True,,,,,,
"Haiku, spec",haiku,full,20260919T103645Z-85ee197-411aeb27,q13,cell,6,cod_imovel,GO-5212204-7,GO-5219258-021D6EEAC0FE4976868FEBAAD4C9056C,,,False,,,,,,
"Haiku, spec",haiku,full,20260919T103645Z-85ee197-411aeb27,q13,cell,6,n_fields,22,29,0.241379,0.241379,True,,,,,,
"Haiku, spec",haiku,full,20260919T103645Z-85ee197-411aeb27,q13,cell,7,cod_imovel,GO-5212204-8,GO-5212204-2B296F3D835C44D7BF1AD385C1D519A9,,,False,,,,,,
"Haiku, spec",haiku,full,20260919T103645Z-85ee197-411aeb27,q13,cell,7,n_fields,18,28,0.357143,0.357143,True,,,,,,
"Haiku, spec",haiku,full,20260919T103645Z-85ee197-411aeb27,q13,cell,8,cod_imovel,GO-5212204-9,GO-5212204-CE5E071E653F445E8EA2609440D42C75,,,False,,,,,,
"Haiku, spec",haiku,full,20260919T103645Z-85ee197-411aeb27,q13,cell,8,n_fields,14,26,0.461538,0.461538,True,,,,,,
"Haiku, spec",haiku,full,20260919T103645Z-85ee197-411aeb27,q13,cell,9,cod_imovel,GO-5212204-10,GO-5212204-156094615E67476AB099D9F46F6C0655,,,False,,,,,,
"Haiku, spec",haiku,full,20260919T103645Z-85ee197-411aeb27,q13,cell,9,n_fields,10,22,0.545455,0.545455,True,,,,,,
"Haiku, spec",haiku,full,20260919T103645Z-85ee197-411aeb27,q14,cell,0,matched_field_ha,2882410.0,36108.6,78.826136,78.826136,False,2882410.0,78.826136,,,,
"Haiku, spec",haiku,full,20260919T103645Z-85ee197-411aeb27,q15,cell,0,n_parcels,461186,117,3940.760684,3940.760684,False,,,,,,
"Haiku, spec",haiku,full,20260919T103645Z-85ee197-411aeb27,q15,cell,0,n_fields,2882410.0,793,3633.81715,3633.81715,False,2882410.0,3633.81715,,,,
"Haiku, spec",haiku,full,20260919T103645Z-85ee197-411aeb27,q15,cell,0,matched_field_ha,57648.2,36108.6,0.596523,0.596523,False,57648.2,0.596523,,,,
"Haiku, spec",haiku,full,20260919T103645Z-85ee197-411aeb27,q15,cell,0,fields_with_post2020_loss,28824,41,702.02439,702.02439,False,,,,,,
"Haiku, spec",haiku,full,20260919T103645Z-85ee197-411aeb27,q16,shape,,,,,,,,,,13,5,4,5
"Haiku, spec",haiku,full,20260919T103645Z-85ee197-411aeb27,q17,shape,,,,,,,,,,3,3,2,3
"Haiku, spec",haiku,full,20260919T103645Z-85ee197-411aeb27,q19,shape,,,,,,,,,,4,3,2,3
"Haiku, spec",haiku,full,20260919T103645Z-85ee197-411aeb27,q20,cell,0,cod_imovel,GO-5212204-8,GO-5212204-8F9A53F42FEE4187BBBC3E66F68CEEBE,,,False,,,,,,
"Haiku, spec",haiku,full,20260919T103645Z-85ee197-411aeb27,q20,cell,0,post2020_loss_ha,3.0,46.9,0.936034,0.936034,False,3.0,0.936034,,,,
"Haiku, spec",haiku,full,20260919T103645Z-85ee197-411aeb27,q20,cell,1,cod_imovel,GO-5212204-1,GO-5212204-2B296F3D835C44D7BF1AD385C1D519A9,,,False,,,,,,
"Haiku, spec",haiku,full,20260919T103645Z-85ee197-411aeb27,q20,cell,1,post2020_loss_ha,10.0,29.5,0.661017,0.661017,False,10.0,0.661017,,,,
"Haiku, spec",haiku,full,20260919T103645Z-85ee197-411aeb27,q20,cell,1,n_fields_post2020_loss,6,12,0.5,0.5,True,,,,,,
"Haiku, spec",haiku,full,20260919T103645Z-85ee197-411aeb27,q20,cell,2,cod_imovel,GO-5212204-3,GO-5212204-67B7F23029D24ACFAC7656714A14C2DB,,,False,,,,,,
"Haiku, spec",haiku,full,20260919T103645Z-85ee197-411aeb27,q20,cell,2,post2020_loss_ha,8.0,13.3,0.398496,0.398496,False,8.0,0.398496,,,,
"Haiku, spec",haiku,full,20260919T103645Z-85ee197-411aeb27,q20,cell,3,cod_imovel,GO-5212204-9,GO-5212204-5A626DA1611C4A4885618BD646CF0010,,,False,,,,,,
"Haiku, spec",haiku,full,20260919T103645Z-85ee197-411aeb27,q20,cell,3,post2020_loss_ha,2.0,10.8,0.814815,0.814815,False,2.0,0.814815,,,,
"Haiku, spec",haiku,full,20260919T103645Z-85ee197-411aeb27,q20,cell,4,cod_imovel,GO-5212204-10,GO-5219258-E7F86639E6404DC4AD9B8DBFAFFB112B,,,False,,,,,,
"Haiku, spec",haiku,full,20260919T103645Z-85ee197-411aeb27,q20,cell,4,municipio,Jussara,Santa Fe de Goias,,,False,,,,,,
"Haiku, spec",haiku,full,20260919T103645Z-85ee197-411aeb27,q20,cell,4,post2020_loss_ha,1.0,3.1,0.677419,0.677419,False,1.0,0.677419,,,,
"Haiku, spec",haiku,full,20260919T103645Z-85ee197-411aeb27,q20,cell,5,cod_imovel,GO-5212204-2,GO-5212204-3EC9EBA0E8B64C978796D37DE35E549F,,,False,,,,,,
"Haiku, spec",haiku,full,20260919T103645Z-85ee197-411aeb27,q20,cell,5,post2020_loss_ha,9.0,3.0,2.0,2.0,False,9.0,2.0,,,,
"Haiku, spec",haiku,full,20260919T103645Z-85ee197-411aeb27,q20,cell,5,n_fields_post2020_loss,6,2,2.0,2.0,True,,,,,,
"Haiku, spec",haiku,full,20260919T103645Z-85ee197-411aeb27,q20,cell,6,cod_imovel,GO-5212204-4,GO-5212204-BC0DD19983DE40DDA0F0E5BF93136C61,,,False,,,,,,
"Haiku, spec",haiku,full,20260919T103645Z-85ee197-411aeb27,q20,cell,6,post2020_loss_ha,7.0,2.9,1.413793,1.413793,False,7.0,1.413793,,,,
"Haiku, spec",haiku,full,20260919T103645Z-85ee197-411aeb27,q20,cell,6,n_fields_post2020_loss,4,2,1.0,1.0,True,,,,,,
"Haiku, spec",haiku,full,20260919T103645Z-85ee197-411aeb27,q20,cell,7,cod_imovel,GO-5212204-5,GO-5219258-D8B970A69F30415F9FDEE84663A2210B,,,False,,,,,,
"Haiku, spec",haiku,full,20260919T103645Z-85ee197-411aeb27,q20,cell,7,municipio,Jussara,Santa Fe de Goias,,,False,,,,,,
"Haiku, spec",haiku,full,20260919T103645Z-85ee197-411aeb27,q20,cell,7,post2020_loss_ha,6.0,1.6,2.75,2.75,False,6.0,2.75,,,,
"Haiku, spec",haiku,full,20260919T103645Z-85ee197-411aeb27,q20,cell,7,n_fields_post2020_loss,4,2,1.0,1.0,True,,,,,,
"Haiku, spec",haiku,full,20260919T103645Z-85ee197-411aeb27,q20,cell,8,cod_imovel,GO-5212204-6,GO-5212204-B09F3674DFFF46D7AB8D2101F77AFC10,,,False,,,,,,
"Haiku, spec",haiku,full,20260919T103645Z-85ee197-411aeb27,q20,cell,8,post2020_loss_ha,5.0,1.2,3.166667,3.166667,False,5.0,3.166667,,,,
"Haiku, spec",haiku,full,20260919T103645Z-85ee197-411aeb27,q20,cell,8,n_fields_post2020_loss,4,1,3.0,3.0,True,,,,,,
"Haiku, spec",haiku,full,20260919T103645Z-85ee197-411aeb27,q20,cell,9,cod_imovel,GO-5212204-7,GO-5212204-59B661AA7FEB45408462F5CD9717FC56,,,False,,,,,,
"Haiku, spec",haiku,full,20260919T103645Z-85ee197-411aeb27,q20,cell,9,post2020_loss_ha,4.0,0.6,5.666667,5.666667,False,4.0,5.666667,,,,
"Haiku, spec",haiku,full,20260919T103645Z-85ee197-411aeb27,q20,cell,9,n_fields_post2020_loss,3,1,2.0,2.0,True,,,,,,
"Haiku, spec",haiku,full,20260919T103645Z-85ee197-411aeb27,q21,cell,0,cleared_ha,10.0,761.4,0.986866,0.986866,False,10.0,0.986866,,,,
"Haiku, spec",haiku,full,20260919T103645Z-85ee197-411aeb27,q21,cell,0,pct_of_loss,10.0,42.0,0.761905,0.761905,False,10.0,0.761905,,,,
"Haiku, spec",haiku,full,20260919T103645Z-85ee197-411aeb27,q21,cell,1,cleared_ha,20.0,418.5,0.95221,0.95221,False,20.0,0.95221,,,,
"Haiku, spec",haiku,full,20260919T103645Z-85ee197-411aeb27,q21,cell,1,pct_of_loss,20.0,23.1,0.134199,0.134199,False,20.0,0.134199,,,,
"Haiku, spec",haiku,full,20260919T103645Z-85ee197-411aeb27,q21,cell,2,cleared_ha,30.0,326.0,0.907975,0.907975,False,30.0,0.907975,,,,
"Haiku, spec",haiku,full,20260919T103645Z-85ee197-411aeb27,q21,cell,2,pct_of_loss,30.0,18.0,0.666667,0.666667,False,30.0,0.666667,,,,
"Haiku, spec",haiku,full,20260919T103645Z-85ee197-411aeb27,q21,cell,3,cleared_ha,25.0,190.0,0.868421,0.868421,False,25.0,0.868421,,,,
"Haiku, spec",haiku,full,20260919T103645Z-85ee197-411aeb27,q21,cell,3,pct_of_loss,25.0,10.5,1.380952,1.380952,False,25.0,1.380952,,,,
"Haiku, spec",haiku,full,20260919T103645Z-85ee197-411aeb27,q21,cell,4,cleared_ha,15.0,114.9,0.869452,0.869452,False,15.0,0.869452,,,,
"Haiku, spec",haiku,full,20260919T103645Z-85ee197-411aeb27,q21,cell,4,pct_of_loss,15.0,6.3,1.380952,1.380952,False,15.0,1.380952,,,,
"Haiku, spec",haiku,full,20260919T103645Z-85ee197-411aeb27,q22,shape,,,,,,,,,,5,3,24,3
"Haiku, spec",haiku,full,20260919T103645Z-85ee197-411aeb27,q23,cell,0,field_id,2,4974415,1.0,1.0,False,,,,,,
"Haiku, spec",haiku,full,20260919T103645Z-85ee197-411aeb27,q23,cell,0,cod_imovel,GO-5212204-1002,GO-5212204-8F9A53F42FEE4187BBBC3E66F68CEEBE,,,False,,,,,,
"Haiku, spec",haiku,full,20260919T103645Z-85ee197-411aeb27,q23,cell,0,field_area_ha,95.0,221.2,0.570524,0.570524,False,95.0,0.570524,,,,
"Haiku, spec",haiku,full,20260919T103645Z-85ee197-411aeb27,q23,cell,0,post2020_loss_ha,9.0,46.2,0.805195,0.805195,False,9.0,0.805195,,,,
"Haiku, spec",haiku,full,20260919T103645Z-85ee197-411aeb27,q23,cell,1,field_id,9,4681779,0.999998,0.999998,False,,,,,,
"Haiku, spec",haiku,full,20260919T103645Z-85ee197-411aeb27,q23,cell,1,cod_imovel,GO-5212204-1009,GO-5212204-2B296F3D835C44D7BF1AD385C1D519A9,,,False,,,,,,
"Haiku, spec",haiku,full,20260919T103645Z-85ee197-411aeb27,q23,cell,1,post2020_loss_ha,2.0,12.9,0.844961,0.844961,False,2.0,0.844961,,,,
"Haiku, spec",haiku,full,20260919T103645Z-85ee197-411aeb27,q23,cell,2,field_id,1,4533274,1.0,1.0,False,,,,,,
"Haiku, spec",haiku,full,20260919T103645Z-85ee197-411aeb27,q23,cell,2,cod_imovel,GO-5212204-1001,GO-5212204-5A626DA1611C4A4885618BD646CF0010,,,False,,,,,,
"Haiku, spec",haiku,full,20260919T103645Z-85ee197-411aeb27,q23,cell,2,field_area_ha,100.0,14.6,5.849315,5.849315,False,100.0,5.849315,,,,
"Haiku, spec",haiku,full,20260919T103645Z-85ee197-411aeb27,q23,cell,2,post2020_loss_ha,10.0,10.8,0.074074,0.074074,True,10.0,0.074074,,,,
"Haiku, spec",haiku,full,20260919T103645Z-85ee197-411aeb27,q23,cell,3,field_id,3,4903857,0.999999,0.999999,False,,,,,,
"Haiku, spec",haiku,full,20260919T103645Z-85ee197-411aeb27,q23,cell,3,cod_imovel,GO-5212204-1003,GO-5212204-67B7F23029D24ACFAC7656714A14C2DB,,,False,,,,,,
"Haiku, spec",haiku,full,20260919T103645Z-85ee197-411aeb27,q23,cell,3,field_area_ha,90.0,10.7,7.411215,7.411215,False,90.0,7.411215,,,,
"Haiku, spec",haiku,full,20260919T103645Z-85ee197-411aeb27,q23,cell,3,post2020_loss_ha,8.0,10.7,0.252336,0.252336,False,8.0,0.252336,,,,
"Haiku, spec",haiku,full,20260919T103645Z-85ee197-411aeb27,q23,cell,4,field_id,5,4668028,0.999999,0.999999,False,,,,,,
"Haiku, spec",haiku,full,20260919T103645Z-85ee197-411aeb27,q23,cell,4,cod_imovel,GO-5212204-1005,GO-5212204-2B296F3D835C44D7BF1AD385C1D519A9,,,False,,,,,,
"Haiku, spec",haiku,full,20260919T103645Z-85ee197-411aeb27,q23,cell,4,field_area_ha,80.0,27.6,1.898551,1.898551,False,80.0,1.898551,,,,
"Haiku, spec",haiku,full,20260919T103645Z-85ee197-411aeb27,q23,cell,4,post2020_loss_ha,6.0,9.5,0.368421,0.368421,False,6.0,0.368421,,,,
"Haiku, spec",haiku,full,20260919T103645Z-85ee197-411aeb27,q23,cell,5,field_id,7,4679025,0.999999,0.999999,False,,,,,,
"Haiku, spec",haiku,full,20260919T103645Z-85ee197-411aeb27,q23,cell,5,cod_imovel,GO-5212204-1007,GO-5212204-2B296F3D835C44D7BF1AD385C1D519A9,,,False,,,,,,
"Haiku, spec",haiku,full,20260919T103645Z-85ee197-411aeb27,q23,cell,5,field_area_ha,70.0,5.0,13.0,13.0,False,70.0,13.0,,,,
"Haiku, spec",haiku,full,20260919T103645Z-85ee197-411aeb27,q23,cell,5,post2020_loss_ha,4.0,3.1,0.290323,0.290323,False,4.0,0.290323,,,,
"Haiku, spec",haiku,full,20260919T103645Z-85ee197-411aeb27,q23,cell,6,field_id,8,4659940,0.999998,0.999998,False,,,,,,
"Haiku, spec",haiku,full,20260919T103645Z-85ee197-411aeb27,q23,cell,6,cod_imovel,GO-5212204-1008,GO-5219258-E7F86639E6404DC4AD9B8DBFAFFB112B,,,False,,,,,,
"Haiku, spec",haiku,full,20260919T103645Z-85ee197-411aeb27,q23,cell,6,annex1_commodity,soya,cattle,,,False,,,,,,
"Haiku, spec",haiku,full,20260919T103645Z-85ee197-411aeb27,q23,cell,6,field_area_ha,65.0,7.4,7.783784,7.783784,False,65.0,7.783784,,,,
"Haiku, spec",haiku,full,20260919T103645Z-85ee197-411aeb27,q23,cell,6,post2020_loss_ha,3.0,3.1,0.032258,0.032258,True,3.0,0.032258,,,,
"Haiku, spec",haiku,full,20260919T103645Z-85ee197-411aeb27,q23,cell,7,field_id,4,4745030,0.999999,0.999999,False,,,,,,
"Haiku, spec",haiku,full,20260919T103645Z-85ee197-411aeb27,q23,cell,7,cod_imovel,GO-5212204-1004,GO-5212204-BC0DD19983DE40DDA0F0E5BF93136C61,,,False,,,,,,
"Haiku, spec",haiku,full,20260919T103645Z-85ee197-411aeb27,q23,cell,7,annex1_commodity,soya,cattle,,,False,,,,,,
"Haiku, spec",haiku,full,20260919T103645Z-85ee197-411aeb27,q23,cell,7,field_area_ha,85.0,7.8,9.897436,9.897436,False,85.0,9.897436,,,,
"Haiku, spec",haiku,full,20260919T103645Z-85ee197-411aeb27,q23,cell,7,post2020_loss_ha,7.0,2.8,1.5,1.5,False,7.0,1.5,,,,
"Haiku, spec",haiku,full,20260919T103645Z-85ee197-411aeb27,q23,cell,8,field_id,6,4766627,0.999999,0.999999,False,,,,,,
"Haiku, spec",haiku,full,20260919T103645Z-85ee197-411aeb27,q23,cell,8,cod_imovel,GO-5212204-1006,GO-5212204-3EC9EBA0E8B64C978796D37DE35E549F,,,False,,,,,,
"Haiku, spec",haiku,full,20260919T103645Z-85ee197-411aeb27,q23,cell,8,annex1_commodity,soya,cattle,,,False,,,,,,
"Haiku, spec",haiku,full,20260919T103645Z-85ee197-411aeb27,q23,cell,8,field_area_ha,75.0,125.2,0.400958,0.400958,False,75.0,0.400958,,,,
"Haiku, spec",haiku,full,20260919T103645Z-85ee197-411aeb27,q23,cell,8,post2020_loss_ha,5.0,2.7,0.851852,0.851852,False,5.0,0.851852,,,,
"Haiku, spec",haiku,full,20260919T103645Z-85ee197-411aeb27,q23,cell,9,field_id,10,4685105,0.999998,0.999998,False,,,,,,
"Haiku, spec",haiku,full,20260919T103645Z-85ee197-411aeb27,q23,cell,9,cod_imovel,GO-5212204-1010,GO-5212204-2B296F3D835C44D7BF1AD385C1D519A9,,,False,,,,,,
"Haiku, spec",haiku,full,20260919T103645Z-85ee197-411aeb27,q23,cell,9,annex1_commodity,soya,cattle,,,False,,,,,,
"Haiku, spec",haiku,full,20260919T103645Z-85ee197-411aeb27,q23,cell,9,field_area_ha,55.0,6.6,7.333333,7.333333,False,55.0,7.333333,,,,
"Haiku, spec",haiku,full,20260919T103645Z-85ee197-411aeb27,q23,cell,9,post2020_loss_ha,1.0,2.5,0.6,0.6,False,1.0,0.6,,,,
"Haiku, spec",haiku,full,20260919T103645Z-85ee197-411aeb27,q24,shape,,,,,,,,,,5,4,18,4
"Haiku, spec",haiku,full,20260919T103645Z-85ee197-411aeb27,q25,shape,,,,,,,,,,4,3,2,3
"Haiku, spec",haiku,full,20260919T103645Z-85ee197-411aeb27,q26,shape,,,,,,,,,,3,4,18,4
"Haiku, spec",haiku,full,20260919T103645Z-85ee197-411aeb27,q27,shape,,,,,,,,,,3,3,18,3
"Haiku, spec",haiku,full,20260919T103645Z-85ee197-411aeb27,q28,shape,,,,,,,,,,3,7,18,7
"Haiku, spec",haiku,full,20260919T103645Z-85ee197-411aeb27,q29,cell,0,n_widened,1,0,,,True,,,,,,
"Haiku, spec",haiku,full,20260919T103645Z-85ee197-411aeb27,q29,cell,0,n_no_match,1,0,,,True,,,,,,
"Haiku, spec",haiku,full,20260919T103645Z-85ee197-411aeb27,q30,shape,,,,,,,,,,5,8,18,8
"Haiku, spec",haiku,full,20260919T103645Z-85ee197-411aeb27,q31,cell,0,centroid_resolved,0,1,1.0,1.0,True,,,,,,
"Haiku, spec",haiku,full,20260919T103645Z-85ee197-411aeb27,q31,cell,0,geometry_resolved,0,1,1.0,1.0,True,,,,,,
"Haiku, spec",haiku,full,20260919T103645Z-85ee197-411aeb27,q31,cell,0,axis_repaired,0,1,1.0,1.0,True,,,,,,
"Haiku, spec",haiku,full,20260919T103645Z-85ee197-411aeb27,q31,cell,0,duplicates_removed,0,1,1.0,1.0,True,,,,,,
"Haiku, spec",haiku,full,20260919T103645Z-85ee197-411aeb27,q31,cell,0,unresolvable,5,1,4.0,4.0,True,,,,,,
"Haiku, spec",haiku,full,20260919T105238Z-85ee197-9012e6a7,q01,cell,0,n_collections,5,3,0.666667,0.666667,True,,,,,,
"Haiku, spec",haiku,full,20260919T105238Z-85ee197-9012e6a7,q01,cell,0,recommended_id,trazo3_brazil_goias_2024,trazo3-fields,,,False,,,,,,
"Haiku, spec",haiku,full,20260919T105238Z-85ee197-9012e6a7,q05,cell,0,list_ids,114,117,0.025641,0.025641,True,,,,,,
"Haiku, spec",haiku,full,20260919T105238Z-85ee197-9012e6a7,q05,cell,0,found_in_car,114,117,0.025641,0.025641,True,,,,,,
"Haiku, spec",haiku,full,20260919T105238Z-85ee197-9012e6a7,q06,cell,0,n_parcels,106,109,0.027523,0.027523,True,,,,,,
"Haiku, spec",haiku,full,20260919T105238Z-85ee197-9012e6a7,q08,cell,0,n_fields_in_envelope,15000,3291,3.557885,3.557885,False,,,,,,
"Haiku, spec",haiku,full,20260919T105238Z-85ee197-9012e6a7,q09,cell,0,matched_fields,8500,793,9.718789,9.718789,False,,,,,,
"Haiku, spec",haiku,full,20260919T105238Z-85ee197-9012e6a7,q10,cell,0,by_single_parcel_rule,8200,766,9.704961,9.704961,False,,,,,,
"Haiku, spec",haiku,full,20260919T105238Z-85ee197-9012e6a7,q10,cell,0,by_aggregate_rule_only,300,27,10.111111,10.111111,False,,,,,,
"Haiku, spec",haiku,full,20260919T105238Z-85ee197-9012e6a7,q11,cell,0,min_single_frac,0.667,0.31,1.151613,1.151613,False,0.67,1.16129,,,,
"Haiku, spec",haiku,full,20260919T105238Z-85ee197-9012e6a7,q11,cell,0,avg_single_frac,0.85,0.973,0.126413,0.126413,False,0.85,0.126413,,,,
"Haiku, spec",haiku,full,20260919T105238Z-85ee197-9012e6a7,q11,cell,0,avg_union_frac,0.8,0.996,0.196787,0.196787,False,0.8,0.196787,,,,
"Haiku, spec",haiku,full,20260919T105238Z-85ee197-9012e6a7,q12,cell,0,n_excluded,500,79,5.329114,5.329114,False,,,,,,
"Haiku, spec",haiku,full,20260919T105238Z-85ee197-9012e6a7,q13,cell,0,cod_imovel,GO-5212204-011050C9BC804D77A80A4F161A120C5A,GO-5212204-5A626DA1611C4A4885618BD646CF0010,,,False,,,,,,
"Haiku, spec",haiku,full,20260919T105238Z-85ee197-9012e6a7,q13,cell,0,n_fields,450,74,5.081081,5.081081,False,,,,,,
"Haiku, spec",haiku,full,20260919T105238Z-85ee197-9012e6a7,q13,cell,1,cod_imovel,GO-5212204-0E3C72FBAFCA4422AE312548AA7331C0,GO-5212204-15108D4D7C134B8D9E71E50A2ED2E605,,,False,,,,,,
"Haiku, spec",haiku,full,20260919T105238Z-85ee197-9012e6a7,q13,cell,1,n_fields,380,42,8.047619,8.047619,False,,,,,,
"Haiku, spec",haiku,full,20260919T105238Z-85ee197-9012e6a7,q13,cell,2,cod_imovel,GO-5212204-0F4C0661AD054C0883A19B9670A7A0F0,GO-5212204-5EA91F9370294F8F8F9447882810DD0B,,,False,,,,,,
"Haiku, spec",haiku,full,20260919T105238Z-85ee197-9012e6a7,q13,cell,2,n_fields,320,42,6.619048,6.619048,False,,,,,,
"Haiku, spec",haiku,full,20260919T105238Z-85ee197-9012e6a7,q13,cell,3,cod_imovel,GO-5212204-118F8241E57F4C21AF20F2486C2316F9,GO-5212204-6A28AC5AF7BF4BEC8931E8E154D99AEE,,,False,,,,,,
"Haiku, spec",haiku,full,20260919T105238Z-85ee197-9012e6a7,q13,cell,3,n_fields,290,34,7.529412,7.529412,False,,,,,,
"Haiku, spec",haiku,full,20260919T105238Z-85ee197-9012e6a7,q13,cell,4,cod_imovel,GO-5212204-1388D04145DA42C49E1692A41D96CDB5,GO-5212204-52E2FECF2A7042F2B0DC6B27138AADE6,,,False,,,,,,
"Haiku, spec",haiku,full,20260919T105238Z-85ee197-9012e6a7,q13,cell,4,n_fields,280,31,8.032258,8.032258,False,,,,,,
"Haiku, spec",haiku,full,20260919T105238Z-85ee197-9012e6a7,q13,cell,5,cod_imovel,GO-5212204-156094615E67476AB099D9F46F6C0655,GO-5212204-F17BEA20B17148C1ADB4BD53A04EC448,,,False,,,,,,
"Haiku, spec",haiku,full,20260919T105238Z-85ee197-9012e6a7,q13,cell,5,n_fields,270,29,8.310345,8.310345,False,,,,,,
"Haiku, spec",haiku,full,20260919T105238Z-85ee197-9012e6a7,q13,cell,6,cod_imovel,GO-5212204-162DBAFE85134130B3480CF2ED130BFA,GO-5219258-021D6EEAC0FE4976868FEBAAD4C9056C,,,False,,,,,,
"Haiku, spec",haiku,full,20260919T105238Z-85ee197-9012e6a7,q13,cell,6,n_fields,250,29,7.62069,7.62069,False,,,,,,
"Haiku, spec",haiku,full,20260919T105238Z-85ee197-9012e6a7,q13,cell,7,cod_imovel,GO-5212204-16833B91FD32494C864B458F765C0755,GO-5212204-2B296F3D835C44D7BF1AD385C1D519A9,,,False,,,,,,
"Haiku, spec",haiku,full,20260919T105238Z-85ee197-9012e6a7,q13,cell,7,n_fields,240,28,7.571429,7.571429,False,,,,,,
"Haiku, spec",haiku,full,20260919T105238Z-85ee197-9012e6a7,q13,cell,8,cod_imovel,GO-5212204-1C88EF1B3499490DB39608D89AA62FA5,GO-5212204-CE5E071E653F445E8EA2609440D42C75,,,False,,,,,,
"Haiku, spec",haiku,full,20260919T105238Z-85ee197-9012e6a7,q13,cell,8,n_fields,230,26,7.846154,7.846154,False,,,,,,
"Haiku, spec",haiku,full,20260919T105238Z-85ee197-9012e6a7,q13,cell,9,cod_imovel,GO-5212204-1E2963990BB04DAF9B1A8E86549F116C,GO-5212204-156094615E67476AB099D9F46F6C0655,,,False,,,,,,
"Haiku, spec",haiku,full,20260919T105238Z-85ee197-9012e6a7,q13,cell,9,n_fields,220,22,9.0,9.0,False,,,,,,
"Haiku, spec",haiku,full,20260919T105238Z-85ee197-9012e6a7,q14,cell,0,matched_field_ha,42500.5,36108.6,0.177019,0.177019,False,42500.5,0.177019,,,,
"Haiku, spec",haiku,full,20260919T105238Z-85ee197-9012e6a7,q15,cell,0,n_parcels,8500,117,71.649573,71.649573,False,,,,,,
"Haiku, spec",haiku,full,20260919T105238Z-85ee197-9012e6a7,q15,cell,0,n_fields,42500.5,793,52.594578,52.594578,False,42500.5,52.594578,,,,
"Haiku, spec",haiku,full,20260919T105238Z-85ee197-9012e6a7,q15,cell,0,matched_field_ha,2350.75,36108.6,0.934896,0.934898,False,2350.8,0.934896,,,,
"Haiku, spec",haiku,full,20260919T105238Z-85ee197-9012e6a7,q15,cell,0,fields_with_post2020_loss,1200,41,28.268293,28.268293,False,,,,,,
"Haiku, spec",haiku,full,20260919T105238Z-85ee197-9012e6a7,q16,shape,,,,,,,,,,13,5,4,5
"Haiku, spec",haiku,full,20260919T105238Z-85ee197-9012e6a7,q17,shape,,,,,,,,,,4,3,2,3
"Haiku, spec",haiku,full,20260919T105238Z-85ee197-9012e6a7,q18,shape,,,,,,,,,,2,3,1,3
"Haiku, spec",haiku,full,20260919T105238Z-85ee197-9012e6a7,q19,shape,,,,,,,,,,4,3,2,3
"Haiku, spec",haiku,full,20260919T105238Z-85ee197-9012e6a7,q20,cell,0,cod_imovel,GO-5212204-011050C9BC804D77A80A4F161A120C5A,GO-5212204-8F9A53F42FEE4187BBBC3E66F68CEEBE,,,False,,,,,,
"Haiku, spec",haiku,full,20260919T105238Z-85ee197-9012e6a7,q20,cell,0,post2020_loss_ha,245.75,46.9,4.239872,4.239872,False,245.8,4.240938,,,,
"Haiku, spec",haiku,full,20260919T105238Z-85ee197-9012e6a7,q20,cell,0,n_fields_post2020_loss,125,2,61.5,61.5,False,,,,,,
"Haiku, spec",haiku,full,20260919T105238Z-85ee197-9012e6a7,q20,cell,1,cod_imovel,GO-5212204-0E3C72FBAFCA4422AE312548AA7331C0,GO-5212204-2B296F3D835C44D7BF1AD385C1D519A9,,,False,,,,,,
"Haiku, spec",haiku,full,20260919T105238Z-85ee197-9012e6a7,q20,cell,1,post2020_loss_ha,198.5,29.5,5.728814,5.728814,False,198.5,5.728814,,,,
"Haiku, spec",haiku,full,20260919T105238Z-85ee197-9012e6a7,q20,cell,1,n_fields_post2020_loss,95,12,6.916667,6.916667,False,,,,,,
"Haiku, spec",haiku,full,20260919T105238Z-85ee197-9012e6a7,q20,cell,2,cod_imovel,GO-5212204-0F4C0661AD054C0883A19B9670A7A0F0,GO-5212204-67B7F23029D24ACFAC7656714A14C2DB,,,False,,,,,,
"Haiku, spec",haiku,full,20260919T105238Z-85ee197-9012e6a7,q20,cell,2,post2020_loss_ha,175.25,13.3,12.172932,12.176692,False,175.2,12.172932,,,,
"Haiku, spec",haiku,full,20260919T105238Z-85ee197-9012e6a7,q20,cell,2,n_fields_post2020_loss,85,5,16.0,16.0,False,,,,,,
"Haiku, spec",haiku,full,20260919T105238Z-85ee197-9012e6a7,q20,cell,3,cod_imovel,GO-5212204-118F8241E57F4C21AF20F2486C2316F9,GO-5212204-5A626DA1611C4A4885618BD646CF0010,,,False,,,,,,
"Haiku, spec",haiku,full,20260919T105238Z-85ee197-9012e6a7,q20,cell,3,post2020_loss_ha,156.0,10.8,13.444444,13.444444,False,156.0,13.444444,,,,
"Haiku, spec",haiku,full,20260919T105238Z-85ee197-9012e6a7,q20,cell,3,n_fields_post2020_loss,78,2,38.0,38.0,False,,,,,,
"Haiku, spec",haiku,full,20260919T105238Z-85ee197-9012e6a7,q20,cell,4,cod_imovel,GO-5212204-1388D04145DA42C49E1692A41D96CDB5,GO-5219258-E7F86639E6404DC4AD9B8DBFAFFB112B,,,False,,,,,,
"Haiku, spec",haiku,full,20260919T105238Z-85ee197-9012e6a7,q20,cell,4,municipio,Jussara,Santa Fe de Goias,,,False,,,,,,
"Haiku, spec",haiku,full,20260919T105238Z-85ee197-9012e6a7,q20,cell,4,post2020_loss_ha,142.5,3.1,44.967742,44.967742,False,142.5,44.967742,,,,
"Haiku, spec",haiku,full,20260919T105238Z-85ee197-9012e6a7,q20,cell,4,n_fields_post2020_loss,72,2,35.0,35.0,False,,,,,,
"Haiku, spec",haiku,full,20260919T105238Z-85ee197-9012e6a7,q20,cell,5,cod_imovel,GO-5212204-156094615E67476AB099D9F46F6C0655,GO-5212204-3EC9EBA0E8B64C978796D37DE35E549F,,,False,,,,,,
"Haiku, spec",haiku,full,20260919T105238Z-85ee197-9012e6a7,q20,cell,5,post2020_loss_ha,128.75,3.0,41.916667,41.916667,False,128.8,41.933333,,,,
"Haiku, spec",haiku,full,20260919T105238Z-85ee197-9012e6a7,q20,cell,5,n_fields_post2020_loss,65,2,31.5,31.5,False,,,,,,
"Haiku, spec",haiku,full,20260919T105238Z-85ee197-9012e6a7,q20,cell,6,cod_imovel,GO-5212204-162DBAFE85134130B3480CF2ED130BFA,GO-5212204-BC0DD19983DE40DDA0F0E5BF93136C61,,,False,,,,,,
"Haiku, spec",haiku,full,20260919T105238Z-85ee197-9012e6a7,q20,cell,6,post2020_loss_ha,115.25,2.9,38.724138,38.741379,False,115.2,38.724138,,,,
"Haiku, spec",haiku,full,20260919T105238Z-85ee197-9012e6a7,q20,cell,6,n_fields_post2020_loss,58,2,28.0,28.0,False,,,,,,
"Haiku, spec",haiku,full,20260919T105238Z-85ee197-9012e6a7,q20,cell,7,cod_imovel,GO-5212204-16833B91FD32494C864B458F765C0755,GO-5219258-D8B970A69F30415F9FDEE84663A2210B,,,False,,,,,,
"Haiku, spec",haiku,full,20260919T105238Z-85ee197-9012e6a7,q20,cell,7,municipio,Jussara,Santa Fe de Goias,,,False,,,,,,
"Haiku, spec",haiku,full,20260919T105238Z-85ee197-9012e6a7,q20,cell,7,post2020_loss_ha,98.5,1.6,60.5625,60.5625,False,98.5,60.5625,,,,
"Haiku, spec",haiku,full,20260919T105238Z-85ee197-9012e6a7,q20,cell,7,n_fields_post2020_loss,50,2,24.0,24.0,False,,,,,,
"Haiku, spec",haiku,full,20260919T105238Z-85ee197-9012e6a7,q20,cell,8,cod_imovel,GO-5212204-1C88EF1B3499490DB39608D89AA62FA5,GO-5212204-B09F3674DFFF46D7AB8D2101F77AFC10,,,False,,,,,,
"Haiku, spec",haiku,full,20260919T105238Z-85ee197-9012e6a7,q20,cell,8,post2020_loss_ha,85.75,1.2,70.458333,70.458333,False,85.8,70.5,,,,
"Haiku, spec",haiku,full,20260919T105238Z-85ee197-9012e6a7,q20,cell,8,n_fields_post2020_loss,45,1,44.0,44.0,False,,,,,,
"Haiku, spec",haiku,full,20260919T105238Z-85ee197-9012e6a7,q20,cell,9,cod_imovel,GO-5212204-1E2963990BB04DAF9B1A8E86549F116C,GO-5212204-59B661AA7FEB45408462F5CD9717FC56,,,False,,,,,,
"Haiku, spec",haiku,full,20260919T105238Z-85ee197-9012e6a7,q20,cell,9,post2020_loss_ha,72.5,0.6,119.833333,119.833333,False,72.5,119.833333,,,,
"Haiku, spec",haiku,full,20260919T105238Z-85ee197-9012e6a7,q20,cell,9,n_fields_post2020_loss,38,1,37.0,37.0,False,,,,,,
"Haiku, spec",haiku,full,20260919T105238Z-85ee197-9012e6a7,q21,cell,0,cleared_ha,8500.0,761.4,10.163646,10.163646,False,8500.0,10.163646,,,,
"Haiku, spec",haiku,full,20260919T105238Z-85ee197-9012e6a7,q21,cell,0,pct_of_loss,35.5,42.0,0.154762,0.154762,False,35.5,0.154762,,,,
"Haiku, spec",haiku,full,20260919T105238Z-85ee197-9012e6a7,q21,cell,1,cleared_ha,7200.0,418.5,16.204301,16.204301,False,7200.0,16.204301,,,,
"Haiku, spec",haiku,full,20260919T105238Z-85ee197-9012e6a7,q21,cell,1,pct_of_loss,30.0,23.1,0.298701,0.298701,False,30.0,0.298701,,,,
"Haiku, spec",haiku,full,20260919T105238Z-85ee197-9012e6a7,q21,cell,2,cleared_ha,4200.0,326.0,11.883436,11.883436,False,4200.0,11.883436,,,,
"Haiku, spec",haiku,full,20260919T105238Z-85ee197-9012e6a7,q21,cell,2,pct_of_loss,17.5,18.0,0.027778,0.027778,False,17.5,0.027778,,,,
"Haiku, spec",haiku,full,20260919T105238Z-85ee197-9012e6a7,q21,cell,3,cleared_ha,2100.0,190.0,10.052632,10.052632,False,2100.0,10.052632,,,,
"Haiku, spec",haiku,full,20260919T105238Z-85ee197-9012e6a7,q21,cell,3,pct_of_loss,8.8,10.5,0.161905,0.161905,False,8.8,0.161905,,,,
"Haiku, spec",haiku,full,20260919T105238Z-85ee197-9012e6a7,q21,cell,4,cleared_ha,2350.75,114.9,19.459095,19.459095,False,2350.8,19.45953,,,,
"Haiku, spec",haiku,full,20260919T105238Z-85ee197-9012e6a7,q21,cell,4,pct_of_loss,9.8,6.3,0.555556,0.555556,False,9.8,0.555556,,,,
"Haiku, spec",haiku,full,20260919T105238Z-85ee197-9012e6a7,q22,shape,,,,,,,,,,4,3,24,3
"Haiku, spec",haiku,full,20260919T105238Z-85ee197-9012e6a7,q23,cell,0,field_id,1198,4974415,0.999759,0.999759,False,,,,,,
"Haiku, spec",haiku,full,20260919T105238Z-85ee197-9012e6a7,q23,cell,0,cod_imovel,GO-5212204-0E3C72FBAFCA4422AE312548AA7331C0,GO-5212204-8F9A53F42FEE4187BBBC3E66F68CEEBE,,,False,,,,,,
"Haiku, spec",haiku,full,20260919T105238Z-85ee197-9012e6a7,q23,cell,0,field_area_ha,175.25,221.2,0.207731,0.207731,False,175.2,0.207957,,,,
"Haiku, spec",haiku,full,20260919T105238Z-85ee197-9012e6a7,q23,cell,0,post2020_loss_ha,450.0,46.2,8.74026,8.74026,False,450.0,8.74026,,,,
"Haiku, spec",haiku,full,20260919T105238Z-85ee197-9012e6a7,q23,cell,1,field_id,1245,4681779,0.999734,0.999734,False,,,,,,
"Haiku, spec",haiku,full,20260919T105238Z-85ee197-9012e6a7,q23,cell,1,cod_imovel,GO-5212204-011050C9BC804D77A80A4F161A120C5A,GO-5212204-2B296F3D835C44D7BF1AD385C1D519A9,,,False,,,,,,
"Haiku, spec",haiku,full,20260919T105238Z-85ee197-9012e6a7,q23,cell,1,field_area_ha,198.75,60.3,2.29602,2.29602,False,198.8,2.296849,,,,
"Haiku, spec",haiku,full,20260919T105238Z-85ee197-9012e6a7,q23,cell,1,post2020_loss_ha,385.5,12.9,28.883721,28.883721,False,385.5,28.883721,,,,
"Haiku, spec",haiku,full,20260919T105238Z-85ee197-9012e6a7,q23,cell,2,field_id,1246,4533274,0.999725,0.999725,False,,,,,,
"Haiku, spec",haiku,full,20260919T105238Z-85ee197-9012e6a7,q23,cell,2,cod_imovel,GO-5212204-011050C9BC804D77A80A4F161A120C5A,GO-5212204-5A626DA1611C4A4885618BD646CF0010,,,False,,,,,,
"Haiku, spec",haiku,full,20260919T105238Z-85ee197-9012e6a7,q23,cell,2,field_area_ha,185.5,14.6,11.705479,11.705479,False,185.5,11.705479,,,,
"Haiku, spec",haiku,full,20260919T105238Z-85ee197-9012e6a7,q23,cell,2,post2020_loss_ha,420.25,10.8,37.907407,37.912037,False,420.2,37.907407,,,,
"Haiku, spec",haiku,full,20260919T105238Z-85ee197-9012e6a7,q23,cell,3,field_id,1087,4903857,0.999778,0.999778,False,,,,,,
"Haiku, spec",haiku,full,20260919T105238Z-85ee197-9012e6a7,q23,cell,3,cod_imovel,GO-5212204-0F4C0661AD054C0883A19B9670A7A0F0,GO-5212204-67B7F23029D24ACFAC7656714A14C2DB,,,False,,,,,,
"Haiku, spec",haiku,full,20260919T105238Z-85ee197-9012e6a7,q23,cell,3,field_area_ha,155.75,10.7,13.556075,13.556075,False,155.8,13.560748,,,,
"Haiku, spec",haiku,full,20260919T105238Z-85ee197-9012e6a7,q23,cell,3,post2020_loss_ha,520.5,10.7,47.64486,47.64486,False,520.5,47.64486,,,,
"Haiku, spec",haiku,full,20260919T105238Z-85ee197-9012e6a7,q23,cell,4,field_id,1088,4668028,0.999767,0.999767,False,,,,,,
"Haiku, spec",haiku,full,20260919T105238Z-85ee197-9012e6a7,q23,cell,4,cod_imovel,GO-5212204-0F4C0661AD054C0883A19B9670A7A0F0,GO-5212204-2B296F3D835C44D7BF1AD385C1D519A9,,,False,,,,,,
"Haiku, spec",haiku,full,20260919T105238Z-85ee197-9012e6a7,q23,cell,4,field_area_ha,148.5,27.6,4.380435,4.380435,False,148.5,4.380435,,,,
"Haiku, spec",haiku,full,20260919T105238Z-85ee197-9012e6a7,q23,cell,4,post2020_loss_ha,480.25,9.5,49.547368,49.552632,False,480.2,49.547368,,,,
"Haiku, spec",haiku,full,20260919T105238Z-85ee197-9012e6a7,q23,cell,5,field_id,801,4679025,0.999829,0.999829,False,,,,,,
"Haiku, spec",haiku,full,20260919T105238Z-85ee197-9012e6a7,q23,cell,5,cod_imovel,GO-5212204-1388D04145DA42C49E1692A41D96CDB5,GO-5212204-2B296F3D835C44D7BF1AD385C1D519A9,,,False,,,,,,
"Haiku, spec",haiku,full,20260919T105238Z-85ee197-9012e6a7,q23,cell,5,field_area_ha,120.5,5.0,23.1,23.1,False,120.5,23.1,,,,
"Haiku, spec",haiku,full,20260919T105238Z-85ee197-9012e6a7,q23,cell,5,post2020_loss_ha,505.5,3.1,162.064516,162.064516,False,505.5,162.064516,,,,
"Haiku, spec",haiku,full,20260919T105238Z-85ee197-9012e6a7,q23,cell,6,field_id,802,4659940,0.999828,0.999828,False,,,,,,
"Haiku, spec",haiku,full,20260919T105238Z-85ee197-9012e6a7,q23,cell,6,cod_imovel,GO-5212204-1388D04145DA42C49E1692A41D96CDB5,GO-5219258-E7F86639E6404DC4AD9B8DBFAFFB112B,,,False,,,,,,
"Haiku, spec",haiku,full,20260919T105238Z-85ee197-9012e6a7,q23,cell,6,field_area_ha,115.75,7.4,14.641892,14.641892,False,115.8,14.648649,,,,
"Haiku, spec",haiku,full,20260919T105238Z-85ee197-9012e6a7,q23,cell,6,post2020_loss_ha,475.25,3.1,152.290323,152.306452,False,475.2,152.290323,,,,
"Haiku, spec",haiku,full,20260919T105238Z-85ee197-9012e6a7,q23,cell,7,field_id,1199,4745030,0.999747,0.999747,False,,,,,,
"Haiku, spec",haiku,full,20260919T105238Z-85ee197-9012e6a7,q23,cell,7,cod_imovel,GO-5212204-0E3C72FBAFCA4422AE312548AA7331C0,GO-5212204-BC0DD19983DE40DDA0F0E5BF93136C61,,,False,,,,,,
"Haiku, spec",haiku,full,20260919T105238Z-85ee197-9012e6a7,q23,cell,7,annex1_commodity,soya,cattle,,,False,,,,,,
"Haiku, spec",haiku,full,20260919T105238Z-85ee197-9012e6a7,q23,cell,7,field_area_ha,165.0,7.8,20.153846,20.153846,False,165.0,20.153846,,,,
"Haiku, spec",haiku,full,20260919T105238Z-85ee197-9012e6a7,q23,cell,7,post2020_loss_ha,410.75,2.8,145.696429,145.696429,False,410.8,145.714286,,,,
"Haiku, spec",haiku,full,20260919T105238Z-85ee197-9012e6a7,q23,cell,8,field_id,956,4766627,0.999799,0.999799,False,,,,,,
"Haiku, spec",haiku,full,20260919T105238Z-85ee197-9012e6a7,q23,cell,8,cod_imovel,GO-5212204-118F8241E57F4C21AF20F2486C2316F9,GO-5212204-3EC9EBA0E8B64C978796D37DE35E549F,,,False,,,,,,
"Haiku, spec",haiku,full,20260919T105238Z-85ee197-9012e6a7,q23,cell,8,annex1_commodity,soya,cattle,,,False,,,,,,
"Haiku, spec",haiku,full,20260919T105238Z-85ee197-9012e6a7,q23,cell,8,field_area_ha,135.25,125.2,0.079872,0.080272,True,135.2,0.079872,,,,
"Haiku, spec",haiku,full,20260919T105238Z-85ee197-9012e6a7,q23,cell,8,post2020_loss_ha,395.0,2.7,145.296296,145.296296,False,395.0,145.296296,,,,
"Haiku, spec",haiku,full,20260919T105238Z-85ee197-9012e6a7,q23,cell,9,field_id,957,4685105,0.999796,0.999796,False,,,,,,
"Haiku, spec",haiku,full,20260919T105238Z-85ee197-9012e6a7,q23,cell,9,cod_imovel,GO-5212204-118F8241E57F4C21AF20F2486C2316F9,GO-5212204-2B296F3D835C44D7BF1AD385C1D519A9,,,False,,,,,,
"Haiku, spec",haiku,full,20260919T105238Z-85ee197-9012e6a7,q23,cell,9,annex1_commodity,soya,cattle,,,False,,,,,,
"Haiku, spec",haiku,full,20260919T105238Z-85ee197-9012e6a7,q23,cell,9,field_area_ha,128.0,6.6,18.393939,18.393939,False,128.0,18.393939,,,,
"Haiku, spec",haiku,full,20260919T105238Z-85ee197-9012e6a7,q23,cell,9,post2020_loss_ha,430.75,2.5,171.3,171.3,False,430.8,171.32,,,,
"Haiku, spec",haiku,full,20260919T105238Z-85ee197-9012e6a7,q24,shape,,,,,,,,,,10,4,18,4
"Haiku, spec",haiku,full,20260919T105238Z-85ee197-9012e6a7,q25,shape,,,,,,,,,,5,3,2,3
"Haiku, spec",haiku,full,20260919T105238Z-85ee197-9012e6a7,q26,shape,,,,,,,,,,8,4,18,4
"Haiku, spec",haiku,full,20260919T105238Z-85ee197-9012e6a7,q27,shape,,,,,,,,,,10,3,18,3
"Haiku, spec",haiku,full,20260919T105238Z-85ee197-9012e6a7,q28,shape,,,,,,,,,,10,7,18,7
"Haiku, spec",haiku,full,20260919T105238Z-85ee197-9012e6a7,q30,shape,,,,,,,,,,10,8,18,8
"Haiku, spec",haiku,full,20260919T105238Z-85ee197-9012e6a7,q31,cell,0,centroid_resolved,0,1,1.0,1.0,True,,,,,,
"Haiku, spec",haiku,full,20260919T105238Z-85ee197-9012e6a7,q31,cell,0,geometry_resolved,0,1,1.0,1.0,True,,,,,,
"Haiku, spec",haiku,full,20260919T105238Z-85ee197-9012e6a7,q31,cell,0,axis_repaired,0,1,1.0,1.0,True,,,,,,
"Haiku, spec",haiku,full,20260919T105238Z-85ee197-9012e6a7,q31,cell,0,duplicates_removed,0,1,1.0,1.0,True,,,,,,
"Haiku, spec",haiku,full,20260919T105238Z-85ee197-9012e6a7,q31,cell,0,unresolvable,5,1,4.0,4.0,True,,,,,,
"Haiku, spec",haiku,full,20260919T110457Z-85ee197-69b574a4,q01,cell,0,n_collections,1,3,0.666667,0.666667,True,,,,,,
"Haiku, spec",haiku,full,20260919T110457Z-85ee197-69b574a4,q02,cell,0,n,0,3103,1.0,1.0,False,,,,,,
"Haiku, spec",haiku,full,20260919T110457Z-85ee197-69b574a4,q02,cell,1,n,0,18796,1.0,1.0,False,,,,,,
"Haiku, spec",haiku,full,20260919T110457Z-85ee197-69b574a4,q02,cell,2,n,0,5257,1.0,1.0,False,,,,,,
"Haiku, spec",haiku,full,20260919T110457Z-85ee197-69b574a4,q02,cell,3,n,0,417,1.0,1.0,False,,,,,,
"Haiku, spec",haiku,full,20260919T110457Z-85ee197-69b574a4,q02,cell,4,n,0,13096,1.0,1.0,False,,,,,,
"Haiku, spec",haiku,full,20260919T110457Z-85ee197-69b574a4,q03,cell,0,n_rows,8453554,8453552,0.0,0.0,True,,,,,,
"Haiku, spec",haiku,full,20260919T110457Z-85ee197-69b574a4,q03,cell,0,n_distinct_ids,8437940,8437938,0.0,0.0,True,,,,,,
"Haiku, spec",haiku,full,20260919T110457Z-85ee197-69b574a4,q04,cell,0,n_rows,0,772404,1.0,1.0,False,,,,,,
"Haiku, spec",haiku,full,20260919T110457Z-85ee197-69b574a4,q05,cell,0,list_ids,114,117,0.025641,0.025641,True,,,,,,
"Haiku, spec",haiku,full,20260919T110457Z-85ee197-69b574a4,q05,cell,0,found_in_car,114,117,0.025641,0.025641,True,,,,,,
"Haiku, spec",haiku,full,20260919T110457Z-85ee197-69b574a4,q06,cell,0,n_parcels,106,109,0.027523,0.027523,True,,,,,,
"Haiku, spec",haiku,full,20260919T110457Z-85ee197-69b574a4,q07,cell,0,n_duplicate_ids,1,0,,,True,,,,,,
"Haiku, spec",haiku,full,20260919T110457Z-85ee197-69b574a4,q08,cell,0,n_fields_in_envelope,0,3291,1.0,1.0,False,,,,,,
"Haiku, spec",haiku,full,20260919T110457Z-85ee197-69b574a4,q09,cell,0,matched_fields,0,793,1.0,1.0,False,,,,,,
"Haiku, spec",haiku,full,20260919T110457Z-85ee197-69b574a4,q10,cell,0,by_single_parcel_rule,0,766,1.0,1.0,False,,,,,,
"Haiku, spec",haiku,full,20260919T110457Z-85ee197-69b574a4,q10,cell,0,by_aggregate_rule_only,0,27,1.0,1.0,False,,,,,,
"Haiku, spec",haiku,full,20260919T110457Z-85ee197-69b574a4,q11,cell,0,min_single_frac,0.0,0.31,1.0,1.0,False,0.0,1.0,,,,
"Haiku, spec",haiku,full,20260919T110457Z-85ee197-69b574a4,q11,cell,0,avg_single_frac,0.0,0.973,1.0,1.0,False,0.0,1.0,,,,
"Haiku, spec",haiku,full,20260919T110457Z-85ee197-69b574a4,q11,cell,0,avg_union_frac,0.0,0.996,1.0,1.0,False,0.0,1.0,,,,
"Haiku, spec",haiku,full,20260919T110457Z-85ee197-69b574a4,q12,cell,0,n_excluded,0,79,1.0,1.0,False,,,,,,
"Haiku, spec",haiku,full,20260919T110457Z-85ee197-69b574a4,q14,cell,0,matched_field_ha,0.0,36108.6,1.0,1.0,False,0.0,1.0,,,,
"Haiku, spec",haiku,full,20260919T110457Z-85ee197-69b574a4,q15,cell,0,n_parcels,0,117,1.0,1.0,False,,,,,,
"Haiku, spec",haiku,full,20260919T110457Z-85ee197-69b574a4,q15,cell,0,n_fields,0,793,1.0,1.0,False,,,,,,
"Haiku, spec",haiku,full,20260919T110457Z-85ee197-69b574a4,q15,cell,0,matched_field_ha,0.0,36108.6,1.0,1.0,False,0.0,1.0,,,,
"Haiku, spec",haiku,full,20260919T110457Z-85ee197-69b574a4,q15,cell,0,post2020_loss_ha,0.0,114.9,1.0,1.0,False,0.0,1.0,,,,
"Haiku, spec",haiku,full,20260919T110457Z-85ee197-69b574a4,q15,cell,0,fields_with_post2020_loss,0,41,1.0,1.0,False,,,,,,
"Haiku, spec",haiku,full,20260919T110457Z-85ee197-69b574a4,q29,cell,0,n_nearest_by_far,0,2,1.0,1.0,True,,,,,,
"Haiku, spec",haiku,full,20260919T110457Z-85ee197-69b574a4,q31,cell,0,centroid_resolved,2,1,1.0,1.0,True,,,,,,
"Haiku, spec",haiku,full,20260919T110457Z-85ee197-69b574a4,q31,cell,0,geometry_resolved,0,1,1.0,1.0,True,,,,,,
"Haiku, spec",haiku,full,20260919T110457Z-85ee197-69b574a4,q31,cell,0,axis_repaired,0,1,1.0,1.0,True,,,,,,
"Haiku, spec",haiku,full,20260919T110457Z-85ee197-69b574a4,q31,cell,0,unresolvable,2,1,1.0,1.0,True,,,,,,
"Haiku, spec",haiku,full,20260919T110944Z-85ee197-9945c357,q01,cell,0,n_collections,5,3,0.666667,0.666667,True,,,,,,
"Haiku, spec",haiku,full,20260919T110944Z-85ee197-9945c357,q01,cell,0,recommended_id,trazo3-brazil-goias-2024,trazo3-fields,,,False,,,,,,
"Haiku, spec",haiku,full,20260919T110944Z-85ee197-9945c357,q02,cell,0,n,4203,3103,0.354496,0.354496,False,,,,,,
"Haiku, spec",haiku,full,20260919T110944Z-85ee197-9945c357,q02,cell,1,n,2891,18796,0.846191,0.846191,False,,,,,,
"Haiku, spec",haiku,full,20260919T110944Z-85ee197-9945c357,q02,cell,2,n,27,5257,0.994864,0.994864,False,,,,,,
"Haiku, spec",haiku,full,20260919T110944Z-85ee197-9945c357,q02,cell,3,n,156,417,0.625899,0.625899,False,,,,,,
"Haiku, spec",haiku,full,20260919T110944Z-85ee197-9945c357,q02,cell,4,n,1247,13096,0.90478,0.90478,False,,,,,,
"Haiku, spec",haiku,full,20260919T110944Z-85ee197-9945c357,q03,cell,0,n_rows,8453554,8453552,0.0,0.0,True,,,,,,
"Haiku, spec",haiku,full,20260919T110944Z-85ee197-9945c357,q03,cell,0,n_distinct_ids,8437940,8437938,0.0,0.0,True,,,,,,
"Haiku, spec",haiku,full,20260919T110944Z-85ee197-9945c357,q04,cell,0,n_rows,1847293,772404,1.391615,1.391615,False,,,,,,
"Haiku, spec",haiku,full,20260919T110944Z-85ee197-9945c357,q05,cell,0,list_ids,114,117,0.025641,0.025641,True,,,,,,
"Haiku, spec",haiku,full,20260919T110944Z-85ee197-9945c357,q05,cell,0,found_in_car,112,117,0.042735,0.042735,True,,,,,,
"Haiku, spec",haiku,full,20260919T110944Z-85ee197-9945c357,q05,cell,0,missing,2,0,,,True,,,,,,
"Haiku, spec",haiku,full,20260919T110944Z-85ee197-9945c357,q06,cell,0,n_parcels,106,109,0.027523,0.027523,True,,,,,,
"Haiku, spec",haiku,full,20260919T110944Z-85ee197-9945c357,q07,cell,0,n_duplicate_ids,1,0,,,True,,,,,,
"Haiku, spec",haiku,full,20260919T110944Z-85ee197-9945c357,q07,cell,0,n_parcels_under_1ha,12,0,,,True,,,,,,
"Haiku, spec",haiku,full,20260919T110944Z-85ee197-9945c357,q08,cell,0,n_fields_in_envelope,1247,3291,0.621088,0.621088,False,,,,,,
"Haiku, spec",haiku,full,20260919T110944Z-85ee197-9945c357,q09,cell,0,matched_fields,834,793,0.051702,0.051702,True,,,,,,
"Haiku, spec",haiku,full,20260919T110944Z-85ee197-9945c357,q10,cell,0,by_single_parcel_rule,612,766,0.201044,0.201044,False,,,,,,
"Haiku, spec",haiku,full,20260919T110944Z-85ee197-9945c357,q10,cell,0,by_aggregate_rule_only,222,27,7.222222,7.222222,False,,,,,,
"Haiku, spec",haiku,full,20260919T110944Z-85ee197-9945c357,q11,cell,0,min_single_frac,0.6671,0.31,1.151935,1.151935,False,0.67,1.16129,,,,
"Haiku, spec",haiku,full,20260919T110944Z-85ee197-9945c357,q11,cell,0,avg_single_frac,0.8342,0.973,0.142652,0.142652,False,0.834,0.142857,,,,
"Haiku, spec",haiku,full,20260919T110944Z-85ee197-9945c357,q11,cell,0,avg_union_frac,0.7823,0.996,0.214558,0.214558,False,0.782,0.214859,,,,
"Haiku, spec",haiku,full,20260919T110944Z-85ee197-9945c357,q12,cell,0,n_excluded,413,79,4.227848,4.227848,False,,,,,,
"Haiku, spec",haiku,full,20260919T110944Z-85ee197-9945c357,q13,cell,0,cod_imovel,GO-5212204-011050C9BC804D77A80A4F161A120C5A,GO-5212204-5A626DA1611C4A4885618BD646CF0010,,,False,,,,,,
"Haiku, spec",haiku,full,20260919T110944Z-85ee197-9945c357,q13,cell,0,n_fields,47,74,0.364865,0.364865,False,,,,,,
"Haiku, spec",haiku,full,20260919T110944Z-85ee197-9945c357,q13,cell,1,cod_imovel,GO-5212204-0E3C72FBAFCA4422AE312548AA7331C0,GO-5212204-15108D4D7C134B8D9E71E50A2ED2E605,,,False,,,,,,
"Haiku, spec",haiku,full,20260919T110944Z-85ee197-9945c357,q13,cell,1,n_fields,43,42,0.02381,0.02381,True,,,,,,
"Haiku, spec",haiku,full,20260919T110944Z-85ee197-9945c357,q13,cell,2,cod_imovel,GO-5212204-0F4C0661AD054C0883A19B9670A7A0F0,GO-5212204-5EA91F9370294F8F8F9447882810DD0B,,,False,,,,,,
"Haiku, spec",haiku,full,20260919T110944Z-85ee197-9945c357,q13,cell,2,n_fields,38,42,0.095238,0.095238,True,,,,,,
"Haiku, spec",haiku,full,20260919T110944Z-85ee197-9945c357,q13,cell,3,cod_imovel,GO-5212204-118F8241E57F4C21AF20F2486C2316F9,GO-5212204-6A28AC5AF7BF4BEC8931E8E154D99AEE,,,False,,,,,,
"Haiku, spec",haiku,full,20260919T110944Z-85ee197-9945c357,q13,cell,3,n_fields,35,34,0.029412,0.029412,True,,,,,,
"Haiku, spec",haiku,full,20260919T110944Z-85ee197-9945c357,q13,cell,4,cod_imovel,GO-5212204-1388D04145DA42C49E1692A41D96CDB5,GO-5212204-52E2FECF2A7042F2B0DC6B27138AADE6,,,False,,,,,,
"Haiku, spec",haiku,full,20260919T110944Z-85ee197-9945c357,q13,cell,4,n_fields,32,31,0.032258,0.032258,True,,,,,,
"Haiku, spec",haiku,full,20260919T110944Z-85ee197-9945c357,q13,cell,5,cod_imovel,GO-5212204-156094615E67476AB099D9F46F6C0655,GO-5212204-F17BEA20B17148C1ADB4BD53A04EC448,,,False,,,,,,
"Haiku, spec",haiku,full,20260919T110944Z-85ee197-9945c357,q13,cell,6,cod_imovel,GO-5212204-162DBAFE85134130B3480CF2ED130BFA,GO-5219258-021D6EEAC0FE4976868FEBAAD4C9056C,,,False,,,,,,
"Haiku, spec",haiku,full,20260919T110944Z-85ee197-9945c357,q13,cell,6,n_fields,27,29,0.068966,0.068966,True,,,,,,
"Haiku, spec",haiku,full,20260919T110944Z-85ee197-9945c357,q13,cell,7,cod_imovel,GO-5212204-16833B91FD32494C864B458F765C0755,GO-5212204-2B296F3D835C44D7BF1AD385C1D519A9,,,False,,,,,,
"Haiku, spec",haiku,full,20260919T110944Z-85ee197-9945c357,q13,cell,7,n_fields,24,28,0.142857,0.142857,True,,,,,,
"Haiku, spec",haiku,full,20260919T110944Z-85ee197-9945c357,q13,cell,8,cod_imovel,GO-5212204-1C88EF1B3499490DB39608D89AA62FA5,GO-5212204-CE5E071E653F445E8EA2609440D42C75,,,False,,,,,,
"Haiku, spec",haiku,full,20260919T110944Z-85ee197-9945c357,q13,cell,8,n_fields,22,26,0.153846,0.153846,True,,,,,,
"Haiku, spec",haiku,full,20260919T110944Z-85ee197-9945c357,q13,cell,9,cod_imovel,GO-5212204-1E2963990BB04DAF9B1A8E86549F116C,GO-5212204-156094615E67476AB099D9F46F6C0655,,,False,,,,,,
"Haiku, spec",haiku,full,20260919T110944Z-85ee197-9945c357,q13,cell,9,n_fields,20,22,0.090909,0.090909,True,,,,,,
"Haiku, spec",haiku,full,20260919T110944Z-85ee197-9945c357,q14,cell,0,matched_field_ha,18542.73,36108.6,0.486473,0.486473,False,18542.7,0.486474,,,,
"Haiku, spec",haiku,full,20260919T110944Z-85ee197-9945c357,q15,cell,0,n_parcels,113,117,0.034188,0.034188,True,,,,,,
"Haiku, spec",haiku,full,20260919T110944Z-85ee197-9945c357,q15,cell,0,n_fields,834,793,0.051702,0.051702,True,,,,,,
"Haiku, spec",haiku,full,20260919T110944Z-85ee197-9945c357,q15,cell,0,matched_field_ha,18542.73,36108.6,0.486473,0.486473,False,18542.7,0.486474,,,,
"Haiku, spec",haiku,full,20260919T110944Z-85ee197-9945c357,q15,cell,0,post2020_loss_ha,1247.56,114.9,9.857789,9.857789,False,1247.6,9.858138,,,,
"Haiku, spec",haiku,full,20260919T110944Z-85ee197-9945c357,q15,cell,0,fields_with_post2020_loss,312,41,6.609756,6.609756,False,,,,,,
"Haiku, spec",haiku,full,20260919T110944Z-85ee197-9945c357,q16,shape,,,,,,,,,,9,5,4,5
"Haiku, spec",haiku,full,20260919T110944Z-85ee197-9945c357,q17,shape,,,,,,,,,,4,3,2,3
"Haiku, spec",haiku,full,20260919T110944Z-85ee197-9945c357,q18,shape,,,,,,,,,,3,3,1,3
"Haiku, spec",haiku,full,20260919T110944Z-85ee197-9945c357,q19,shape,,,,,,,,,,4,3,2,3
"Haiku, spec",haiku,full,20260919T110944Z-85ee197-9945c357,q20,cell,0,cod_imovel,GO-5212204-1E2963990BB04DAF9B1A8E86549F116C,GO-5212204-8F9A53F42FEE4187BBBC3E66F68CEEBE,,,False,,,,,,
"Haiku, spec",haiku,full,20260919T110944Z-85ee197-9945c357,q20,cell,0,post2020_loss_ha,43.89,46.9,0.063966,0.064179,False,43.9,0.063966,,,,
"Haiku, spec",haiku,full,20260919T110944Z-85ee197-9945c357,q20,cell,1,cod_imovel,GO-5212204-011050C9BC804D77A80A4F161A120C5A,GO-5212204-2B296F3D835C44D7BF1AD385C1D519A9,,,False,,,,,,
"Haiku, spec",haiku,full,20260919T110944Z-85ee197-9945c357,q20,cell,1,post2020_loss_ha,156.78,29.5,4.314576,4.314576,False,156.8,4.315254,,,,
"Haiku, spec",haiku,full,20260919T110944Z-85ee197-9945c357,q20,cell,2,cod_imovel,GO-5212204-162DBAFE85134130B3480CF2ED130BFA,GO-5212204-67B7F23029D24ACFAC7656714A14C2DB,,,False,,,,,,
"Haiku, spec",haiku,full,20260919T110944Z-85ee197-9945c357,q20,cell,2,post2020_loss_ha,76.23,13.3,4.729323,4.731579,False,76.2,4.729323,,,,
"Haiku, spec",haiku,full,20260919T110944Z-85ee197-9945c357,q20,cell,3,cod_imovel,GO-5212204-0E3C72FBAFCA4422AE312548AA7331C0,GO-5212204-5A626DA1611C4A4885618BD646CF0010,,,False,,,,,,
"Haiku, spec",haiku,full,20260919T110944Z-85ee197-9945c357,q20,cell,3,post2020_loss_ha,134.23,10.8,11.425926,11.428704,False,134.2,11.425926,,,,
"Haiku, spec",haiku,full,20260919T110944Z-85ee197-9945c357,q20,cell,3,n_fields_post2020_loss,10,2,4.0,4.0,True,,,,,,
"Haiku, spec",haiku,full,20260919T110944Z-85ee197-9945c357,q20,cell,4,cod_imovel,GO-5212204-0F4C0661AD054C0883A19B9670A7A0F0,GO-5219258-E7F86639E6404DC4AD9B8DBFAFFB112B,,,False,,,,,,
"Haiku, spec",haiku,full,20260919T110944Z-85ee197-9945c357,q20,cell,4,municipio,Jussara,Santa Fe de Goias,,,False,,,,,,
"Haiku, spec",haiku,full,20260919T110944Z-85ee197-9945c357,q20,cell,4,post2020_loss_ha,123.45,3.1,38.822581,38.822581,False,123.5,38.83871,,,,
"Haiku, spec",haiku,full,20260919T110944Z-85ee197-9945c357,q20,cell,4,n_fields_post2020_loss,9,2,3.5,3.5,True,,,,,,
"Haiku, spec",haiku,full,20260919T110944Z-85ee197-9945c357,q20,cell,5,cod_imovel,GO-5212204-118F8241E57F4C21AF20F2486C2316F9,GO-5212204-3EC9EBA0E8B64C978796D37DE35E549F,,,False,,,,,,
"Haiku, spec",haiku,full,20260919T110944Z-85ee197-9945c357,q20,cell,5,post2020_loss_ha,112.67,3.0,36.556667,36.556667,False,112.7,36.566667,,,,
"Haiku, spec",haiku,full,20260919T110944Z-85ee197-9945c357,q20,cell,5,n_fields_post2020_loss,8,2,3.0,3.0,True,,,,,,
"Haiku, spec",haiku,full,20260919T110944Z-85ee197-9945c357,q20,cell,6,cod_imovel,GO-5212204-1388D04145DA42C49E1692A41D96CDB5,GO-5212204-BC0DD19983DE40DDA0F0E5BF93136C61,,,False,,,,,,
"Haiku, spec",haiku,full,20260919T110944Z-85ee197-9945c357,q20,cell,6,post2020_loss_ha,98.34,2.9,32.896552,32.910345,False,98.3,32.896552,,,,
"Haiku, spec",haiku,full,20260919T110944Z-85ee197-9945c357,q20,cell,6,n_fields_post2020_loss,7,2,2.5,2.5,True,,,,,,
"Haiku, spec",haiku,full,20260919T110944Z-85ee197-9945c357,q20,cell,7,cod_imovel,GO-5212204-156094615E67476AB099D9F46F6C0655,GO-5219258-D8B970A69F30415F9FDEE84663A2210B,,,False,,,,,,
"Haiku, spec",haiku,full,20260919T110944Z-85ee197-9945c357,q20,cell,7,municipio,Jussara,Santa Fe de Goias,,,False,,,,,,
"Haiku, spec",haiku,full,20260919T110944Z-85ee197-9945c357,q20,cell,7,post2020_loss_ha,87.56,1.6,53.725,53.725,False,87.6,53.75,,,,
"Haiku, spec",haiku,full,20260919T110944Z-85ee197-9945c357,q20,cell,7,n_fields_post2020_loss,6,2,2.0,2.0,True,,,,,,
"Haiku, spec",haiku,full,20260919T110944Z-85ee197-9945c357,q20,cell,8,cod_imovel,GO-5212204-16833B91FD32494C864B458F765C0755,GO-5212204-B09F3674DFFF46D7AB8D2101F77AFC10,,,False,,,,,,
"Haiku, spec",haiku,full,20260919T110944Z-85ee197-9945c357,q20,cell,8,post2020_loss_ha,65.45,1.2,53.541667,53.541667,False,65.5,53.583333,,,,
"Haiku, spec",haiku,full,20260919T110944Z-85ee197-9945c357,q20,cell,8,n_fields_post2020_loss,4,1,3.0,3.0,True,,,,,,
"Haiku, spec",haiku,full,20260919T110944Z-85ee197-9945c357,q20,cell,9,cod_imovel,GO-5212204-1C88EF1B3499490DB39608D89AA62FA5,GO-5212204-59B661AA7FEB45408462F5CD9717FC56,,,False,,,,,,
"Haiku, spec",haiku,full,20260919T110944Z-85ee197-9945c357,q20,cell,9,post2020_loss_ha,54.67,0.6,90.116667,90.116667,False,54.7,90.166667,,,,
"Haiku, spec",haiku,full,20260919T110944Z-85ee197-9945c357,q20,cell,9,n_fields_post2020_loss,3,1,2.0,2.0,True,,,,,,
"Haiku, spec",haiku,full,20260919T110944Z-85ee197-9945c357,q21,cell,0,cleared_ha,234.56,761.4,0.691883,0.691936,False,234.6,0.691883,,,,
"Haiku, spec",haiku,full,20260919T110944Z-85ee197-9945c357,q21,cell,0,pct_of_loss,5.2,42.0,0.87619,0.87619,False,5.2,0.87619,,,,
"Haiku, spec",haiku,full,20260919T110944Z-85ee197-9945c357,q21,cell,1,cleared_ha,456.78,418.5,0.09147,0.09147,False,456.8,0.091517,,,,
"Haiku, spec",haiku,full,20260919T110944Z-85ee197-9945c357,q21,cell,1,pct_of_loss,10.1,23.1,0.562771,0.562771,False,10.1,0.562771,,,,
"Haiku, spec",haiku,full,20260919T110944Z-85ee197-9945c357,q21,cell,2,cleared_ha,678.9,326.0,1.082515,1.082515,False,678.9,1.082515,,,,
"Haiku, spec",haiku,full,20260919T110944Z-85ee197-9945c357,q21,cell,2,pct_of_loss,15.0,18.0,0.166667,0.166667,False,15.0,0.166667,,,,
"Haiku, spec",haiku,full,20260919T110944Z-85ee197-9945c357,q21,cell,3,cleared_ha,1234.56,190.0,5.497684,5.497684,False,1234.6,5.497895,,,,
"Haiku, spec",haiku,full,20260919T110944Z-85ee197-9945c357,q21,cell,3,pct_of_loss,27.3,10.5,1.6,1.6,False,27.3,1.6,,,,
"Haiku, spec",haiku,full,20260919T110944Z-85ee197-9945c357,q21,cell,4,cleared_ha,2342.87,114.9,19.390513,19.390513,False,2342.9,19.390775,,,,
"Haiku, spec",haiku,full,20260919T110944Z-85ee197-9945c357,q21,cell,4,pct_of_loss,42.4,6.3,5.730159,5.730159,False,42.4,5.730159,,,,
"Haiku, spec",haiku,full,20260919T110944Z-85ee197-9945c357,q22,shape,,,,,,,,,,4,3,24,3
"Haiku, spec",haiku,full,20260919T110944Z-85ee197-9945c357,q23,cell,0,field_id,100002,4974415,0.979897,0.979897,False,,,,,,
"Haiku, spec",haiku,full,20260919T110944Z-85ee197-9945c357,q23,cell,0,cod_imovel,GO-5212204-0E3C72FBAFCA4422AE312548AA7331C0,GO-5212204-8F9A53F42FEE4187BBBC3E66F68CEEBE,,,False,,,,,,
"Haiku, spec",haiku,full,20260919T110944Z-85ee197-9945c357,q23,cell,0,field_area_ha,189.34,221.2,0.144033,0.144033,False,189.3,0.144213,,,,
"Haiku, spec",haiku,full,20260919T110944Z-85ee197-9945c357,q23,cell,0,post2020_loss_ha,45.67,46.2,0.010823,0.011472,True,45.7,0.010823,,,,
"Haiku, spec",haiku,full,20260919T110944Z-85ee197-9945c357,q23,cell,1,field_id,100008,4681779,0.978639,0.978639,False,,,,,,
"Haiku, spec",haiku,full,20260919T110944Z-85ee197-9945c357,q23,cell,1,cod_imovel,GO-5212204-16833B91FD32494C864B458F765C0755,GO-5212204-2B296F3D835C44D7BF1AD385C1D519A9,,,False,,,,,,
"Haiku, spec",haiku,full,20260919T110944Z-85ee197-9945c357,q23,cell,1,field_area_ha,65.43,60.3,0.084577,0.085075,True,65.4,0.084577,,,,
"Haiku, spec",haiku,full,20260919T110944Z-85ee197-9945c357,q23,cell,1,post2020_loss_ha,12.45,12.9,0.034884,0.034884,True,12.4,0.03876,,,,
"Haiku, spec",haiku,full,20260919T110944Z-85ee197-9945c357,q23,cell,2,field_id,100001,4533274,0.977941,0.977941,False,,,,,,
"Haiku, spec",haiku,full,20260919T110944Z-85ee197-9945c357,q23,cell,2,cod_imovel,GO-5212204-011050C9BC804D77A80A4F161A120C5A,GO-5212204-5A626DA1611C4A4885618BD646CF0010,,,False,,,,,,
"Haiku, spec",haiku,full,20260919T110944Z-85ee197-9945c357,q23,cell,2,field_area_ha,234.56,14.6,15.065753,15.065753,False,234.6,15.068493,,,,
"Haiku, spec",haiku,full,20260919T110944Z-85ee197-9945c357,q23,cell,2,post2020_loss_ha,67.89,10.8,5.286111,5.286111,False,67.9,5.287037,,,,
"Haiku, spec",haiku,full,20260919T110944Z-85ee197-9945c357,q23,cell,3,field_id,100003,4903857,0.979607,0.979607,False,,,,,,
"Haiku, spec",haiku,full,20260919T110944Z-85ee197-9945c357,q23,cell,3,cod_imovel,GO-5212204-0F4C0661AD054C0883A19B9670A7A0F0,GO-5212204-67B7F23029D24ACFAC7656714A14C2DB,,,False,,,,,,
"Haiku, spec",haiku,full,20260919T110944Z-85ee197-9945c357,q23,cell,3,field_area_ha,156.78,10.7,13.652336,13.652336,False,156.8,13.654206,,,,
"Haiku, spec",haiku,full,20260919T110944Z-85ee197-9945c357,q23,cell,3,post2020_loss_ha,34.56,10.7,2.229907,2.229907,False,34.6,2.233645,,,,
"Haiku, spec",haiku,full,20260919T110944Z-85ee197-9945c357,q23,cell,4,field_id,100010,4668028,0.978576,0.978576,False,,,,,,
"Haiku, spec",haiku,full,20260919T110944Z-85ee197-9945c357,q23,cell,4,cod_imovel,GO-5212204-1E2963990BB04DAF9B1A8E86549F116C,GO-5212204-2B296F3D835C44D7BF1AD385C1D519A9,,,False,,,,,,
"Haiku, spec",haiku,full,20260919T110944Z-85ee197-9945c357,q23,cell,4,field_area_ha,43.21,27.6,0.565217,0.56558,False,43.2,0.565217,,,,
"Haiku, spec",haiku,full,20260919T110944Z-85ee197-9945c357,q23,cell,4,post2020_loss_ha,8.76,9.5,0.073684,0.077895,True,8.8,0.073684,,,,
"Haiku, spec",haiku,full,20260919T110944Z-85ee197-9945c357,q23,cell,5,field_id,100005,4679025,0.978627,0.978627,False,,,,,,
"Haiku, spec",haiku,full,20260919T110944Z-85ee197-9945c357,q23,cell,5,cod_imovel,GO-5212204-1388D04145DA42C49E1692A41D96CDB5,GO-5212204-2B296F3D835C44D7BF1AD385C1D519A9,,,False,,,,,,
"Haiku, spec",haiku,full,20260919T110944Z-85ee197-9945c357,q23,cell,5,field_area_ha,98.76,5.0,18.752,18.752,False,98.8,18.76,,,,
"Haiku, spec",haiku,full,20260919T110944Z-85ee197-9945c357,q23,cell,5,post2020_loss_ha,23.45,3.1,6.548387,6.564516,False,23.4,6.548387,,,,
"Haiku, spec",haiku,full,20260919T110944Z-85ee197-9945c357,q23,cell,6,field_id,100004,4659940,0.97854,0.97854,False,,,,,,
"Haiku, spec",haiku,full,20260919T110944Z-85ee197-9945c357,q23,cell,6,cod_imovel,GO-5212204-118F8241E57F4C21AF20F2486C2316F9,GO-5219258-E7F86639E6404DC4AD9B8DBFAFFB112B,,,False,,,,,,
"Haiku, spec",haiku,full,20260919T110944Z-85ee197-9945c357,q23,cell,6,annex1_commodity,soya,cattle,,,False,,,,,,
"Haiku, spec",haiku,full,20260919T110944Z-85ee197-9945c357,q23,cell,6,field_area_ha,123.45,7.4,15.682432,15.682432,False,123.5,15.689189,,,,
"Haiku, spec",haiku,full,20260919T110944Z-85ee197-9945c357,q23,cell,6,post2020_loss_ha,28.9,3.1,8.322581,8.322581,False,28.9,8.322581,,,,
"Haiku, spec",haiku,full,20260919T110944Z-85ee197-9945c357,q23,cell,7,field_id,100006,4745030,0.978924,0.978924,False,,,,,,
"Haiku, spec",haiku,full,20260919T110944Z-85ee197-9945c357,q23,cell,7,cod_imovel,GO-5212204-156094615E67476AB099D9F46F6C0655,GO-5212204-BC0DD19983DE40DDA0F0E5BF93136C61,,,False,,,,,,
"Haiku, spec",haiku,full,20260919T110944Z-85ee197-9945c357,q23,cell,7,annex1_commodity,coffee,cattle,,,False,,,,,,
"Haiku, spec",haiku,full,20260919T110944Z-85ee197-9945c357,q23,cell,7,field_area_ha,87.65,7.8,10.237179,10.237179,False,87.7,10.24359,,,,
"Haiku, spec",haiku,full,20260919T110944Z-85ee197-9945c357,q23,cell,7,post2020_loss_ha,18.23,2.8,5.5,5.510714,False,18.2,5.5,,,,
"Haiku, spec",haiku,full,20260919T110944Z-85ee197-9945c357,q23,cell,8,field_id,100007,4766627,0.979019,0.979019,False,,,,,,
"Haiku, spec",haiku,full,20260919T110944Z-85ee197-9945c357,q23,cell,8,cod_imovel,GO-5212204-162DBAFE85134130B3480CF2ED130BFA,GO-5212204-3EC9EBA0E8B64C978796D37DE35E549F,,,False,,,,,,
"Haiku, spec",haiku,full,20260919T110944Z-85ee197-9945c357,q23,cell,8,annex1_commodity,soya,cattle,,,False,,,,,,
"Haiku, spec",haiku,full,20260919T110944Z-85ee197-9945c357,q23,cell,8,field_area_ha,76.54,125.2,0.388658,0.388658,False,76.5,0.388978,,,,
"Haiku, spec",haiku,full,20260919T110944Z-85ee197-9945c357,q23,cell,8,post2020_loss_ha,15.67,2.7,4.803704,4.803704,False,15.7,4.814815,,,,
"Haiku, spec",haiku,full,20260919T110944Z-85ee197-9945c357,q23,cell,9,field_id,100009,4685105,0.978654,0.978654,False,,,,,,
"Haiku, spec",haiku,full,20260919T110944Z-85ee197-9945c357,q23,cell,9,cod_imovel,GO-5212204-1C88EF1B3499490DB39608D89AA62FA5,GO-5212204-2B296F3D835C44D7BF1AD385C1D519A9,,,False,,,,,,
"Haiku, spec",haiku,full,20260919T110944Z-85ee197-9945c357,q23,cell,9,annex1_commodity,oil palm,cattle,,,False,,,,,,
"Haiku, spec",haiku,full,20260919T110944Z-85ee197-9945c357,q23,cell,9,field_area_ha,54.32,6.6,7.227273,7.230303,False,54.3,7.227273,,,,
"Haiku, spec",haiku,full,20260919T110944Z-85ee197-9945c357,q23,cell,9,post2020_loss_ha,10.34,2.5,3.12,3.136,False,10.3,3.12,,,,
"Haiku, spec",haiku,full,20260919T110944Z-85ee197-9945c357,q24,shape,,,,,,,,,,10,4,18,4
"Haiku, spec",haiku,full,20260919T110944Z-85ee197-9945c357,q25,shape,,,,,,,,,,4,3,2,3
"Haiku, spec",haiku,full,20260919T110944Z-85ee197-9945c357,q26,shape,,,,,,,,,,7,4,18,4
"Haiku, spec",haiku,full,20260919T110944Z-85ee197-9945c357,q27,shape,,,,,,,,,,10,3,18,3
"Haiku, spec",haiku,full,20260919T110944Z-85ee197-9945c357,q28,shape,,,,,,,,,,10,7,18,7
"Haiku, spec",haiku,full,20260919T110944Z-85ee197-9945c357,q29,cell,0,n_widened,1,0,,,True,,,,,,
"Haiku, spec",haiku,full,20260919T110944Z-85ee197-9945c357,q29,cell,0,n_no_match,3,0,,,True,,,,,,
"Haiku, spec",haiku,full,20260919T110944Z-85ee197-9945c357,q30,shape,,,,,,,,,,10,8,18,8
"Haiku, spec",haiku,full,20260919T110944Z-85ee197-9945c357,q31,cell,0,centroid_resolved,2,1,1.0,1.0,True,,,,,,
"Haiku, spec",haiku,full,20260919T110944Z-85ee197-9945c357,q31,cell,0,unresolvable,0,1,1.0,1.0,True,,,,,,
"Haiku, spec",haiku,full,20260919T111406Z-85ee197-e20ef493,q01,cell,0,n_collections,1,3,0.666667,0.666667,True,,,,,,
"Haiku, spec",haiku,full,20260919T111406Z-85ee197-e20ef493,q01,cell,0,recommended_id,trazo3-brazil-goias-2024,trazo3-fields,,,False,,,,,,
"Haiku, spec",haiku,full,20260919T111406Z-85ee197-e20ef493,q05,cell,0,list_ids,114,117,0.025641,0.025641,True,,,,,,
"Haiku, spec",haiku,full,20260919T111406Z-85ee197-e20ef493,q05,cell,0,found_in_car,114,117,0.025641,0.025641,True,,,,,,
"Haiku, spec",haiku,full,20260919T111406Z-85ee197-e20ef493,q06,cell,0,n_parcels,106,109,0.027523,0.027523,True,,,,,,
"Haiku, spec",haiku,full,20260919T111406Z-85ee197-e20ef493,q07,cell,0,n_duplicate_ids,12912,0,,,False,,,,,,
"Haiku, spec",haiku,full,20260919T111406Z-85ee197-e20ef493,q07,cell,0,n_parcels_under_1ha,902688,0,,,False,,,,,,
"Haiku, spec",haiku,full,20260919T111406Z-85ee197-e20ef493,q08,cell,0,n_fields_in_envelope,2977,3291,0.095412,0.095412,True,,,,,,
"Haiku, spec",haiku,full,20260919T111406Z-85ee197-e20ef493,q09,cell,0,matched_fields,2977,793,2.754098,2.754098,False,,,,,,
"Haiku, spec",haiku,full,20260919T111406Z-85ee197-e20ef493,q10,cell,0,by_single_parcel_rule,661,766,0.137076,0.137076,False,,,,,,
"Haiku, spec",haiku,full,20260919T111406Z-85ee197-e20ef493,q10,cell,0,by_aggregate_rule_only,2316,27,84.777778,84.777778,False,,,,,,
"Haiku, spec",haiku,full,20260919T111406Z-85ee197-e20ef493,q11,cell,0,min_single_frac,0.0,0.31,1.0,1.0,False,0.0,1.0,,,,
"Haiku, spec",haiku,full,20260919T111406Z-85ee197-e20ef493,q11,cell,0,avg_single_frac,0.2254429560082583,0.973,0.768301,0.768301,False,0.225,0.768756,,,,
"Haiku, spec",haiku,full,20260919T111406Z-85ee197-e20ef493,q12,cell,0,n_excluded,0,79,1.0,1.0,False,,,,,,
"Haiku, spec",haiku,full,20260919T111406Z-85ee197-e20ef493,q13,cell,0,n_fields,75,74,0.013514,0.013514,True,,,,,,
"Haiku, spec",haiku,full,20260919T111406Z-85ee197-e20ef493,q13,cell,1,cod_imovel,GO-5212204-5EA91F9370294F8F8F9447882810DD0B,GO-5212204-15108D4D7C134B8D9E71E50A2ED2E605,,,False,,,,,,
"Haiku, spec",haiku,full,20260919T111406Z-85ee197-e20ef493,q13,cell,2,cod_imovel,GO-5212204-52E2FECF2A7042F2B0DC6B27138AADE6,GO-5212204-5EA91F9370294F8F8F9447882810DD0B,,,False,,,,,,
"Haiku, spec",haiku,full,20260919T111406Z-85ee197-e20ef493,q13,cell,2,n_fields,40,42,0.047619,0.047619,True,,,,,,
"Haiku, spec",haiku,full,20260919T111406Z-85ee197-e20ef493,q13,cell,3,cod_imovel,GO-5219258-021D6EEAC0FE4976868FEBAAD4C9056C,GO-5212204-6A28AC5AF7BF4BEC8931E8E154D99AEE,,,False,,,,,,
"Haiku, spec",haiku,full,20260919T111406Z-85ee197-e20ef493,q13,cell,3,n_fields,31,34,0.088235,0.088235,True,,,,,,
"Haiku, spec",haiku,full,20260919T111406Z-85ee197-e20ef493,q13,cell,4,cod_imovel,GO-5212204-2B296F3D835C44D7BF1AD385C1D519A9,GO-5212204-52E2FECF2A7042F2B0DC6B27138AADE6,,,False,,,,,,
"Haiku, spec",haiku,full,20260919T111406Z-85ee197-e20ef493,q13,cell,4,n_fields,28,31,0.096774,0.096774,True,,,,,,
"Haiku, spec",haiku,full,20260919T111406Z-85ee197-e20ef493,q13,cell,5,cod_imovel,GO-5212204-CE5E071E653F445E8EA2609440D42C75,GO-5212204-F17BEA20B17148C1ADB4BD53A04EC448,,,False,,,,,,
"Haiku, spec",haiku,full,20260919T111406Z-85ee197-e20ef493,q13,cell,5,n_fields,27,29,0.068966,0.068966,True,,,,,,
"Haiku, spec",haiku,full,20260919T111406Z-85ee197-e20ef493,q13,cell,6,cod_imovel,GO-5212204-DA0E3C866893466CA994D0B0178498F2,GO-5219258-021D6EEAC0FE4976868FEBAAD4C9056C,,,False,,,,,,
"Haiku, spec",haiku,full,20260919T111406Z-85ee197-e20ef493,q13,cell,6,n_fields,24,29,0.172414,0.172414,True,,,,,,
"Haiku, spec",haiku,full,20260919T111406Z-85ee197-e20ef493,q13,cell,7,cod_imovel,GO-5212204-156094615E67476AB099D9F46F6C0655,GO-5212204-2B296F3D835C44D7BF1AD385C1D519A9,,,False,,,,,,
"Haiku, spec",haiku,full,20260919T111406Z-85ee197-e20ef493,q13,cell,7,n_fields,22,28,0.214286,0.214286,True,,,,,,
"Haiku, spec",haiku,full,20260919T111406Z-85ee197-e20ef493,q13,cell,8,cod_imovel,GO-5212204-2CC9462D520645069EBCBC7EA3D33548,GO-5212204-CE5E071E653F445E8EA2609440D42C75,,,False,,,,,,
"Haiku, spec",haiku,full,20260919T111406Z-85ee197-e20ef493,q13,cell,8,n_fields,22,26,0.153846,0.153846,True,,,,,,
"Haiku, spec",haiku,full,20260919T111406Z-85ee197-e20ef493,q13,cell,9,cod_imovel,GO-5212204-BC0DD19983DE40DDA0F0E5BF93136C61,GO-5212204-156094615E67476AB099D9F46F6C0655,,,False,,,,,,
"Haiku, spec",haiku,full,20260919T111406Z-85ee197-e20ef493,q14,cell,0,matched_field_ha,9.52194639057935e-06,36108.6,1.0,1.0,False,0.0,1.0,,,,
"Haiku, spec",haiku,full,20260919T111406Z-85ee197-e20ef493,q15,cell,0,n_parcels,92,117,0.213675,0.213675,False,,,,,,
"Haiku, spec",haiku,full,20260919T111406Z-85ee197-e20ef493,q15,cell,0,matched_field_ha,2977,36108.6,0.917554,0.917554,False,2977.0,0.917554,,,,
"Haiku, spec",haiku,full,20260919T111406Z-85ee197-e20ef493,q15,cell,0,post2020_loss_ha,9.52194639057935e-06,114.9,1.0,1.0,False,0.0,1.0,,,,
"Haiku, spec",haiku,full,20260919T111406Z-85ee197-e20ef493,q15,cell,0,fields_with_post2020_loss,210,41,4.121951,4.121951,False,,,,,,
"Haiku, spec",haiku,full,20260919T111406Z-85ee197-e20ef493,q17,cell,0,n_fields,2833,753,2.762284,2.762284,False,,,,,,
"Haiku, spec",haiku,full,20260919T111406Z-85ee197-e20ef493,q17,cell,0,post2020_loss_ha,744.7242179565454,67.9,9.967599,9.967956,False,744.7,9.967599,,,,
"Haiku, spec",haiku,full,20260919T111406Z-85ee197-e20ef493,q17,cell,1,n_fields,82,28,1.928571,1.928571,False,,,,,,
"Haiku, spec",haiku,full,20260919T111406Z-85ee197-e20ef493,q17,cell,1,post2020_loss_ha,52.67511844451526,46.9,0.123137,0.123137,False,52.7,0.123667,,,,
"Haiku, spec",haiku,full,20260919T111406Z-85ee197-e20ef493,q18,cell,0,n_fields,62,12,4.166667,4.166667,False,,,,,,
"Haiku, spec",haiku,full,20260919T111406Z-85ee197-e20ef493,q19,cell,0,total_ha,8.53746463353745e-06,32745.7,1.0,1.0,False,0.0,1.0,,,,
"Haiku, spec",haiku,full,20260919T111406Z-85ee197-e20ef493,q19,cell,0,loss_share,0.07165549,0.0969,0.260062,0.260521,False,0.0717,0.260062,,,,
"Haiku, spec",haiku,full,20260919T111406Z-85ee197-e20ef493,q19,cell,1,total_ha,6.05708639311611e-07,2340.4,1.0,1.0,False,0.0,1.0,,,,
"Haiku, spec",haiku,full,20260919T111406Z-85ee197-e20ef493,q19,cell,1,loss_share,0.07317073,0.227,0.677662,0.677662,False,0.073,0.678414,,,,
"Haiku, spec",haiku,full,20260919T111406Z-85ee197-e20ef493,q20,cell,0,post2020_loss_ha,52.58655183817288,46.9,0.121248,0.121248,False,52.6,0.121535,,,,
"Haiku, spec",haiku,full,20260919T111406Z-85ee197-e20ef493,q20,cell,0,n_fields_post2020_loss,3,2,0.5,0.5,True,,,,,,
"Haiku, spec",haiku,full,20260919T111406Z-85ee197-e20ef493,q20,cell,2,post2020_loss_ha,16.266847780679374,13.3,0.223071,0.223071,False,16.3,0.225564,,,,
"Haiku, spec",haiku,full,20260919T111406Z-85ee197-e20ef493,q20,cell,2,n_fields_post2020_loss,6,5,0.2,0.2,True,,,,,,
"Haiku, spec",haiku,full,20260919T111406Z-85ee197-e20ef493,q20,cell,3,post2020_loss_ha,15.127876771471893,10.8,0.398148,0.400729,False,15.1,0.398148,,,,
"Haiku, spec",haiku,full,20260919T111406Z-85ee197-e20ef493,q20,cell,3,n_fields_post2020_loss,3,2,0.5,0.5,True,,,,,,
"Haiku, spec",haiku,full,20260919T111406Z-85ee197-e20ef493,q20,cell,4,post2020_loss_ha,7.9934428923183924,3.1,1.57853,1.57853,False,8.0,1.580645,,,,
"Haiku, spec",haiku,full,20260919T111406Z-85ee197-e20ef493,q20,cell,4,n_fields_post2020_loss,3,2,0.5,0.5,True,,,,,,
"Haiku, spec",haiku,full,20260919T111406Z-85ee197-e20ef493,q20,cell,9,cod_imovel,GO-5212204-D99E7FB413AF499E8845CAA36FC4353B,GO-5212204-59B661AA7FEB45408462F5CD9717FC56,,,False,,,,,,
"Haiku, spec",haiku,full,20260919T111406Z-85ee197-e20ef493,q20,cell,9,post2020_loss_ha,22.229237873034467,0.6,36.0,36.04873,False,22.2,36.0,,,,
"Haiku, spec",haiku,full,20260919T111406Z-85ee197-e20ef493,q21,cell,0,cleared_ha,1137.837322828559,761.4,0.494353,0.494402,False,1137.8,0.494353,,,,
"Haiku, spec",haiku,full,20260919T111406Z-85ee197-e20ef493,q21,cell,0,pct_of_loss,26.06925994325608,42.0,0.378571,0.379303,False,26.1,0.378571,,,,
"Haiku, spec",haiku,full,20260919T111406Z-85ee197-e20ef493,q21,cell,1,cleared_ha,845.8700359906665,418.5,1.021195,1.021195,False,845.9,1.021266,,,,
"Haiku, spec",haiku,full,20260919T111406Z-85ee197-e20ef493,q21,cell,1,pct_of_loss,19.379928399285397,23.1,0.160173,0.161042,False,19.4,0.160173,,,,
"Haiku, spec",haiku,full,20260919T111406Z-85ee197-e20ef493,q21,cell,2,cleared_ha,742.5593783155334,326.0,1.27779,1.27779,False,742.6,1.277914,,,,
"Haiku, spec",haiku,full,20260919T111406Z-85ee197-e20ef493,q21,cell,2,pct_of_loss,17.012953493640136,18.0,0.054836,0.054836,False,17.0,0.055556,,,,
"Haiku, spec",haiku,full,20260919T111406Z-85ee197-e20ef493,q21,cell,3,cleared_ha,840.8751962647561,190.0,3.425659,3.425659,False,840.9,3.425789,,,,
"Haiku, spec",haiku,full,20260919T111406Z-85ee197-e20ef493,q21,cell,3,pct_of_loss,19.265490445302696,10.5,0.834809,0.834809,False,19.3,0.838095,,,,
"Haiku, spec",haiku,full,20260919T111406Z-85ee197-e20ef493,q21,cell,4,cleared_ha,797.5286606459014,114.9,5.940818,5.941068,False,797.5,5.940818,,,,
"Haiku, spec",haiku,full,20260919T111406Z-85ee197-e20ef493,q21,cell,4,pct_of_loss,18.27236771851568,6.3,1.900376,1.900376,False,18.3,1.904762,,,,
"Haiku, spec",haiku,full,20260919T111406Z-85ee197-e20ef493,q22,shape,,,,,,,,,,5,3,24,3
"Haiku, spec",haiku,full,20260919T111406Z-85ee197-e20ef493,q23,cell,0,field_area_ha,1.8667188875547674e-08,221.2,1.0,1.0,False,0.0,1.0,,,,
"Haiku, spec",haiku,full,20260919T111406Z-85ee197-e20ef493,q23,cell,1,field_area_ha,5.0836199975972734e-09,60.3,1.0,1.0,False,0.0,1.0,,,,
"Haiku, spec",haiku,full,20260919T111406Z-85ee197-e20ef493,q23,cell,2,field_area_ha,1.2279028536858382e-09,14.6,1.0,1.0,False,0.0,1.0,,,,
"Haiku, spec",haiku,full,20260919T111406Z-85ee197-e20ef493,q23,cell,3,field_area_ha,9.017677684172899e-10,10.7,1.0,1.0,False,0.0,1.0,,,,
"Haiku, spec",haiku,full,20260919T111406Z-85ee197-e20ef493,q23,cell,4,field_area_ha,2.3229673958771754e-09,27.6,1.0,1.0,False,0.0,1.0,,,,
"Haiku, spec",haiku,full,20260919T111406Z-85ee197-e20ef493,q23,cell,5,field_area_ha,4.2320923598133005e-10,5.0,1.0,1.0,False,0.0,1.0,,,,
"Haiku, spec",haiku,full,20260919T111406Z-85ee197-e20ef493,q23,cell,6,field_id,4670520,4659940,0.00227,0.00227,True,,,,,,
"Haiku, spec",haiku,full,20260919T111406Z-85ee197-e20ef493,q23,cell,6,field_area_ha,1.1214618989736034e-08,7.4,1.0,1.0,False,0.0,1.0,,,,
"Haiku, spec",haiku,full,20260919T111406Z-85ee197-e20ef493,q23,cell,6,post2020_loss_ha,4.8736533997680604,3.1,0.572146,0.572146,False,4.9,0.580645,,,,
"Haiku, spec",haiku,full,20260919T111406Z-85ee197-e20ef493,q23,cell,7,field_id,4946697,4745030,0.042501,0.042501,True,,,,,,
"Haiku, spec",haiku,full,20260919T111406Z-85ee197-e20ef493,q23,cell,7,cod_imovel,GO-5212204-D99E7FB413AF499E8845CAA36FC4353B,GO-5212204-BC0DD19983DE40DDA0F0E5BF93136C61,,,False,,,,,,
"Haiku, spec",haiku,full,20260919T111406Z-85ee197-e20ef493,q23,cell,7,field_area_ha,1.6922408745762047e-08,7.8,1.0,1.0,False,0.0,1.0,,,,
"Haiku, spec",haiku,full,20260919T111406Z-85ee197-e20ef493,q23,cell,7,post2020_loss_ha,22.229237873034467,2.8,6.928571,6.939014,False,22.2,6.928571,,,,
"Haiku, spec",haiku,full,20260919T111406Z-85ee197-e20ef493,q23,cell,8,field_id,4529771,4766627,0.04969,0.04969,True,,,,,,
"Haiku, spec",haiku,full,20260919T111406Z-85ee197-e20ef493,q23,cell,8,cod_imovel,GO-5212204-5A626DA1611C4A4885618BD646CF0010,GO-5212204-3EC9EBA0E8B64C978796D37DE35E549F,,,False,,,,,,
"Haiku, spec",haiku,full,20260919T111406Z-85ee197-e20ef493,q23,cell,8,field_area_ha,3.034078126199874e-08,125.2,1.0,1.0,False,0.0,1.0,,,,
"Haiku, spec",haiku,full,20260919T111406Z-85ee197-e20ef493,q23,cell,8,post2020_loss_ha,4.289541535165246,2.7,0.588719,0.588719,False,4.3,0.592593,,,,
"Haiku, spec",haiku,full,20260919T111406Z-85ee197-e20ef493,q23,cell,9,field_id,4984281,4685105,0.063857,0.063857,True,,,,,,
"Haiku, spec",haiku,full,20260919T111406Z-85ee197-e20ef493,q23,cell,9,cod_imovel,GO-5212204-8F9A53F42FEE4187BBBC3E66F68CEEBE,GO-5212204-2B296F3D835C44D7BF1AD385C1D519A9,,,False,,,,,,
"Haiku, spec",haiku,full,20260919T111406Z-85ee197-e20ef493,q23,cell,9,annex1_commodity,soya,cattle,,,False,,,,,,
"Haiku, spec",haiku,full,20260919T111406Z-85ee197-e20ef493,q23,cell,9,field_area_ha,9.555843151267906e-09,6.6,1.0,1.0,False,0.0,1.0,,,,
"Haiku, spec",haiku,full,20260919T111406Z-85ee197-e20ef493,q23,cell,9,post2020_loss_ha,5.642639863972404,2.5,1.24,1.257056,False,5.6,1.24,,,,
"Haiku, spec",haiku,full,20260919T111406Z-85ee197-e20ef493,q24,shape,,,,,,,,,,22,4,18,4
"Haiku, spec",haiku,full,20260919T111406Z-85ee197-e20ef493,q25,shape,,,,,,,,,,4,3,2,3
"Haiku, spec",haiku,full,20260919T111406Z-85ee197-e20ef493,q26,shape,,,,,,,,,,66,4,18,4
"Haiku, spec",haiku,full,20260919T111406Z-85ee197-e20ef493,q27,shape,,,,,,,,,,114,3,18,3
"Haiku, spec",haiku,full,20260919T111406Z-85ee197-e20ef493,q28,shape,,,,,,,,,,22,7,18,7
"Haiku, spec",haiku,full,20260919T111406Z-85ee197-e20ef493,q29,cell,0,n_nearest_by_far,0,2,1.0,1.0,True,,,,,,
"Haiku, spec",haiku,full,20260919T111406Z-85ee197-e20ef493,q30,shape,,,,,,,,,,22,8,18,8
"Haiku, spec",haiku,full,20260919T111406Z-85ee197-e20ef493,q31,cell,0,centroid_resolved,0,1,1.0,1.0,True,,,,,,
"Haiku, spec",haiku,full,20260919T111406Z-85ee197-e20ef493,q31,cell,0,geometry_resolved,0,1,1.0,1.0,True,,,,,,
"Haiku, spec",haiku,full,20260919T111406Z-85ee197-e20ef493,q31,cell,0,axis_repaired,0,1,1.0,1.0,True,,,,,,
"Haiku, spec",haiku,full,20260919T111406Z-85ee197-e20ef493,q31,cell,0,duplicates_removed,0,1,1.0,1.0,True,,,,,,
"Haiku, spec",haiku,full,20260919T111406Z-85ee197-e20ef493,q31,cell,0,unresolvable,5,1,4.0,4.0,True,,,,,,
"Haiku, spec",haiku,full,20260919T113518Z-85ee197-2ce26dc2,q05,cell,0,list_ids,114,117,0.025641,0.025641,True,,,,,,
"Haiku, spec",haiku,full,20260919T113518Z-85ee197-2ce26dc2,q05,cell,0,found_in_car,114,117,0.025641,0.025641,True,,,,,,
"Haiku, spec",haiku,full,20260919T113518Z-85ee197-2ce26dc2,q06,cell,0,n_parcels,106,109,0.027523,0.027523,True,,,,,,
"Haiku, spec",haiku,full,20260919T113518Z-85ee197-2ce26dc2,q08,cell,0,n_fields_in_envelope,2977,3291,0.095412,0.095412,True,,,,,,
"Haiku, spec",haiku,full,20260919T113518Z-85ee197-2ce26dc2,q09,cell,0,matched_fields,661,793,0.166456,0.166456,False,,,,,,
"Haiku, spec",haiku,full,20260919T113518Z-85ee197-2ce26dc2,q10,cell,0,by_single_parcel_rule,661,766,0.137076,0.137076,False,,,,,,
"Haiku, spec",haiku,full,20260919T113518Z-85ee197-2ce26dc2,q10,cell,0,by_aggregate_rule_only,2316,27,84.777778,84.777778,False,,,,,,
"Haiku, spec",haiku,full,20260919T113518Z-85ee197-2ce26dc2,q11,cell,0,min_single_frac,1.4974689553079948e-11,0.31,1.0,1.0,False,0.0,1.0,,,,
"Haiku, spec",haiku,full,20260919T113518Z-85ee197-2ce26dc2,q11,cell,0,avg_single_frac,0.8877561905245832,0.973,0.087359,0.087609,True,0.888,0.087359,,,,
"Haiku, spec",haiku,full,20260919T113518Z-85ee197-2ce26dc2,q11,cell,0,avg_union_frac,0.65,0.996,0.34739,0.34739,False,0.65,0.34739,,,,
"Haiku, spec",haiku,full,20260919T113518Z-85ee197-2ce26dc2,q12,cell,0,n_excluded,95,79,0.202532,0.202532,True,,,,,,
"Haiku, spec",haiku,full,20260919T113518Z-85ee197-2ce26dc2,q13,cell,0,n_fields,75,74,0.013514,0.013514,True,,,,,,
"Haiku, spec",haiku,full,20260919T113518Z-85ee197-2ce26dc2,q13,cell,1,cod_imovel,GO-5219258-021D6EEAC0FE4976868FEBAAD4C9056C,GO-5212204-15108D4D7C134B8D9E71E50A2ED2E605,,,False,,,,,,
"Haiku, spec",haiku,full,20260919T113518Z-85ee197-2ce26dc2,q13,cell,1,n_fields,51,42,0.214286,0.214286,True,,,,,,
"Haiku, spec",haiku,full,20260919T113518Z-85ee197-2ce26dc2,q13,cell,2,n_fields,47,42,0.119048,0.119048,True,,,,,,
"Haiku, spec",haiku,full,20260919T113518Z-85ee197-2ce26dc2,q13,cell,3,cod_imovel,GO-5212204-52E2FECF2A7042F2B0DC6B27138AADE6,GO-5212204-6A28AC5AF7BF4BEC8931E8E154D99AEE,,,False,,,,,,
"Haiku, spec",haiku,full,20260919T113518Z-85ee197-2ce26dc2,q13,cell,3,n_fields,41,34,0.205882,0.205882,True,,,,,,
"Haiku, spec",haiku,full,20260919T113518Z-85ee197-2ce26dc2,q13,cell,4,cod_imovel,GO-5212204-CE5E071E653F445E8EA2609440D42C75,GO-5212204-52E2FECF2A7042F2B0DC6B27138AADE6,,,False,,,,,,
"Haiku, spec",haiku,full,20260919T113518Z-85ee197-2ce26dc2,q13,cell,5,cod_imovel,GO-5212204-BC0DD19983DE40DDA0F0E5BF93136C61,GO-5212204-F17BEA20B17148C1ADB4BD53A04EC448,,,False,,,,,,
"Haiku, spec",haiku,full,20260919T113518Z-85ee197-2ce26dc2,q13,cell,6,cod_imovel,GO-5212204-156094615E67476AB099D9F46F6C0655,GO-5219258-021D6EEAC0FE4976868FEBAAD4C9056C,,,False,,,,,,
"Haiku, spec",haiku,full,20260919T113518Z-85ee197-2ce26dc2,q13,cell,6,n_fields,30,29,0.034483,0.034483,True,,,,,,
"Haiku, spec",haiku,full,20260919T113518Z-85ee197-2ce26dc2,q13,cell,7,n_fields,66,28,1.357143,1.357143,False,,,,,,
"Haiku, spec",haiku,full,20260919T113518Z-85ee197-2ce26dc2,q13,cell,8,cod_imovel,GO-5212204-DA0E3C866893466CA994D0B0178498F2,GO-5212204-CE5E071E653F445E8EA2609440D42C75,,,False,,,,,,
"Haiku, spec",haiku,full,20260919T113518Z-85ee197-2ce26dc2,q13,cell,8,n_fields,30,26,0.153846,0.153846,True,,,,,,
"Haiku, spec",haiku,full,20260919T113518Z-85ee197-2ce26dc2,q13,cell,9,cod_imovel,GO-5212204-59B661AA7FEB45408462F5CD9717FC56,GO-5212204-156094615E67476AB099D9F46F6C0655,,,False,,,,,,
"Haiku, spec",haiku,full,20260919T113518Z-85ee197-2ce26dc2,q13,cell,9,n_fields,27,22,0.227273,0.227273,True,,,,,,
"Haiku, spec",haiku,full,20260919T113518Z-85ee197-2ce26dc2,q14,cell,0,matched_field_ha,45000.5,36108.6,0.246254,0.246254,False,45000.5,0.246254,,,,
"Haiku, spec",haiku,full,20260919T113518Z-85ee197-2ce26dc2,q15,cell,0,n_parcels,661,117,4.649573,4.649573,False,,,,,,
"Haiku, spec",haiku,full,20260919T113518Z-85ee197-2ce26dc2,q15,cell,0,n_fields,45000.5,793,55.747163,55.747163,False,45000.5,55.747163,,,,
"Haiku, spec",haiku,full,20260919T113518Z-85ee197-2ce26dc2,q15,cell,0,matched_field_ha,8500.3,36108.6,0.764591,0.764591,False,8500.3,0.764591,,,,
"Haiku, spec",haiku,full,20260919T113518Z-85ee197-2ce26dc2,q15,cell,0,fields_with_post2020_loss,287,41,6.0,6.0,False,,,,,,
"Haiku, spec",haiku,full,20260919T113518Z-85ee197-2ce26dc2,q16,shape,,,,,,,,,,7,5,4,5
"Haiku, spec",haiku,full,20260919T113518Z-85ee197-2ce26dc2,q17,shape,,,,,,,,,,4,3,2,3
"Haiku, spec",haiku,full,20260919T113518Z-85ee197-2ce26dc2,q18,shape,,,,,,,,,,2,3,1,3
"Haiku, spec",haiku,full,20260919T113518Z-85ee197-2ce26dc2,q19,shape,,,,,,,,,,4,3,2,3
"Haiku, spec",haiku,full,20260919T113518Z-85ee197-2ce26dc2,q20,cell,0,cod_imovel,GO-5212204-5A626DA1611C4A4885618BD646CF0010,GO-5212204-8F9A53F42FEE4187BBBC3E66F68CEEBE,,,False,,,,,,
"Haiku, spec",haiku,full,20260919T113518Z-85ee197-2ce26dc2,q20,cell,0,post2020_loss_ha,850.5,46.9,17.134328,17.134328,False,850.5,17.134328,,,,
"Haiku, spec",haiku,full,20260919T113518Z-85ee197-2ce26dc2,q20,cell,0,n_fields_post2020_loss,12,2,5.0,5.0,True,,,,,,
"Haiku, spec",haiku,full,20260919T113518Z-85ee197-2ce26dc2,q20,cell,1,post2020_loss_ha,720.3,29.5,23.416949,23.416949,False,720.3,23.416949,,,,
"Haiku, spec",haiku,full,20260919T113518Z-85ee197-2ce26dc2,q20,cell,1,n_fields_post2020_loss,11,12,0.083333,0.083333,True,,,,,,
"Haiku, spec",haiku,full,20260919T113518Z-85ee197-2ce26dc2,q20,cell,2,cod_imovel,GO-5212204-156094615E67476AB099D9F46F6C0655,GO-5212204-67B7F23029D24ACFAC7656714A14C2DB,,,False,,,,,,
"Haiku, spec",haiku,full,20260919T113518Z-85ee197-2ce26dc2,q20,cell,2,post2020_loss_ha,400.1,13.3,29.082707,29.082707,False,400.1,29.082707,,,,
"Haiku, spec",haiku,full,20260919T113518Z-85ee197-2ce26dc2,q20,cell,3,cod_imovel,GO-5212204-5EA91F9370294F8F8F9447882810DD0B,GO-5212204-5A626DA1611C4A4885618BD646CF0010,,,False,,,,,,
"Haiku, spec",haiku,full,20260919T113518Z-85ee197-2ce26dc2,q20,cell,3,post2020_loss_ha,580.1,10.8,52.712963,52.712963,False,580.1,52.712963,,,,
"Haiku, spec",haiku,full,20260919T113518Z-85ee197-2ce26dc2,q20,cell,3,n_fields_post2020_loss,8,2,3.0,3.0,True,,,,,,
"Haiku, spec",haiku,full,20260919T113518Z-85ee197-2ce26dc2,q20,cell,4,cod_imovel,GO-5219258-021D6EEAC0FE4976868FEBAAD4C9056C,GO-5219258-E7F86639E6404DC4AD9B8DBFAFFB112B,,,False,,,,,,
"Haiku, spec",haiku,full,20260919T113518Z-85ee197-2ce26dc2,q20,cell,4,post2020_loss_ha,650.2,3.1,208.741935,208.741935,False,650.2,208.741935,,,,
"Haiku, spec",haiku,full,20260919T113518Z-85ee197-2ce26dc2,q20,cell,4,n_fields_post2020_loss,9,2,3.5,3.5,True,,,,,,
"Haiku, spec",haiku,full,20260919T113518Z-85ee197-2ce26dc2,q20,cell,5,cod_imovel,GO-5212204-52E2FECF2A7042F2B0DC6B27138AADE6,GO-5212204-3EC9EBA0E8B64C978796D37DE35E549F,,,False,,,,,,
"Haiku, spec",haiku,full,20260919T113518Z-85ee197-2ce26dc2,q20,cell,5,post2020_loss_ha,520.4,3.0,172.466667,172.466667,False,520.4,172.466667,,,,
"Haiku, spec",haiku,full,20260919T113518Z-85ee197-2ce26dc2,q20,cell,5,n_fields_post2020_loss,7,2,2.5,2.5,True,,,,,,
"Haiku, spec",haiku,full,20260919T113518Z-85ee197-2ce26dc2,q20,cell,6,post2020_loss_ha,350.5,2.9,119.862069,119.862069,False,350.5,119.862069,,,,
"Haiku, spec",haiku,full,20260919T113518Z-85ee197-2ce26dc2,q20,cell,6,n_fields_post2020_loss,5,2,1.5,1.5,True,,,,,,
"Haiku, spec",haiku,full,20260919T113518Z-85ee197-2ce26dc2,q20,cell,7,cod_imovel,GO-5212204-CE5E071E653F445E8EA2609440D42C75,GO-5219258-D8B970A69F30415F9FDEE84663A2210B,,,False,,,,,,
"Haiku, spec",haiku,full,20260919T113518Z-85ee197-2ce26dc2,q20,cell,7,municipio,Jussara,Santa Fe de Goias,,,False,,,,,,
"Haiku, spec",haiku,full,20260919T113518Z-85ee197-2ce26dc2,q20,cell,7,post2020_loss_ha,450.2,1.6,280.375,280.375,False,450.2,280.375,,,,
"Haiku, spec",haiku,full,20260919T113518Z-85ee197-2ce26dc2,q20,cell,7,n_fields_post2020_loss,6,2,2.0,2.0,True,,,,,,
"Haiku, spec",haiku,full,20260919T113518Z-85ee197-2ce26dc2,q20,cell,8,cod_imovel,GO-5212204-DA0E3C866893466CA994D0B0178498F2,GO-5212204-B09F3674DFFF46D7AB8D2101F77AFC10,,,False,,,,,,
"Haiku, spec",haiku,full,20260919T113518Z-85ee197-2ce26dc2,q20,cell,8,post2020_loss_ha,380.3,1.2,315.916667,315.916667,False,380.3,315.916667,,,,
"Haiku, spec",haiku,full,20260919T113518Z-85ee197-2ce26dc2,q20,cell,8,n_fields_post2020_loss,5,1,4.0,4.0,True,,,,,,
"Haiku, spec",haiku,full,20260919T113518Z-85ee197-2ce26dc2,q20,cell,9,post2020_loss_ha,308.2,0.6,512.666667,512.666667,False,308.2,512.666667,,,,
"Haiku, spec",haiku,full,20260919T113518Z-85ee197-2ce26dc2,q20,cell,9,n_fields_post2020_loss,4,1,3.0,3.0,True,,,,,,
"Haiku, spec",haiku,full,20260919T113518Z-85ee197-2ce26dc2,q21,cell,0,cleared_ha,1200.5,761.4,0.576701,0.576701,False,1200.5,0.576701,,,,
"Haiku, spec",haiku,full,20260919T113518Z-85ee197-2ce26dc2,q21,cell,0,pct_of_loss,14.1,42.0,0.664286,0.664286,False,14.1,0.664286,,,,
"Haiku, spec",haiku,full,20260919T113518Z-85ee197-2ce26dc2,q21,cell,1,cleared_ha,1850.2,418.5,3.421027,3.421027,False,1850.2,3.421027,,,,
"Haiku, spec",haiku,full,20260919T113518Z-85ee197-2ce26dc2,q21,cell,1,pct_of_loss,21.8,23.1,0.056277,0.056277,False,21.8,0.056277,,,,
"Haiku, spec",haiku,full,20260919T113518Z-85ee197-2ce26dc2,q21,cell,2,cleared_ha,2100.3,326.0,5.442638,5.442638,False,2100.3,5.442638,,,,
"Haiku, spec",haiku,full,20260919T113518Z-85ee197-2ce26dc2,q21,cell,2,pct_of_loss,24.7,18.0,0.372222,0.372222,False,24.7,0.372222,,,,
"Haiku, spec",haiku,full,20260919T113518Z-85ee197-2ce26dc2,q21,cell,3,cleared_ha,1800.1,190.0,8.474211,8.474211,False,1800.1,8.474211,,,,
"Haiku, spec",haiku,full,20260919T113518Z-85ee197-2ce26dc2,q21,cell,3,pct_of_loss,21.2,10.5,1.019048,1.019048,False,21.2,1.019048,,,,
"Haiku, spec",haiku,full,20260919T113518Z-85ee197-2ce26dc2,q21,cell,4,cleared_ha,1550.2,114.9,12.491732,12.491732,False,1550.2,12.491732,,,,
"Haiku, spec",haiku,full,20260919T113518Z-85ee197-2ce26dc2,q21,cell,4,pct_of_loss,18.2,6.3,1.888889,1.888889,False,18.2,1.888889,,,,
"Haiku, spec",haiku,full,20260919T113518Z-85ee197-2ce26dc2,q22,cell,0,n_fields,45,26,0.730769,0.730769,True,,,,,,
"Haiku, spec",haiku,full,20260919T113518Z-85ee197-2ce26dc2,q22,cell,0,cleared_ha,200.5,108.4,0.849631,0.849631,False,200.5,0.849631,,,,
"Haiku, spec",haiku,full,20260919T113518Z-85ee197-2ce26dc2,q22,cell,1,n_fields,52,18,1.888889,1.888889,False,,,,,,
"Haiku, spec",haiku,full,20260919T113518Z-85ee197-2ce26dc2,q22,cell,1,cleared_ha,250.1,280.0,0.106786,0.106786,False,250.1,0.106786,,,,
"Haiku, spec",haiku,full,20260919T113518Z-85ee197-2ce26dc2,q22,cell,2,n_fields,48,17,1.823529,1.823529,False,,,,,,
"Haiku, spec",haiku,full,20260919T113518Z-85ee197-2ce26dc2,q22,cell,2,cleared_ha,240.3,152.0,0.580921,0.580921,False,240.3,0.580921,,,,
"Haiku, spec",haiku,full,20260919T113518Z-85ee197-2ce26dc2,q22,cell,3,n_fields,38,4,8.5,8.5,False,,,,,,
"Haiku, spec",haiku,full,20260919T113518Z-85ee197-2ce26dc2,q22,cell,3,cleared_ha,210.2,339.0,0.379941,0.379941,False,210.2,0.379941,,,,
"Haiku, spec",haiku,full,20260919T113518Z-85ee197-2ce26dc2,q22,cell,4,n_fields,55,15,2.666667,2.666667,False,,,,,,
"Haiku, spec",haiku,full,20260919T113518Z-85ee197-2ce26dc2,q22,cell,4,cleared_ha,300.4,141.3,1.125973,1.125973,False,300.4,1.125973,,,,
"Haiku, spec",haiku,full,20260919T113518Z-85ee197-2ce26dc2,q22,cell,5,n_fields,60,11,4.454545,4.454545,False,,,,,,
"Haiku, spec",haiku,full,20260919T113518Z-85ee197-2ce26dc2,q22,cell,5,cleared_ha,350.2,42.4,7.259434,7.259434,False,350.2,7.259434,,,,
"Haiku, spec",haiku,full,20260919T113518Z-85ee197-2ce26dc2,q22,cell,6,n_fields,52,10,4.2,4.2,False,,,,,,
"Haiku, spec",haiku,full,20260919T113518Z-85ee197-2ce26dc2,q22,cell,6,cleared_ha,310.1,3.5,87.6,87.6,False,310.1,87.6,,,,
"Haiku, spec",haiku,full,20260919T113518Z-85ee197-2ce26dc2,q22,cell,7,n_fields,48,10,3.8,3.8,False,,,,,,
"Haiku, spec",haiku,full,20260919T113518Z-85ee197-2ce26dc2,q22,cell,7,cleared_ha,280.5,47.2,4.942797,4.942797,False,280.5,4.942797,,,,
"Haiku, spec",haiku,full,20260919T113518Z-85ee197-2ce26dc2,q22,cell,8,n_fields,45,8,4.625,4.625,False,,,,,,
"Haiku, spec",haiku,full,20260919T113518Z-85ee197-2ce26dc2,q22,cell,8,cleared_ha,260.3,9.1,27.604396,27.604396,False,260.3,27.604396,,,,
"Haiku, spec",haiku,full,20260919T113518Z-85ee197-2ce26dc2,q22,cell,9,n_fields,58,29,1.0,1.0,False,,,,,,
"Haiku, spec",haiku,full,20260919T113518Z-85ee197-2ce26dc2,q22,cell,9,cleared_ha,350.2,248.8,0.407556,0.407556,False,350.2,0.407556,,,,
"Haiku, spec",haiku,full,20260919T113518Z-85ee197-2ce26dc2,q22,cell,10,n_fields,62,15,3.133333,3.133333,False,,,,,,
"Haiku, spec",haiku,full,20260919T113518Z-85ee197-2ce26dc2,q22,cell,10,cleared_ha,380.5,122.2,2.113748,2.113748,False,380.5,2.113748,,,,
"Haiku, spec",haiku,full,20260919T113518Z-85ee197-2ce26dc2,q22,cell,11,n_fields,55,12,3.583333,3.583333,False,,,,,,
"Haiku, spec",haiku,full,20260919T113518Z-85ee197-2ce26dc2,q22,cell,11,cleared_ha,340.2,16.7,19.371257,19.371257,False,340.2,19.371257,,,,
"Haiku, spec",haiku,full,20260919T113518Z-85ee197-2ce26dc2,q22,cell,12,n_fields,48,5,8.6,8.6,False,,,,,,
"Haiku, spec",haiku,full,20260919T113518Z-85ee197-2ce26dc2,q22,cell,12,cleared_ha,300.1,6.3,46.634921,46.634921,False,300.1,46.634921,,,,
"Haiku, spec",haiku,full,20260919T113518Z-85ee197-2ce26dc2,q22,cell,13,n_fields,50,7,6.142857,6.142857,False,,,,,,
"Haiku, spec",haiku,full,20260919T113518Z-85ee197-2ce26dc2,q22,cell,13,cleared_ha,320.3,16.9,17.952663,17.952663,False,320.3,17.952663,,,,
"Haiku, spec",haiku,full,20260919T113518Z-85ee197-2ce26dc2,q22,cell,14,n_fields,45,8,4.625,4.625,False,,,,,,
"Haiku, spec",haiku,full,20260919T113518Z-85ee197-2ce26dc2,q22,cell,14,cleared_ha,280.5,35.5,6.901408,6.901408,False,280.5,6.901408,,,,
"Haiku, spec",haiku,full,20260919T113518Z-85ee197-2ce26dc2,q22,cell,15,n_fields,48,2,23.0,23.0,False,,,,,,
"Haiku, spec",haiku,full,20260919T113518Z-85ee197-2ce26dc2,q22,cell,15,cleared_ha,300.2,2.7,110.185185,110.185185,False,300.2,110.185185,,,,
"Haiku, spec",haiku,full,20260919T113518Z-85ee197-2ce26dc2,q22,cell,16,n_fields,52,8,5.5,5.5,False,,,,,,
"Haiku, spec",haiku,full,20260919T113518Z-85ee197-2ce26dc2,q22,cell,16,cleared_ha,320.1,8.8,35.375,35.375,False,320.1,35.375,,,,
"Haiku, spec",haiku,full,20260919T113518Z-85ee197-2ce26dc2,q22,cell,17,n_fields,58,2,28.0,28.0,False,,,,,,
"Haiku, spec",haiku,full,20260919T113518Z-85ee197-2ce26dc2,q22,cell,17,cleared_ha,350.3,8.6,39.732558,39.732558,False,350.3,39.732558,,,,
"Haiku, spec",haiku,full,20260919T113518Z-85ee197-2ce26dc2,q22,cell,18,n_fields,55,10,4.5,4.5,False,,,,,,
"Haiku, spec",haiku,full,20260919T113518Z-85ee197-2ce26dc2,q22,cell,18,cleared_ha,330.5,80.2,3.120948,3.120948,False,330.5,3.120948,,,,
"Haiku, spec",haiku,full,20260919T113518Z-85ee197-2ce26dc2,q22,cell,19,n_fields,42,4,9.5,9.5,False,,,,,,
"Haiku, spec",haiku,full,20260919T113518Z-85ee197-2ce26dc2,q22,cell,19,cleared_ha,250.2,24.1,9.381743,9.381743,False,250.2,9.381743,,,,
"Haiku, spec",haiku,full,20260919T113518Z-85ee197-2ce26dc2,q22,cell,20,n_fields,38,6,5.333333,5.333333,False,,,,,,
"Haiku, spec",haiku,full,20260919T113518Z-85ee197-2ce26dc2,q22,cell,20,cleared_ha,200.1,74.9,1.671562,1.671562,False,200.1,1.671562,,,,
"Haiku, spec",haiku,full,20260919T113518Z-85ee197-2ce26dc2,q22,cell,21,n_fields,35,7,4.0,4.0,False,,,,,,
"Haiku, spec",haiku,full,20260919T113518Z-85ee197-2ce26dc2,q22,cell,21,cleared_ha,180.3,24.5,6.359184,6.359184,False,180.3,6.359184,,,,
"Haiku, spec",haiku,full,20260919T113518Z-85ee197-2ce26dc2,q22,cell,22,n_fields,32,2,15.0,15.0,False,,,,,,
"Haiku, spec",haiku,full,20260919T113518Z-85ee197-2ce26dc2,q22,cell,22,cleared_ha,160.2,3.9,40.076923,40.076923,False,160.2,40.076923,,,,
"Haiku, spec",haiku,full,20260919T113518Z-85ee197-2ce26dc2,q22,cell,23,n_fields,28,7,3.0,3.0,False,,,,,,
"Haiku, spec",haiku,full,20260919T113518Z-85ee197-2ce26dc2,q22,cell,23,cleared_ha,140.1,14.0,9.007143,9.007143,False,140.1,9.007143,,,,
"Haiku, spec",haiku,full,20260919T113518Z-85ee197-2ce26dc2,q23,cell,0,field_id,123458,4974415,0.975181,0.975181,False,,,,,,
"Haiku, spec",haiku,full,20260919T113518Z-85ee197-2ce26dc2,q23,cell,0,cod_imovel,GO-5219258-021D6EEAC0FE4976868FEBAAD4C9056C,GO-5212204-8F9A53F42FEE4187BBBC3E66F68CEEBE,,,False,,,,,,
"Haiku, spec",haiku,full,20260919T113518Z-85ee197-2ce26dc2,q23,cell,0,field_area_ha,200.2,221.2,0.094937,0.094937,True,200.2,0.094937,,,,
"Haiku, spec",haiku,full,20260919T113518Z-85ee197-2ce26dc2,q23,cell,0,post2020_loss_ha,65.3,46.2,0.41342,0.41342,False,65.3,0.41342,,,,
"Haiku, spec",haiku,full,20260919T113518Z-85ee197-2ce26dc2,q23,cell,1,field_id,123457,4681779,0.97363,0.97363,False,,,,,,
"Haiku, spec",haiku,full,20260919T113518Z-85ee197-2ce26dc2,q23,cell,1,field_area_ha,280.3,60.3,3.648425,3.648425,False,280.3,3.648425,,,,
"Haiku, spec",haiku,full,20260919T113518Z-85ee197-2ce26dc2,q23,cell,1,post2020_loss_ha,72.1,12.9,4.589147,4.589147,False,72.1,4.589147,,,,
"Haiku, spec",haiku,full,20260919T113518Z-85ee197-2ce26dc2,q23,cell,2,field_id,123456,4533274,0.972767,0.972767,False,,,,,,
"Haiku, spec",haiku,full,20260919T113518Z-85ee197-2ce26dc2,q23,cell,2,field_area_ha,250.5,14.6,16.157534,16.157534,False,250.5,16.157534,,,,
"Haiku, spec",haiku,full,20260919T113518Z-85ee197-2ce26dc2,q23,cell,2,post2020_loss_ha,85.2,10.8,6.888889,6.888889,False,85.2,6.888889,,,,
"Haiku, spec",haiku,full,20260919T113518Z-85ee197-2ce26dc2,q23,cell,3,field_id,123459,4903857,0.974824,0.974824,False,,,,,,
"Haiku, spec",haiku,full,20260919T113518Z-85ee197-2ce26dc2,q23,cell,3,cod_imovel,GO-5212204-5EA91F9370294F8F8F9447882810DD0B,GO-5212204-67B7F23029D24ACFAC7656714A14C2DB,,,False,,,,,,
"Haiku, spec",haiku,full,20260919T113518Z-85ee197-2ce26dc2,q23,cell,3,field_area_ha,220.1,10.7,19.570093,19.570093,False,220.1,19.570093,,,,
"Haiku, spec",haiku,full,20260919T113518Z-85ee197-2ce26dc2,q23,cell,3,post2020_loss_ha,58.2,10.7,4.439252,4.439252,False,58.2,4.439252,,,,
"Haiku, spec",haiku,full,20260919T113518Z-85ee197-2ce26dc2,q23,cell,4,field_id,123461,4668028,0.973552,0.973552,False,,,,,,
"Haiku, spec",haiku,full,20260919T113518Z-85ee197-2ce26dc2,q23,cell,4,cod_imovel,GO-5212204-CE5E071E653F445E8EA2609440D42C75,GO-5212204-2B296F3D835C44D7BF1AD385C1D519A9,,,False,,,,,,
"Haiku, spec",haiku,full,20260919T113518Z-85ee197-2ce26dc2,q23,cell,4,field_area_ha,195.2,27.6,6.072464,6.072464,False,195.2,6.072464,,,,
"Haiku, spec",haiku,full,20260919T113518Z-85ee197-2ce26dc2,q23,cell,4,post2020_loss_ha,45.3,9.5,3.768421,3.768421,False,45.3,3.768421,,,,
"Haiku, spec",haiku,full,20260919T113518Z-85ee197-2ce26dc2,q23,cell,5,field_id,123463,4679025,0.973614,0.973614,False,,,,,,
"Haiku, spec",haiku,full,20260919T113518Z-85ee197-2ce26dc2,q23,cell,5,cod_imovel,GO-5212204-DA0E3C866893466CA994D0B0178498F2,GO-5212204-2B296F3D835C44D7BF1AD385C1D519A9,,,False,,,,,,
"Haiku, spec",haiku,full,20260919T113518Z-85ee197-2ce26dc2,q23,cell,5,field_area_ha,178.5,5.0,34.7,34.7,False,178.5,34.7,,,,
"Haiku, spec",haiku,full,20260919T113518Z-85ee197-2ce26dc2,q23,cell,5,post2020_loss_ha,38.1,3.1,11.290323,11.290323,False,38.1,11.290323,,,,
"Haiku, spec",haiku,full,20260919T113518Z-85ee197-2ce26dc2,q23,cell,6,field_id,123464,4659940,0.973505,0.973505,False,,,,,,
"Haiku, spec",haiku,full,20260919T113518Z-85ee197-2ce26dc2,q23,cell,6,cod_imovel,GO-5212204-BC0DD19983DE40DDA0F0E5BF93136C61,GO-5219258-E7F86639E6404DC4AD9B8DBFAFFB112B,,,False,,,,,,
"Haiku, spec",haiku,full,20260919T113518Z-85ee197-2ce26dc2,q23,cell,6,field_area_ha,195.2,7.4,25.378378,25.378378,False,195.2,25.378378,,,,
"Haiku, spec",haiku,full,20260919T113518Z-85ee197-2ce26dc2,q23,cell,6,post2020_loss_ha,35.2,3.1,10.354839,10.354839,False,35.2,10.354839,,,,
"Haiku, spec",haiku,full,20260919T113518Z-85ee197-2ce26dc2,q23,cell,7,field_id,123460,4745030,0.973981,0.973981,False,,,,,,
"Haiku, spec",haiku,full,20260919T113518Z-85ee197-2ce26dc2,q23,cell,7,cod_imovel,GO-5212204-52E2FECF2A7042F2B0DC6B27138AADE6,GO-5212204-BC0DD19983DE40DDA0F0E5BF93136C61,,,False,,,,,,
"Haiku, spec",haiku,full,20260919T113518Z-85ee197-2ce26dc2,q23,cell,7,annex1_commodity,soya,cattle,,,False,,,,,,
"Haiku, spec",haiku,full,20260919T113518Z-85ee197-2ce26dc2,q23,cell,7,field_area_ha,185.4,7.8,22.769231,22.769231,False,185.4,22.769231,,,,
"Haiku, spec",haiku,full,20260919T113518Z-85ee197-2ce26dc2,q23,cell,7,post2020_loss_ha,52.1,2.8,17.607143,17.607143,False,52.1,17.607143,,,,
"Haiku, spec",haiku,full,20260919T113518Z-85ee197-2ce26dc2,q23,cell,8,field_id,123462,4766627,0.974099,0.974099,False,,,,,,
"Haiku, spec",haiku,full,20260919T113518Z-85ee197-2ce26dc2,q23,cell,8,cod_imovel,GO-5212204-156094615E67476AB099D9F46F6C0655,GO-5212204-3EC9EBA0E8B64C978796D37DE35E549F,,,False,,,,,,
"Haiku, spec",haiku,full,20260919T113518Z-85ee197-2ce26dc2,q23,cell,8,annex1_commodity,soya,cattle,,,False,,,,,,
"Haiku, spec",haiku,full,20260919T113518Z-85ee197-2ce26dc2,q23,cell,8,field_area_ha,165.3,125.2,0.320288,0.320288,False,165.3,0.320288,,,,
"Haiku, spec",haiku,full,20260919T113518Z-85ee197-2ce26dc2,q23,cell,8,post2020_loss_ha,40.2,2.7,13.888889,13.888889,False,40.2,13.888889,,,,
"Haiku, spec",haiku,full,20260919T113518Z-85ee197-2ce26dc2,q23,cell,9,field_id,123465,4685105,0.973647,0.973647,False,,,,,,
"Haiku, spec",haiku,full,20260919T113518Z-85ee197-2ce26dc2,q23,cell,9,cod_imovel,GO-5212204-59B661AA7FEB45408462F5CD9717FC56,GO-5212204-2B296F3D835C44D7BF1AD385C1D519A9,,,False,,,,,,
"Haiku, spec",haiku,full,20260919T113518Z-85ee197-2ce26dc2,q23,cell,9,annex1_commodity,soya,cattle,,,False,,,,,,
"Haiku, spec",haiku,full,20260919T113518Z-85ee197-2ce26dc2,q23,cell,9,field_area_ha,155.3,6.6,22.530303,22.530303,False,155.3,22.530303,,,,
"Haiku, spec",haiku,full,20260919T113518Z-85ee197-2ce26dc2,q23,cell,9,post2020_loss_ha,30.8,2.5,11.32,11.32,False,30.8,11.32,,,,
"Haiku, spec",haiku,full,20260919T113518Z-85ee197-2ce26dc2,q24,shape,,,,,,,,,,5,4,18,4
"Haiku, spec",haiku,full,20260919T113518Z-85ee197-2ce26dc2,q25,shape,,,,,,,,,,4,3,2,3
"Haiku, spec",haiku,full,20260919T113518Z-85ee197-2ce26dc2,q26,shape,,,,,,,,,,3,4,18,4
"Haiku, spec",haiku,full,20260919T113518Z-85ee197-2ce26dc2,q27,shape,,,,,,,,,,3,3,18,3
"Haiku, spec",haiku,full,20260919T113518Z-85ee197-2ce26dc2,q28,shape,,,,,,,,,,3,7,18,7
"Haiku, spec",haiku,full,20260919T113518Z-85ee197-2ce26dc2,q29,cell,0,n_widened,1,0,,,True,,,,,,
"Haiku, spec",haiku,full,20260919T113518Z-85ee197-2ce26dc2,q29,cell,0,n_no_match,3,0,,,True,,,,,,
"Haiku, spec",haiku,full,20260919T113518Z-85ee197-2ce26dc2,q30,shape,,,,,,,,,,3,8,18,8
"Haiku, spec",haiku,full,20260919T113518Z-85ee197-2ce26dc2,q31,cell,0,geometry_resolved,0,1,1.0,1.0,True,,,,,,
"Haiku, spec",haiku,full,20260919T113518Z-85ee197-2ce26dc2,q31,cell,0,unresolvable,2,1,1.0,1.0,True,,,,,,
"Haiku, spec",haiku,full,20260919T114638Z-85ee197-ce2c7daa,q01,cell,0,n_collections,1,3,0.666667,0.666667,True,,,,,,
"Haiku, spec",haiku,full,20260919T114638Z-85ee197-ce2c7daa,q01,cell,0,recommended_id,trazo3_brazil_goias_2024,trazo3-fields,,,False,,,,,,
"Haiku, spec",haiku,full,20260919T114638Z-85ee197-ce2c7daa,q05,cell,0,list_ids,114,117,0.025641,0.025641,True,,,,,,
"Haiku, spec",haiku,full,20260919T114638Z-85ee197-ce2c7daa,q05,cell,0,found_in_car,114,117,0.025641,0.025641,True,,,,,,
"Haiku, spec",haiku,full,20260919T114638Z-85ee197-ce2c7daa,q06,cell,0,n_parcels,106,109,0.027523,0.027523,True,,,,,,
"Haiku, spec",haiku,full,20260919T114638Z-85ee197-ce2c7daa,q08,cell,0,n_fields_in_envelope,2977,3291,0.095412,0.095412,True,,,,,,
"Haiku, spec",haiku,full,20260919T114638Z-85ee197-ce2c7daa,q09,cell,0,matched_fields,689,793,0.131148,0.131148,False,,,,,,
"Haiku, spec",haiku,full,20260919T114638Z-85ee197-ce2c7daa,q10,cell,0,by_single_parcel_rule,661,766,0.137076,0.137076,False,,,,,,
"Haiku, spec",haiku,full,20260919T114638Z-85ee197-ce2c7daa,q11,cell,0,avg_union_frac,1.147839069366455,0.996,0.152449,0.152449,False,1.148,0.15261,,,,
"Haiku, spec",haiku,full,20260919T114638Z-85ee197-ce2c7daa,q12,cell,0,n_excluded,67,79,0.151899,0.151899,True,,,,,,
"Haiku, spec",haiku,full,20260919T114638Z-85ee197-ce2c7daa,q13,cell,1,cod_imovel,GO-5212204-5EA91F9370294F8F8F9447882810DD0B,GO-5212204-15108D4D7C134B8D9E71E50A2ED2E605,,,False,,,,,,
"Haiku, spec",haiku,full,20260919T114638Z-85ee197-ce2c7daa,q13,cell,2,cod_imovel,GO-5219258-E7F86639E6404DC4AD9B8DBFAFFB112B,GO-5212204-5EA91F9370294F8F8F9447882810DD0B,,,False,,,,,,
"Haiku, spec",haiku,full,20260919T114638Z-85ee197-ce2c7daa,q13,cell,3,cod_imovel,GO-5212204-52E2FECF2A7042F2B0DC6B27138AADE6,GO-5212204-6A28AC5AF7BF4BEC8931E8E154D99AEE,,,False,,,,,,
"Haiku, spec",haiku,full,20260919T114638Z-85ee197-ce2c7daa,q13,cell,3,n_fields,31,34,0.088235,0.088235,True,,,,,,
"Haiku, spec",haiku,full,20260919T114638Z-85ee197-ce2c7daa,q13,cell,4,cod_imovel,GO-5212204-2B296F3D835C44D7BF1AD385C1D519A9,GO-5212204-52E2FECF2A7042F2B0DC6B27138AADE6,,,False,,,,,,
"Haiku, spec",haiku,full,20260919T114638Z-85ee197-ce2c7daa,q13,cell,4,n_fields,29,31,0.064516,0.064516,True,,,,,,
"Haiku, spec",haiku,full,20260919T114638Z-85ee197-ce2c7daa,q13,cell,5,cod_imovel,GO-5219258-021D6EEAC0FE4976868FEBAAD4C9056C,GO-5212204-F17BEA20B17148C1ADB4BD53A04EC448,,,False,,,,,,
"Haiku, spec",haiku,full,20260919T114638Z-85ee197-ce2c7daa,q13,cell,5,n_fields,28,29,0.034483,0.034483,True,,,,,,
"Haiku, spec",haiku,full,20260919T114638Z-85ee197-ce2c7daa,q13,cell,6,cod_imovel,GO-5212204-CE5E071E653F445E8EA2609440D42C75,GO-5219258-021D6EEAC0FE4976868FEBAAD4C9056C,,,False,,,,,,
"Haiku, spec",haiku,full,20260919T114638Z-85ee197-ce2c7daa,q13,cell,6,n_fields,26,29,0.103448,0.103448,True,,,,,,
"Haiku, spec",haiku,full,20260919T114638Z-85ee197-ce2c7daa,q13,cell,7,cod_imovel,GO-5212204-156094615E67476AB099D9F46F6C0655,GO-5212204-2B296F3D835C44D7BF1AD385C1D519A9,,,False,,,,,,
"Haiku, spec",haiku,full,20260919T114638Z-85ee197-ce2c7daa,q13,cell,7,n_fields,22,28,0.214286,0.214286,True,,,,,,
"Haiku, spec",haiku,full,20260919T114638Z-85ee197-ce2c7daa,q13,cell,8,cod_imovel,GO-5212204-BC0DD19983DE40DDA0F0E5BF93136C61,GO-5212204-CE5E071E653F445E8EA2609440D42C75,,,False,,,,,,
"Haiku, spec",haiku,full,20260919T114638Z-85ee197-ce2c7daa,q13,cell,8,n_fields,22,26,0.153846,0.153846,True,,,,,,
"Haiku, spec",haiku,full,20260919T114638Z-85ee197-ce2c7daa,q13,cell,9,cod_imovel,GO-5212204-2CC9462D520645069EBCBC7EA3D33548,GO-5212204-156094615E67476AB099D9F46F6C0655,,,False,,,,,,
"Haiku, spec",haiku,full,20260919T114638Z-85ee197-ce2c7daa,q13,cell,9,n_fields,21,22,0.045455,0.045455,True,,,,,,
"Haiku, spec",haiku,full,20260919T114638Z-85ee197-ce2c7daa,q14,cell,0,matched_field_ha,19987.8984375,36108.6,0.44645,0.44645,False,19987.9,0.44645,,,,
"Haiku, spec",haiku,full,20260919T114638Z-85ee197-ce2c7daa,q15,cell,0,n_parcels,95,117,0.188034,0.188034,False,,,,,,
"Haiku, spec",haiku,full,20260919T114638Z-85ee197-ce2c7daa,q15,cell,0,n_fields,689,793,0.131148,0.131148,False,,,,,,
"Haiku, spec",haiku,full,20260919T114638Z-85ee197-ce2c7daa,q15,cell,0,matched_field_ha,20653.9765625,36108.6,0.428003,0.428004,False,20654.0,0.428003,,,,
"Haiku, spec",haiku,full,20260919T114638Z-85ee197-ce2c7daa,q15,cell,0,post2020_loss_ha,146.53190308605335,114.9,0.275022,0.275299,False,146.5,0.275022,,,,
"Haiku, spec",haiku,full,20260919T114638Z-85ee197-ce2c7daa,q16,shape,,,,,,,,,,11,5,4,5
"Haiku, spec",haiku,full,20260919T114638Z-85ee197-ce2c7daa,q25,shape,,,,,,,,,,4,3,2,3
"Haiku, spec",haiku,full,20260919T114638Z-85ee197-ce2c7daa,q27,cell,0,entity_id,Jussara,5212204,,,False,,,,,,
"Haiku, spec",haiku,full,20260919T114638Z-85ee197-ce2c7daa,q27,cell,0,evidence,106.0,105.0,0.009524,0.009524,True,106.0,0.009524,,,,
"Haiku, spec",haiku,full,20260919T114638Z-85ee197-ce2c7daa,q27,cell,1,entity_id,Jussara,5212204,,,False,,,,,,
"Haiku, spec",haiku,full,20260919T114638Z-85ee197-ce2c7daa,q27,cell,1,evidence,106.0,105.0,0.009524,0.009524,True,106.0,0.009524,,,,
"Haiku, spec",haiku,full,20260919T114638Z-85ee197-ce2c7daa,q27,cell,2,entity_id,Jussara,5212204,,,False,,,,,,
"Haiku, spec",haiku,full,20260919T114638Z-85ee197-ce2c7daa,q27,cell,2,evidence,106.0,105.0,0.009524,0.009524,True,106.0,0.009524,,,,
"Haiku, spec",haiku,full,20260919T114638Z-85ee197-ce2c7daa,q27,cell,3,entity_id,Jussara,5212204,,,False,,,,,,
"Haiku, spec",haiku,full,20260919T114638Z-85ee197-ce2c7daa,q27,cell,3,evidence,106.0,105.0,0.009524,0.009524,True,106.0,0.009524,,,,
"Haiku, spec",haiku,full,20260919T114638Z-85ee197-ce2c7daa,q27,cell,4,entity_id,Jussara,5212204,,,False,,,,,,
"Haiku, spec",haiku,full,20260919T114638Z-85ee197-ce2c7daa,q27,cell,4,evidence,106.0,105.0,0.009524,0.009524,True,106.0,0.009524,,,,
"Haiku, spec",haiku,full,20260919T114638Z-85ee197-ce2c7daa,q27,cell,5,entity_id,Jussara,5212204,,,False,,,,,,
"Haiku, spec",haiku,full,20260919T114638Z-85ee197-ce2c7daa,q27,cell,5,evidence,106.0,105.0,0.009524,0.009524,True,106.0,0.009524,,,,
"Haiku, spec",haiku,full,20260919T114638Z-85ee197-ce2c7daa,q27,cell,6,entity_id,Jussara,5212204,,,False,,,,,,
"Haiku, spec",haiku,full,20260919T114638Z-85ee197-ce2c7daa,q27,cell,6,evidence,106.0,105.0,0.009524,0.009524,True,106.0,0.009524,,,,
"Haiku, spec",haiku,full,20260919T114638Z-85ee197-ce2c7daa,q27,cell,7,entity_id,Jussara,5212204,,,False,,,,,,
"Haiku, spec",haiku,full,20260919T114638Z-85ee197-ce2c7daa,q27,cell,7,evidence,106.0,105.0,0.009524,0.009524,True,106.0,0.009524,,,,
"Haiku, spec",haiku,full,20260919T114638Z-85ee197-ce2c7daa,q27,cell,8,entity_id,Jussara,5212204,,,False,,,,,,
"Haiku, spec",haiku,full,20260919T114638Z-85ee197-ce2c7daa,q27,cell,8,evidence,106.0,105.0,0.009524,0.009524,True,106.0,0.009524,,,,
"Haiku, spec",haiku,full,20260919T114638Z-85ee197-ce2c7daa,q27,cell,9,entity_id,Jussara,5212204,,,False,,,,,,
"Haiku, spec",haiku,full,20260919T114638Z-85ee197-ce2c7daa,q27,cell,9,evidence,106.0,105.0,0.009524,0.009524,True,106.0,0.009524,,,,
"Haiku, spec",haiku,full,20260919T114638Z-85ee197-ce2c7daa,q27,cell,10,entity_id,Jussara,5212204,,,False,,,,,,
"Haiku, spec",haiku,full,20260919T114638Z-85ee197-ce2c7daa,q27,cell,10,evidence,106.0,105.0,0.009524,0.009524,True,106.0,0.009524,,,,
"Haiku, spec",haiku,full,20260919T114638Z-85ee197-ce2c7daa,q27,cell,11,entity_id,Jussara,5212204,,,False,,,,,,
"Haiku, spec",haiku,full,20260919T114638Z-85ee197-ce2c7daa,q27,cell,11,evidence,106.0,105.0,0.009524,0.009524,True,106.0,0.009524,,,,
"Haiku, spec",haiku,full,20260919T114638Z-85ee197-ce2c7daa,q27,cell,12,entity_id,Jussara,5212204,,,False,,,,,,
"Haiku, spec",haiku,full,20260919T114638Z-85ee197-ce2c7daa,q27,cell,12,evidence,106.0,105.0,0.009524,0.009524,True,106.0,0.009524,,,,
"Haiku, spec",haiku,full,20260919T114638Z-85ee197-ce2c7daa,q27,cell,13,entity_id,Jussara,5212204,,,False,,,,,,
"Haiku, spec",haiku,full,20260919T114638Z-85ee197-ce2c7daa,q27,cell,13,evidence,106.0,105.0,0.009524,0.009524,True,106.0,0.009524,,,,
"Haiku, spec",haiku,full,20260919T114638Z-85ee197-ce2c7daa,q27,cell,14,entity_id,Jussara,5212204,,,False,,,,,,
"Haiku, spec",haiku,full,20260919T114638Z-85ee197-ce2c7daa,q27,cell,14,evidence,106.0,105.0,0.009524,0.009524,True,106.0,0.009524,,,,
"Haiku, spec",haiku,full,20260919T114638Z-85ee197-ce2c7daa,q27,cell,15,entity_id,Jussara,5212204,,,False,,,,,,
"Haiku, spec",haiku,full,20260919T114638Z-85ee197-ce2c7daa,q27,cell,15,evidence,106.0,105.0,0.009524,0.009524,True,106.0,0.009524,,,,
"Haiku, spec",haiku,full,20260919T114638Z-85ee197-ce2c7daa,q27,cell,16,entity_id,Santa Fe de Goias,5219258,,,False,,,,,,
"Haiku, spec",haiku,full,20260919T114638Z-85ee197-ce2c7daa,q27,cell,16,evidence,7.0,20.0,0.65,0.65,False,7.0,0.65,,,,
"Haiku, spec",haiku,full,20260919T114638Z-85ee197-ce2c7daa,q27,cell,17,entity_id,Santa Fe de Goias,5219258,,,False,,,,,,
"Haiku, spec",haiku,full,20260919T114638Z-85ee197-ce2c7daa,q27,cell,17,evidence,7.0,20.0,0.65,0.65,False,7.0,0.65,,,,
"Haiku, spec",haiku,full,20260919T114638Z-85ee197-ce2c7daa,q28,shape,,,,,,,,,,20,7,18,7
"Haiku, spec",haiku,full,20260919T114638Z-85ee197-ce2c7daa,q29,cell,0,n_nearest_by_far,17,2,7.5,7.5,True,,,,,,
"Haiku, spec",haiku,full,20260919T114638Z-85ee197-ce2c7daa,q31,cell,0,resolved_clean,115,114,0.008772,0.008772,True,,,,,,
"Haiku, spec",haiku,full,20260919T114638Z-85ee197-ce2c7daa,q31,cell,0,centroid_resolved,4,1,3.0,3.0,True,,,,,,
"Haiku, spec",haiku,full,20260919T114638Z-85ee197-ce2c7daa,q31,cell,0,geometry_resolved,0,1,1.0,1.0,True,,,,,,
"Haiku, spec",haiku,full,20260919T114638Z-85ee197-ce2c7daa,q31,cell,0,axis_repaired,0,1,1.0,1.0,True,,,,,,
"Haiku, spec",haiku,full,20260919T114638Z-85ee197-ce2c7daa,q31,cell,0,duplicates_removed,0,1,1.0,1.0,True,,,,,,
"Haiku, spec",haiku,full,20260919T114638Z-85ee197-ce2c7daa,q31,cell,0,unresolvable,0,1,1.0,1.0,True,,,,,,
"Haiku, spec",haiku,full,20260919T121612Z-85ee197-d0e2ff71,q01,cell,0,n_collections,1,3,0.666667,0.666667,True,,,,,,
"Haiku, spec",haiku,full,20260919T121612Z-85ee197-d0e2ff71,q01,cell,0,recommended_id,trazo3-brazil-goias-2024,trazo3-fields,,,False,,,,,,
"Haiku, spec",haiku,full,20260919T121612Z-85ee197-d0e2ff71,q02,cell,0,n,0,3103,1.0,1.0,False,,,,,,
"Haiku, spec",haiku,full,20260919T121612Z-85ee197-d0e2ff71,q02,cell,1,n,0,18796,1.0,1.0,False,,,,,,
"Haiku, spec",haiku,full,20260919T121612Z-85ee197-d0e2ff71,q02,cell,2,n,0,5257,1.0,1.0,False,,,,,,
"Haiku, spec",haiku,full,20260919T121612Z-85ee197-d0e2ff71,q02,cell,3,n,0,417,1.0,1.0,False,,,,,,
"Haiku, spec",haiku,full,20260919T121612Z-85ee197-d0e2ff71,q02,cell,4,n,0,13096,1.0,1.0,False,,,,,,
"Haiku, spec",haiku,full,20260919T121612Z-85ee197-d0e2ff71,q03,cell,0,n_rows,8453554,8453552,0.0,0.0,True,,,,,,
"Haiku, spec",haiku,full,20260919T121612Z-85ee197-d0e2ff71,q03,cell,0,n_distinct_ids,8437940,8437938,0.0,0.0,True,,,,,,
"Haiku, spec",haiku,full,20260919T121612Z-85ee197-d0e2ff71,q04,cell,0,n_rows,0,772404,1.0,1.0,False,,,,,,
"Haiku, spec",haiku,full,20260919T121612Z-85ee197-d0e2ff71,q05,cell,0,list_ids,114,117,0.025641,0.025641,True,,,,,,
"Haiku, spec",haiku,full,20260919T121612Z-85ee197-d0e2ff71,q05,cell,0,found_in_car,114,117,0.025641,0.025641,True,,,,,,
"Haiku, spec",haiku,full,20260919T121612Z-85ee197-d0e2ff71,q06,cell,0,n_parcels,106,109,0.027523,0.027523,True,,,,,,
"Haiku, spec",haiku,full,20260919T121612Z-85ee197-d0e2ff71,q08,cell,0,n_fields_in_envelope,0,3291,1.0,1.0,False,,,,,,
"Haiku, spec",haiku,full,20260919T121612Z-85ee197-d0e2ff71,q09,cell,0,matched_fields,0,793,1.0,1.0,False,,,,,,
"Haiku, spec",haiku,full,20260919T121612Z-85ee197-d0e2ff71,q10,cell,0,by_single_parcel_rule,0,766,1.0,1.0,False,,,,,,
"Haiku, spec",haiku,full,20260919T121612Z-85ee197-d0e2ff71,q10,cell,0,by_aggregate_rule_only,0,27,1.0,1.0,False,,,,,,
"Haiku, spec",haiku,full,20260919T121612Z-85ee197-d0e2ff71,q11,cell,0,min_single_frac,0,0.31,1.0,1.0,False,0.0,1.0,,,,
"Haiku, spec",haiku,full,20260919T121612Z-85ee197-d0e2ff71,q11,cell,0,avg_single_frac,0,0.973,1.0,1.0,False,0.0,1.0,,,,
"Haiku, spec",haiku,full,20260919T121612Z-85ee197-d0e2ff71,q11,cell,0,avg_union_frac,0,0.996,1.0,1.0,False,0.0,1.0,,,,
"Haiku, spec",haiku,full,20260919T121612Z-85ee197-d0e2ff71,q12,cell,0,n_excluded,0,79,1.0,1.0,False,,,,,,
"Haiku, spec",haiku,full,20260919T121612Z-85ee197-d0e2ff71,q14,cell,0,matched_field_ha,0,36108.6,1.0,1.0,False,0.0,1.0,,,,
"Haiku, spec",haiku,full,20260919T121612Z-85ee197-d0e2ff71,q15,cell,0,n_parcels,0,117,1.0,1.0,False,,,,,,
"Haiku, spec",haiku,full,20260919T121612Z-85ee197-d0e2ff71,q15,cell,0,n_fields,0,793,1.0,1.0,False,,,,,,
"Haiku, spec",haiku,full,20260919T121612Z-85ee197-d0e2ff71,q15,cell,0,matched_field_ha,0,36108.6,1.0,1.0,False,0.0,1.0,,,,
"Haiku, spec",haiku,full,20260919T121612Z-85ee197-d0e2ff71,q15,cell,0,post2020_loss_ha,0,114.9,1.0,1.0,False,0.0,1.0,,,,
"Haiku, spec",haiku,full,20260919T121612Z-85ee197-d0e2ff71,q15,cell,0,fields_with_post2020_loss,0,41,1.0,1.0,False,,,,,,
"Haiku, spec",haiku,full,20260919T121612Z-85ee197-d0e2ff71,q21,cell,0,cleared_ha,0,761.4,1.0,1.0,False,0.0,1.0,,,,
"Haiku, spec",haiku,full,20260919T121612Z-85ee197-d0e2ff71,q21,cell,0,pct_of_loss,0,42.0,1.0,1.0,False,0.0,1.0,,,,
"Haiku, spec",haiku,full,20260919T121612Z-85ee197-d0e2ff71,q21,cell,1,cleared_ha,0,418.5,1.0,1.0,False,0.0,1.0,,,,
"Haiku, spec",haiku,full,20260919T121612Z-85ee197-d0e2ff71,q21,cell,1,pct_of_loss,0,23.1,1.0,1.0,False,0.0,1.0,,,,
"Haiku, spec",haiku,full,20260919T121612Z-85ee197-d0e2ff71,q21,cell,2,cleared_ha,0,326.0,1.0,1.0,False,0.0,1.0,,,,
"Haiku, spec",haiku,full,20260919T121612Z-85ee197-d0e2ff71,q21,cell,2,pct_of_loss,0,18.0,1.0,1.0,False,0.0,1.0,,,,
"Haiku, spec",haiku,full,20260919T121612Z-85ee197-d0e2ff71,q21,cell,3,cleared_ha,0,190.0,1.0,1.0,False,0.0,1.0,,,,
"Haiku, spec",haiku,full,20260919T121612Z-85ee197-d0e2ff71,q21,cell,3,pct_of_loss,0,10.5,1.0,1.0,False,0.0,1.0,,,,
"Haiku, spec",haiku,full,20260919T121612Z-85ee197-d0e2ff71,q21,cell,4,cleared_ha,0,114.9,1.0,1.0,False,0.0,1.0,,,,
"Haiku, spec",haiku,full,20260919T121612Z-85ee197-d0e2ff71,q21,cell,4,pct_of_loss,0,6.3,1.0,1.0,False,0.0,1.0,,,,
"Haiku, spec",haiku,full,20260919T121612Z-85ee197-d0e2ff71,q29,cell,0,n_nearest_by_far,0,2,1.0,1.0,True,,,,,,
"Haiku, spec",haiku,full,20260919T121612Z-85ee197-d0e2ff71,q31,cell,0,centroid_resolved,0,1,1.0,1.0,True,,,,,,
"Haiku, spec",haiku,full,20260919T121612Z-85ee197-d0e2ff71,q31,cell,0,geometry_resolved,4,1,3.0,3.0,True,,,,,,
"Haiku, spec",haiku,full,20260919T121612Z-85ee197-d0e2ff71,q31,cell,0,axis_repaired,0,1,1.0,1.0,True,,,,,,
"Haiku, spec",haiku,full,20260919T121612Z-85ee197-d0e2ff71,q31,cell,0,unresolvable,0,1,1.0,1.0,True,,,,,,
"Haiku, spec",haiku,full,20260919T121918Z-85ee197-a6c7af2d,q01,cell,0,n_collections,6,3,1.0,1.0,True,,,,,,
"Haiku, spec",haiku,full,20260919T121918Z-85ee197-a6c7af2d,q01,cell,0,recommended_id,trazo3_brazil_goias_2024,trazo3-fields,,,False,,,,,,
"Haiku, spec",haiku,full,20260919T121918Z-85ee197-a6c7af2d,q02,cell,0,n,0,3103,1.0,1.0,False,,,,,,
"Haiku, spec",haiku,full,20260919T121918Z-85ee197-a6c7af2d,q02,cell,1,n,0,18796,1.0,1.0,False,,,,,,
"Haiku, spec",haiku,full,20260919T121918Z-85ee197-a6c7af2d,q02,cell,2,n,0,5257,1.0,1.0,False,,,,,,
"Haiku, spec",haiku,full,20260919T121918Z-85ee197-a6c7af2d,q02,cell,3,n,0,417,1.0,1.0,False,,,,,,
"Haiku, spec",haiku,full,20260919T121918Z-85ee197-a6c7af2d,q02,cell,4,n,0,13096,1.0,1.0,False,,,,,,
"Haiku, spec",haiku,full,20260919T121918Z-85ee197-a6c7af2d,q03,cell,0,n_rows,8453554,8453552,0.0,0.0,True,,,,,,
"Haiku, spec",haiku,full,20260919T121918Z-85ee197-a6c7af2d,q03,cell,0,n_distinct_ids,8437940,8437938,0.0,0.0,True,,,,,,
"Haiku, spec",haiku,full,20260919T121918Z-85ee197-a6c7af2d,q04,cell,0,n_rows,0,772404,1.0,1.0,False,,,,,,
"Haiku, spec",haiku,full,20260919T121918Z-85ee197-a6c7af2d,q05,cell,0,list_ids,114,117,0.025641,0.025641,True,,,,,,
"Haiku, spec",haiku,full,20260919T121918Z-85ee197-a6c7af2d,q05,cell,0,found_in_car,114,117,0.025641,0.025641,True,,,,,,
"Haiku, spec",haiku,full,20260919T121918Z-85ee197-a6c7af2d,q06,cell,0,n_parcels,106,109,0.027523,0.027523,True,,,,,,
"Haiku, spec",haiku,full,20260919T121918Z-85ee197-a6c7af2d,q07,cell,0,n_duplicate_ids,1,0,,,True,,,,,,
"Haiku, spec",haiku,full,20260919T121918Z-85ee197-a6c7af2d,q08,cell,0,n_fields_in_envelope,0,3291,1.0,1.0,False,,,,,,
"Haiku, spec",haiku,full,20260919T121918Z-85ee197-a6c7af2d,q09,cell,0,matched_fields,0,793,1.0,1.0,False,,,,,,
"Haiku, spec",haiku,full,20260919T121918Z-85ee197-a6c7af2d,q10,cell,0,by_single_parcel_rule,0,766,1.0,1.0,False,,,,,,
"Haiku, spec",haiku,full,20260919T121918Z-85ee197-a6c7af2d,q10,cell,0,by_aggregate_rule_only,0,27,1.0,1.0,False,,,,,,
"Haiku, spec",haiku,full,20260919T121918Z-85ee197-a6c7af2d,q11,cell,0,min_single_frac,0.0,0.31,1.0,1.0,False,0.0,1.0,,,,
"Haiku, spec",haiku,full,20260919T121918Z-85ee197-a6c7af2d,q11,cell,0,avg_single_frac,0.0,0.973,1.0,1.0,False,0.0,1.0,,,,
"Haiku, spec",haiku,full,20260919T121918Z-85ee197-a6c7af2d,q11,cell,0,avg_union_frac,0.0,0.996,1.0,1.0,False,0.0,1.0,,,,
"Haiku, spec",haiku,full,20260919T121918Z-85ee197-a6c7af2d,q12,cell,0,n_excluded,0,79,1.0,1.0,False,,,,,,
"Haiku, spec",haiku,full,20260919T121918Z-85ee197-a6c7af2d,q14,cell,0,matched_field_ha,0.0,36108.6,1.0,1.0,False,0.0,1.0,,,,
"Haiku, spec",haiku,full,20260919T121918Z-85ee197-a6c7af2d,q15,cell,0,n_parcels,0,117,1.0,1.0,False,,,,,,
"Haiku, spec",haiku,full,20260919T121918Z-85ee197-a6c7af2d,q15,cell,0,n_fields,0,793,1.0,1.0,False,,,,,,
"Haiku, spec",haiku,full,20260919T121918Z-85ee197-a6c7af2d,q15,cell,0,matched_field_ha,0.0,36108.6,1.0,1.0,False,0.0,1.0,,,,
"Haiku, spec",haiku,full,20260919T121918Z-85ee197-a6c7af2d,q15,cell,0,post2020_loss_ha,0.0,114.9,1.0,1.0,False,0.0,1.0,,,,
"Haiku, spec",haiku,full,20260919T121918Z-85ee197-a6c7af2d,q15,cell,0,fields_with_post2020_loss,0,41,1.0,1.0,False,,,,,,
"Haiku, spec",haiku,full,20260919T121918Z-85ee197-a6c7af2d,q16,shape,,,,,,,,,,13,5,4,5
"Haiku, spec",haiku,full,20260919T121918Z-85ee197-a6c7af2d,q21,cell,0,cleared_ha,0.0,761.4,1.0,1.0,False,0.0,1.0,,,,
"Haiku, spec",haiku,full,20260919T121918Z-85ee197-a6c7af2d,q21,cell,0,pct_of_loss,0.0,42.0,1.0,1.0,False,0.0,1.0,,,,
"Haiku, spec",haiku,full,20260919T121918Z-85ee197-a6c7af2d,q21,cell,1,cleared_ha,0.0,418.5,1.0,1.0,False,0.0,1.0,,,,
"Haiku, spec",haiku,full,20260919T121918Z-85ee197-a6c7af2d,q21,cell,1,pct_of_loss,0.0,23.1,1.0,1.0,False,0.0,1.0,,,,
"Haiku, spec",haiku,full,20260919T121918Z-85ee197-a6c7af2d,q21,cell,2,cleared_ha,0.0,326.0,1.0,1.0,False,0.0,1.0,,,,
"Haiku, spec",haiku,full,20260919T121918Z-85ee197-a6c7af2d,q21,cell,2,pct_of_loss,0.0,18.0,1.0,1.0,False,0.0,1.0,,,,
"Haiku, spec",haiku,full,20260919T121918Z-85ee197-a6c7af2d,q21,cell,3,cleared_ha,0.0,190.0,1.0,1.0,False,0.0,1.0,,,,
"Haiku, spec",haiku,full,20260919T121918Z-85ee197-a6c7af2d,q21,cell,3,pct_of_loss,0.0,10.5,1.0,1.0,False,0.0,1.0,,,,
"Haiku, spec",haiku,full,20260919T121918Z-85ee197-a6c7af2d,q21,cell,4,cleared_ha,0.0,114.9,1.0,1.0,False,0.0,1.0,,,,
"Haiku, spec",haiku,full,20260919T121918Z-85ee197-a6c7af2d,q21,cell,4,pct_of_loss,0.0,6.3,1.0,1.0,False,0.0,1.0,,,,
"Haiku, spec",haiku,full,20260919T121918Z-85ee197-a6c7af2d,q29,cell,0,n_nearest_by_far,0,2,1.0,1.0,True,,,,,,
"Haiku, spec",haiku,full,20260919T121918Z-85ee197-a6c7af2d,q31,cell,0,centroid_resolved,2,1,1.0,1.0,True,,,,,,
"Haiku, spec",haiku,full,20260919T121918Z-85ee197-a6c7af2d,q31,cell,0,geometry_resolved,2,1,1.0,1.0,True,,,,,,
"Haiku, spec",haiku,full,20260919T121918Z-85ee197-a6c7af2d,q31,cell,0,axis_repaired,0,1,1.0,1.0,True,,,,,,
"Haiku, spec",haiku,full,20260919T121918Z-85ee197-a6c7af2d,q31,cell,0,unresolvable,0,1,1.0,1.0,True,,,,,,
"Haiku, spec",haiku,full,20260919T122803Z-85ee197-b0d69bc1,q01,cell,0,n_collections,1,3,0.666667,0.666667,True,,,,,,
"Haiku, spec",haiku,full,20260919T122803Z-85ee197-b0d69bc1,q01,cell,0,recommended_id,trazo3_brazil_goias_2024,trazo3-fields,,,False,,,,,,
"Haiku, spec",haiku,full,20260919T122803Z-85ee197-b0d69bc1,q05,cell,0,list_ids,114,117,0.025641,0.025641,True,,,,,,
"Haiku, spec",haiku,full,20260919T122803Z-85ee197-b0d69bc1,q05,cell,0,found_in_car,114,117,0.025641,0.025641,True,,,,,,
"Haiku, spec",haiku,full,20260919T122803Z-85ee197-b0d69bc1,q06,cell,0,n_parcels,106,109,0.027523,0.027523,True,,,,,,
"Haiku, spec",haiku,full,20260919T122803Z-85ee197-b0d69bc1,q07,cell,0,n_duplicate_ids,12912,0,,,False,,,,,,
"Haiku, spec",haiku,full,20260919T122803Z-85ee197-b0d69bc1,q07,cell,0,n_parcels_under_1ha,902688,0,,,False,,,,,,
"Haiku, spec",haiku,full,20260919T122803Z-85ee197-b0d69bc1,q08,cell,0,n_fields_in_envelope,2977,3291,0.095412,0.095412,True,,,,,,
"Haiku, spec",haiku,full,20260919T122803Z-85ee197-b0d69bc1,q09,cell,0,matched_fields,688,793,0.132409,0.132409,False,,,,,,
"Haiku, spec",haiku,full,20260919T122803Z-85ee197-b0d69bc1,q10,cell,0,by_single_parcel_rule,661,766,0.137076,0.137076,False,,,,,,
"Haiku, spec",haiku,full,20260919T122803Z-85ee197-b0d69bc1,q11,cell,0,min_single_frac,0.0,0.31,1.0,1.0,False,0.0,1.0,,,,
"Haiku, spec",haiku,full,20260919T122803Z-85ee197-b0d69bc1,q11,cell,0,avg_single_frac,0.7970827553878679,0.973,0.180799,0.180799,False,0.797,0.180884,,,,
"Haiku, spec",haiku,full,20260919T122803Z-85ee197-b0d69bc1,q11,cell,0,avg_union_frac,0.8243146464425827,0.996,0.172375,0.172375,False,0.824,0.172691,,,,
"Haiku, spec",haiku,full,20260919T122803Z-85ee197-b0d69bc1,q12,cell,0,n_excluded,68,79,0.139241,0.139241,True,,,,,,
"Haiku, spec",haiku,full,20260919T122803Z-85ee197-b0d69bc1,q13,cell,1,cod_imovel,GO-5212204-5EA91F9370294F8F8F9447882810DD0B,GO-5212204-15108D4D7C134B8D9E71E50A2ED2E605,,,False,,,,,,
"Haiku, spec",haiku,full,20260919T122803Z-85ee197-b0d69bc1,q13,cell,2,cod_imovel,GO-5212204-52E2FECF2A7042F2B0DC6B27138AADE6,GO-5212204-5EA91F9370294F8F8F9447882810DD0B,,,False,,,,,,
"Haiku, spec",haiku,full,20260919T122803Z-85ee197-b0d69bc1,q13,cell,2,n_fields,31,42,0.261905,0.261905,True,,,,,,
"Haiku, spec",haiku,full,20260919T122803Z-85ee197-b0d69bc1,q13,cell,3,cod_imovel,GO-5212204-2B296F3D835C44D7BF1AD385C1D519A9,GO-5212204-6A28AC5AF7BF4BEC8931E8E154D99AEE,,,False,,,,,,
"Haiku, spec",haiku,full,20260919T122803Z-85ee197-b0d69bc1,q13,cell,3,n_fields,28,34,0.176471,0.176471,True,,,,,,
"Haiku, spec",haiku,full,20260919T122803Z-85ee197-b0d69bc1,q13,cell,4,cod_imovel,GO-5219258-021D6EEAC0FE4976868FEBAAD4C9056C,GO-5212204-52E2FECF2A7042F2B0DC6B27138AADE6,,,False,,,,,,
"Haiku, spec",haiku,full,20260919T122803Z-85ee197-b0d69bc1,q13,cell,4,n_fields,28,31,0.096774,0.096774,True,,,,,,
"Haiku, spec",haiku,full,20260919T122803Z-85ee197-b0d69bc1,q13,cell,5,cod_imovel,GO-5212204-CE5E071E653F445E8EA2609440D42C75,GO-5212204-F17BEA20B17148C1ADB4BD53A04EC448,,,False,,,,,,
"Haiku, spec",haiku,full,20260919T122803Z-85ee197-b0d69bc1,q13,cell,5,n_fields,26,29,0.103448,0.103448,True,,,,,,
"Haiku, spec",haiku,full,20260919T122803Z-85ee197-b0d69bc1,q13,cell,6,cod_imovel,GO-5212204-156094615E67476AB099D9F46F6C0655,GO-5219258-021D6EEAC0FE4976868FEBAAD4C9056C,,,False,,,,,,
"Haiku, spec",haiku,full,20260919T122803Z-85ee197-b0d69bc1,q13,cell,6,n_fields,22,29,0.241379,0.241379,True,,,,,,
"Haiku, spec",haiku,full,20260919T122803Z-85ee197-b0d69bc1,q13,cell,7,cod_imovel,GO-5212204-BC0DD19983DE40DDA0F0E5BF93136C61,GO-5212204-2B296F3D835C44D7BF1AD385C1D519A9,,,False,,,,,,
"Haiku, spec",haiku,full,20260919T122803Z-85ee197-b0d69bc1,q13,cell,7,n_fields,22,28,0.214286,0.214286,True,,,,,,
"Haiku, spec",haiku,full,20260919T122803Z-85ee197-b0d69bc1,q13,cell,8,cod_imovel,GO-5212204-2CC9462D520645069EBCBC7EA3D33548,GO-5212204-CE5E071E653F445E8EA2609440D42C75,,,False,,,,,,
"Haiku, spec",haiku,full,20260919T122803Z-85ee197-b0d69bc1,q13,cell,8,n_fields,21,26,0.192308,0.192308,True,,,,,,
"Haiku, spec",haiku,full,20260919T122803Z-85ee197-b0d69bc1,q13,cell,9,cod_imovel,GO-5212204-C89768295EC14B488BC2A10A70813D1B,GO-5212204-156094615E67476AB099D9F46F6C0655,,,False,,,,,,
"Haiku, spec",haiku,full,20260919T122803Z-85ee197-b0d69bc1,q13,cell,9,n_fields,19,22,0.136364,0.136364,True,,,,,,
"Haiku, spec",haiku,full,20260919T122803Z-85ee197-b0d69bc1,q14,cell,0,matched_field_ha,28262.33873705308,36108.6,0.217296,0.217296,False,28262.3,0.217297,,,,
"Haiku, spec",haiku,full,20260919T122803Z-85ee197-b0d69bc1,q15,cell,0,n_parcels,114,117,0.025641,0.025641,True,,,,,,
"Haiku, spec",haiku,full,20260919T122803Z-85ee197-b0d69bc1,q15,cell,0,n_fields,688,793,0.132409,0.132409,False,,,,,,
"Haiku, spec",haiku,full,20260919T122803Z-85ee197-b0d69bc1,q15,cell,0,matched_field_ha,28262.338737053073,36108.6,0.217296,0.217296,False,28262.3,0.217297,,,,
"Haiku, spec",haiku,full,20260919T122803Z-85ee197-b0d69bc1,q16,shape,,,,,,,,,,13,5,4,5
"Haiku, spec",haiku,full,20260919T122803Z-85ee197-b0d69bc1,q17,cell,0,n_fields,38,753,0.949535,0.949535,False,,,,,,
"Haiku, spec",haiku,full,20260919T122803Z-85ee197-b0d69bc1,q17,cell,1,n_fields,2,28,0.928571,0.928571,False,,,,,,
"Haiku, spec",haiku,full,20260919T122803Z-85ee197-b0d69bc1,q19,cell,0,total_ha,25950.89724742955,32745.7,0.207502,0.207502,False,25950.9,0.207502,,,,
"Haiku, spec",haiku,full,20260919T122803Z-85ee197-b0d69bc1,q19,cell,0,loss_share,0.002614828335861017,0.0969,0.973015,0.973015,False,0.0026,0.973168,,,,
"Haiku, spec",haiku,full,20260919T122803Z-85ee197-b0d69bc1,q19,cell,1,total_ha,2114.717433450198,2340.4,0.096429,0.096429,True,2114.7,0.096437,,,,
"Haiku, spec",haiku,full,20260919T122803Z-85ee197-b0d69bc1,q19,cell,1,loss_share,0.022198668830005663,0.227,0.902209,0.902209,False,0.022,0.903084,,,,
"Haiku, spec",haiku,full,20260919T122803Z-85ee197-b0d69bc1,q21,cell,0,cleared_ha,438.88689676696214,761.4,0.423562,0.423579,False,438.9,0.423562,,,,
"Haiku, spec",haiku,full,20260919T122803Z-85ee197-b0d69bc1,q21,cell,0,pct_of_loss,32.57233363164681,42.0,0.22381,0.224468,False,32.6,0.22381,,,,
"Haiku, spec",haiku,full,20260919T122803Z-85ee197-b0d69bc1,q21,cell,1,cleared_ha,293.39734184979153,418.5,0.298925,0.298931,False,293.4,0.298925,,,,
"Haiku, spec",haiku,full,20260919T122803Z-85ee197-b0d69bc1,q21,cell,1,pct_of_loss,21.77471274665116,23.1,0.056277,0.057372,False,21.8,0.056277,,,,
"Haiku, spec",haiku,full,20260919T122803Z-85ee197-b0d69bc1,q21,cell,2,cleared_ha,314.4757304768732,326.0,0.035276,0.035351,False,314.5,0.035276,,,,
"Haiku, spec",haiku,full,20260919T122803Z-85ee197-b0d69bc1,q21,cell,2,pct_of_loss,23.339061812062802,18.0,0.294444,0.296615,False,23.3,0.294444,,,,
"Haiku, spec",haiku,full,20260919T122803Z-85ee197-b0d69bc1,q21,cell,3,cleared_ha,185.86130750558013,190.0,0.021579,0.021783,False,185.9,0.021579,,,,
"Haiku, spec",haiku,full,20260919T122803Z-85ee197-b0d69bc1,q21,cell,3,pct_of_loss,13.793842016888341,10.5,0.313699,0.313699,False,13.8,0.314286,,,,
"Haiku, spec",haiku,full,20260919T122803Z-85ee197-b0d69bc1,q21,cell,4,pct_of_loss,8.520049792750886,6.3,0.349206,0.352389,False,8.5,0.349206,,,,
"Haiku, spec",haiku,full,20260919T122803Z-85ee197-b0d69bc1,q22,shape,,,,,,,,,,14,3,24,3
"Haiku, spec",haiku,full,20260919T122803Z-85ee197-b0d69bc1,q25,shape,,,,,,,,,,4,3,2,3
"Haiku, spec",haiku,full,20260919T122803Z-85ee197-b0d69bc1,q26,shape,,,,,,,,,,26,4,18,4
"Haiku, spec",haiku,full,20260919T122803Z-85ee197-b0d69bc1,q27,shape,,,,,,,,,,26,3,18,3
"Haiku, spec",haiku,full,20260919T122803Z-85ee197-b0d69bc1,q28,shape,,,,,,,,,,26,7,18,7
"Haiku, spec",haiku,full,20260919T122803Z-85ee197-b0d69bc1,q29,cell,0,n_nearest_by_far,0,2,1.0,1.0,True,,,,,,
"Haiku, spec",haiku,full,20260919T122803Z-85ee197-b0d69bc1,q30,shape,,,,,,,,,,26,8,18,8
"Haiku, spec",haiku,full,20260919T122803Z-85ee197-b0d69bc1,q31,cell,0,resolved_clean,115,114,0.008772,0.008772,True,,,,,,
"Haiku, spec",haiku,full,20260919T122803Z-85ee197-b0d69bc1,q31,cell,0,centroid_resolved,2,1,1.0,1.0,True,,,,,,
"Haiku, spec",haiku,full,20260919T122803Z-85ee197-b0d69bc1,q31,cell,0,geometry_resolved,2,1,1.0,1.0,True,,,,,,
"Haiku, spec",haiku,full,20260919T122803Z-85ee197-b0d69bc1,q31,cell,0,axis_repaired,0,1,1.0,1.0,True,,,,,,
"Haiku, spec",haiku,full,20260919T122803Z-85ee197-b0d69bc1,q31,cell,0,duplicates_removed,0,1,1.0,1.0,True,,,,,,
"Haiku, spec",haiku,full,20260919T122803Z-85ee197-b0d69bc1,q31,cell,0,unresolvable,0,1,1.0,1.0,True,,,,,,
"Opus, no spec",opus,questions-only,20260919T063431Z-2ec5e8c-82fa5842,q10,cell,0,by_single_parcel_rule,788,766,0.028721,0.028721,True,,,,,,
"Opus, no spec",opus,questions-only,20260919T063431Z-2ec5e8c-82fa5842,q10,cell,0,by_aggregate_rule_only,10,27,0.62963,0.62963,True,,,,,,
"Opus, no spec",opus,questions-only,20260919T063431Z-2ec5e8c-82fa5842,q12,cell,0,n_excluded,74,79,0.063291,0.063291,True,,,,,,
"Opus, no spec",opus,questions-only,20260919T063431Z-2ec5e8c-82fa5842,q13,cell,1,n_fields,43,42,0.02381,0.02381,True,,,,,,
"Opus, no spec",opus,questions-only,20260919T063431Z-2ec5e8c-82fa5842,q13,cell,6,cod_imovel,GO-5212204-2B296F3D835C44D7BF1AD385C1D519A9,GO-5219258-021D6EEAC0FE4976868FEBAAD4C9056C,,,False,,,,,,
"Opus, no spec",opus,questions-only,20260919T063431Z-2ec5e8c-82fa5842,q13,cell,6,n_fields,27,29,0.068966,0.068966,True,,,,,,
"Opus, no spec",opus,questions-only,20260919T063431Z-2ec5e8c-82fa5842,q13,cell,7,cod_imovel,GO-5212204-CE5E071E653F445E8EA2609440D42C75,GO-5212204-2B296F3D835C44D7BF1AD385C1D519A9,,,False,,,,,,
"Opus, no spec",opus,questions-only,20260919T063431Z-2ec5e8c-82fa5842,q13,cell,7,n_fields,26,28,0.071429,0.071429,True,,,,,,
"Opus, no spec",opus,questions-only,20260919T063431Z-2ec5e8c-82fa5842,q13,cell,8,cod_imovel,GO-5212204-156094615E67476AB099D9F46F6C0655,GO-5212204-CE5E071E653F445E8EA2609440D42C75,,,False,,,,,,
"Opus, no spec",opus,questions-only,20260919T063431Z-2ec5e8c-82fa5842,q13,cell,8,n_fields,22,26,0.153846,0.153846,True,,,,,,
"Opus, no spec",opus,questions-only,20260919T063431Z-2ec5e8c-82fa5842,q13,cell,9,cod_imovel,GO-5212204-BC0DD19983DE40DDA0F0E5BF93136C61,GO-5212204-156094615E67476AB099D9F46F6C0655,,,False,,,,,,
"Opus, no spec",opus,questions-only,20260919T063431Z-2ec5e8c-82fa5842,q14,cell,0,matched_field_ha,37116.446804,36108.6,0.02791,0.027912,True,37116.4,0.02791,,,,
"Opus, no spec",opus,questions-only,20260919T063431Z-2ec5e8c-82fa5842,q15,cell,0,matched_field_ha,37116.446804,36108.6,0.02791,0.027912,True,37116.4,0.02791,,,,
"Opus, no spec",opus,questions-only,20260919T063431Z-2ec5e8c-82fa5842,q15,cell,0,post2020_loss_ha,120.573018,114.9,0.049374,0.049374,True,120.6,0.049608,,,,
"Opus, no spec",opus,questions-only,20260919T063431Z-2ec5e8c-82fa5842,q16,cell,0,caveat,"pasture is a land-cover proxy for cattle, not direct production evidence",,,,False,,,,,,
"Opus, no spec",opus,questions-only,20260919T063431Z-2ec5e8c-82fa5842,q16,cell,1,annex1_commodity,,cattle,,,False,,,,,,
"Opus, no spec",opus,questions-only,20260919T063431Z-2ec5e8c-82fa5842,q16,cell,1,in_scope,false,True,,,False,,,,,,
"Opus, no spec",opus,questions-only,20260919T063431Z-2ec5e8c-82fa5842,q16,cell,1,caveat,heterogeneous mosaic of agriculture and pasture; no single Annex I commodity,assumed_pasture,,,False,,,,,,
"Opus, no spec",opus,questions-only,20260919T063431Z-2ec5e8c-82fa5842,q16,cell,2,annex1_commodity,soy,soya,,,False,,,,,,
"Opus, no spec",opus,questions-only,20260919T063431Z-2ec5e8c-82fa5842,q16,cell,3,caveat,heterogeneous temporary-crop class; may include non-Annex-I crops,,,,False,,,,,,
"Opus, no spec",opus,questions-only,20260919T063431Z-2ec5e8c-82fa5842,q17,cell,0,n_fields,704,753,0.065073,0.065073,True,,,,,,
"Opus, no spec",opus,questions-only,20260919T063431Z-2ec5e8c-82fa5842,q17,cell,0,post2020_loss_ha,43.451583,67.9,0.359352,0.360065,False,43.5,0.359352,,,,
"Opus, no spec",opus,questions-only,20260919T063431Z-2ec5e8c-82fa5842,q17,cell,1,annex1_commodity,soy,soya,,,False,,,,,,
"Opus, no spec",opus,questions-only,20260919T063431Z-2ec5e8c-82fa5842,q17,cell,1,n_fields,29,28,0.035714,0.035714,True,,,,,,
"Opus, no spec",opus,questions-only,20260919T063431Z-2ec5e8c-82fa5842,q17,cell,1,post2020_loss_ha,52.586552,46.9,0.121248,0.121248,False,52.6,0.121535,,,,
"Opus, no spec",opus,questions-only,20260919T063431Z-2ec5e8c-82fa5842,q18,shape,,,,,,,,,,2,3,1,3
"Opus, no spec",opus,questions-only,20260919T063431Z-2ec5e8c-82fa5842,q19,cell,0,total_ha,31623.026871,32745.7,0.034285,0.034285,True,31623.0,0.034285,,,,
"Opus, no spec",opus,questions-only,20260919T063431Z-2ec5e8c-82fa5842,q19,cell,0,loss_share,0.001374,0.0969,0.985552,0.98582,False,0.0014,0.985552,,,,
"Opus, no spec",opus,questions-only,20260919T063431Z-2ec5e8c-82fa5842,q19,cell,1,annex1_commodity,soy,soya,,,False,,,,,,
"Opus, no spec",opus,questions-only,20260919T063431Z-2ec5e8c-82fa5842,q19,cell,1,total_ha,2451.765149,2340.4,0.047584,0.047584,True,2451.8,0.047599,,,,
"Opus, no spec",opus,questions-only,20260919T063431Z-2ec5e8c-82fa5842,q19,cell,1,loss_share,0.021448,0.227,0.905515,0.905515,False,0.021,0.907489,,,,
"Opus, no spec",opus,questions-only,20260919T063431Z-2ec5e8c-82fa5842,q20,cell,0,post2020_loss_ha,52.586552,46.9,0.121248,0.121248,False,52.6,0.121535,,,,
"Opus, no spec",opus,questions-only,20260919T063431Z-2ec5e8c-82fa5842,q20,cell,0,n_fields_post2020_loss,3,2,0.5,0.5,True,,,,,,
"Opus, no spec",opus,questions-only,20260919T063431Z-2ec5e8c-82fa5842,q20,cell,1,post2020_loss_ha,27.019549,29.5,0.084083,0.084083,False,27.0,0.084746,,,,
"Opus, no spec",opus,questions-only,20260919T063431Z-2ec5e8c-82fa5842,q20,cell,1,n_fields_post2020_loss,11,12,0.083333,0.083333,True,,,,,,
"Opus, no spec",opus,questions-only,20260919T063431Z-2ec5e8c-82fa5842,q20,cell,2,post2020_loss_ha,2.570325,13.3,0.804511,0.806742,False,2.6,0.804511,,,,
"Opus, no spec",opus,questions-only,20260919T063431Z-2ec5e8c-82fa5842,q20,cell,2,n_fields_post2020_loss,4,5,0.2,0.2,True,,,,,,
"Opus, no spec",opus,questions-only,20260919T063431Z-2ec5e8c-82fa5842,q20,cell,3,cod_imovel,GO-5212204-3EC9EBA0E8B64C978796D37DE35E549F,GO-5212204-5A626DA1611C4A4885618BD646CF0010,,,False,,,,,,
"Opus, no spec",opus,questions-only,20260919T063431Z-2ec5e8c-82fa5842,q20,cell,3,post2020_loss_ha,3.003677,10.8,0.721882,0.721882,False,3.0,0.722222,,,,
"Opus, no spec",opus,questions-only,20260919T063431Z-2ec5e8c-82fa5842,q20,cell,5,cod_imovel,GO-5212204-8AE07816A270436D856E6EC821DE0A7B,GO-5212204-3EC9EBA0E8B64C978796D37DE35E549F,,,False,,,,,,
"Opus, no spec",opus,questions-only,20260919T063431Z-2ec5e8c-82fa5842,q20,cell,5,post2020_loss_ha,0.485883,3.0,0.833333,0.838039,False,0.5,0.833333,,,,
"Opus, no spec",opus,questions-only,20260919T063431Z-2ec5e8c-82fa5842,q20,cell,6,cod_imovel,GO-5212204-57B761BC972B4CF1ACB6FB3191344583,GO-5212204-BC0DD19983DE40DDA0F0E5BF93136C61,,,False,,,,,,
"Opus, no spec",opus,questions-only,20260919T063431Z-2ec5e8c-82fa5842,q20,cell,6,post2020_loss_ha,2.48184,2.9,0.137931,0.144193,False,2.5,0.137931,,,,
"Opus, no spec",opus,questions-only,20260919T063431Z-2ec5e8c-82fa5842,q20,cell,6,n_fields_post2020_loss,1,2,0.5,0.5,True,,,,,,
"Opus, no spec",opus,questions-only,20260919T063431Z-2ec5e8c-82fa5842,q21,cell,0,cleared_ha,774.957362,761.4,0.017806,0.017806,False,775.0,0.017862,,,,
"Opus, no spec",opus,questions-only,20260919T063431Z-2ec5e8c-82fa5842,q21,cell,0,pct_of_loss,42.210916,42.0,0.004762,0.005022,True,42.2,0.004762,,,,
"Opus, no spec",opus,questions-only,20260919T063431Z-2ec5e8c-82fa5842,q21,cell,1,cleared_ha,422.014846,418.5,0.008363,0.008399,True,422.0,0.008363,,,,
"Opus, no spec",opus,questions-only,20260919T063431Z-2ec5e8c-82fa5842,q21,cell,1,pct_of_loss,22.986598,23.1,0.004329,0.004909,True,23.0,0.004329,,,,
"Opus, no spec",opus,questions-only,20260919T063431Z-2ec5e8c-82fa5842,q21,cell,2,cleared_ha,326.360298,326.0,0.001105,0.001105,True,326.4,0.001227,,,,
"Opus, no spec",opus,questions-only,20260919T063431Z-2ec5e8c-82fa5842,q21,cell,2,pct_of_loss,17.776419,18.0,0.011111,0.012421,False,17.8,0.011111,,,,
"Opus, no spec",opus,questions-only,20260919T063431Z-2ec5e8c-82fa5842,q21,cell,3,cleared_ha,192.011426,190.0,0.010526,0.010586,False,192.0,0.010526,,,,
"Opus, no spec",opus,questions-only,20260919T063431Z-2ec5e8c-82fa5842,q21,cell,4,cleared_ha,120.573018,114.9,0.049374,0.049374,False,120.6,0.049608,,,,
"Opus, no spec",opus,questions-only,20260919T063431Z-2ec5e8c-82fa5842,q21,cell,4,pct_of_loss,6.567455,6.3,0.042453,0.042453,False,6.6,0.047619,,,,
"Opus, no spec",opus,questions-only,20260919T063431Z-2ec5e8c-82fa5842,q22,cell,1,n_fields,19,18,0.055556,0.055556,True,,,,,,
"Opus, no spec",opus,questions-only,20260919T063431Z-2ec5e8c-82fa5842,q22,cell,1,cleared_ha,293.517786,280.0,0.048214,0.048278,False,293.5,0.048214,,,,
"Opus, no spec",opus,questions-only,20260919T063431Z-2ec5e8c-82fa5842,q22,cell,10,n_fields,16,15,0.066667,0.066667,True,,,,,,
"Opus, no spec",opus,questions-only,20260919T063431Z-2ec5e8c-82fa5842,q22,cell,10,cleared_ha,122.550451,122.2,0.002868,0.002868,True,122.6,0.003273,,,,
"Opus, no spec",opus,questions-only,20260919T063431Z-2ec5e8c-82fa5842,q22,cell,19,n_fields,5,4,0.25,0.25,True,,,,,,
"Opus, no spec",opus,questions-only,20260919T063431Z-2ec5e8c-82fa5842,q22,cell,19,cleared_ha,27.419695,24.1,0.136929,0.137747,False,27.4,0.136929,,,,
"Opus, no spec",opus,questions-only,20260919T063431Z-2ec5e8c-82fa5842,q22,cell,22,n_fields,3,2,0.5,0.5,True,,,,,,
"Opus, no spec",opus,questions-only,20260919T063431Z-2ec5e8c-82fa5842,q22,cell,22,cleared_ha,11.706041,3.9,2.0,2.001549,False,11.7,2.0,,,,
"Opus, no spec",opus,questions-only,20260919T063431Z-2ec5e8c-82fa5842,q23,cell,0,annex1_commodity,soy,soya,,,False,,,,,,
"Opus, no spec",opus,questions-only,20260919T063431Z-2ec5e8c-82fa5842,q23,cell,2,field_id,4668028,4533274,0.029726,0.029726,True,,,,,,
"Opus, no spec",opus,questions-only,20260919T063431Z-2ec5e8c-82fa5842,q23,cell,2,cod_imovel,GO-5212204-2B296F3D835C44D7BF1AD385C1D519A9,GO-5212204-5A626DA1611C4A4885618BD646CF0010,,,False,,,,,,
"Opus, no spec",opus,questions-only,20260919T063431Z-2ec5e8c-82fa5842,q23,cell,2,field_area_ha,27.533754,14.6,0.883562,0.885874,False,27.5,0.883562,,,,
"Opus, no spec",opus,questions-only,20260919T063431Z-2ec5e8c-82fa5842,q23,cell,2,post2020_loss_ha,9.535686,10.8,0.117066,0.117066,False,9.5,0.12037,,,,
"Opus, no spec",opus,questions-only,20260919T063431Z-2ec5e8c-82fa5842,q23,cell,3,field_id,4894338,4903857,0.001941,0.001941,True,,,,,,
"Opus, no spec",opus,questions-only,20260919T063431Z-2ec5e8c-82fa5842,q23,cell,3,field_area_ha,272.960427,10.7,24.51032,24.51032,False,273.0,24.514019,,,,
"Opus, no spec",opus,questions-only,20260919T063431Z-2ec5e8c-82fa5842,q23,cell,3,post2020_loss_ha,1.523691,10.7,0.857599,0.857599,False,1.5,0.859813,,,,
"Opus, no spec",opus,questions-only,20260919T063431Z-2ec5e8c-82fa5842,q23,cell,4,field_id,4679025,4668028,0.002356,0.002356,True,,,,,,
"Opus, no spec",opus,questions-only,20260919T063431Z-2ec5e8c-82fa5842,q23,cell,4,field_area_ha,5.016003,27.6,0.818261,0.818261,False,5.0,0.818841,,,,
"Opus, no spec",opus,questions-only,20260919T063431Z-2ec5e8c-82fa5842,q23,cell,4,post2020_loss_ha,3.11874,9.5,0.671712,0.671712,False,3.1,0.673684,,,,
"Opus, no spec",opus,questions-only,20260919T063431Z-2ec5e8c-82fa5842,q23,cell,5,field_id,4659940,4679025,0.004079,0.004079,True,,,,,,
"Opus, no spec",opus,questions-only,20260919T063431Z-2ec5e8c-82fa5842,q23,cell,5,cod_imovel,GO-5219258-E7F86639E6404DC4AD9B8DBFAFFB112B,GO-5212204-2B296F3D835C44D7BF1AD385C1D519A9,,,False,,,,,,
"Opus, no spec",opus,questions-only,20260919T063431Z-2ec5e8c-82fa5842,q23,cell,5,field_area_ha,7.368015,5.0,0.473603,0.473603,False,7.4,0.48,,,,
"Opus, no spec",opus,questions-only,20260919T063431Z-2ec5e8c-82fa5842,q23,cell,6,field_id,4766627,4659940,0.022895,0.022895,True,,,,,,
"Opus, no spec",opus,questions-only,20260919T063431Z-2ec5e8c-82fa5842,q23,cell,6,cod_imovel,GO-5212204-3EC9EBA0E8B64C978796D37DE35E549F,GO-5219258-E7F86639E6404DC4AD9B8DBFAFFB112B,,,False,,,,,,
"Opus, no spec",opus,questions-only,20260919T063431Z-2ec5e8c-82fa5842,q23,cell,6,field_area_ha,125.075476,7.4,15.902091,15.902091,False,125.1,15.905405,,,,
"Opus, no spec",opus,questions-only,20260919T063431Z-2ec5e8c-82fa5842,q23,cell,6,post2020_loss_ha,2.716818,3.1,0.123607,0.123607,False,2.7,0.129032,,,,
"Opus, no spec",opus,questions-only,20260919T063431Z-2ec5e8c-82fa5842,q23,cell,7,field_id,4685105,4745030,0.012629,0.012629,True,,,,,,
"Opus, no spec",opus,questions-only,20260919T063431Z-2ec5e8c-82fa5842,q23,cell,7,cod_imovel,GO-5212204-57B761BC972B4CF1ACB6FB3191344583,GO-5212204-BC0DD19983DE40DDA0F0E5BF93136C61,,,False,,,,,,
"Opus, no spec",opus,questions-only,20260919T063431Z-2ec5e8c-82fa5842,q23,cell,7,field_area_ha,6.580242,7.8,0.153846,0.156379,False,6.6,0.153846,,,,
"Opus, no spec",opus,questions-only,20260919T063431Z-2ec5e8c-82fa5842,q23,cell,7,post2020_loss_ha,2.48184,2.8,0.107143,0.113629,False,2.5,0.107143,,,,
"Opus, no spec",opus,questions-only,20260919T063431Z-2ec5e8c-82fa5842,q23,cell,8,field_id,4681776,4766627,0.017801,0.017801,True,,,,,,
"Opus, no spec",opus,questions-only,20260919T063431Z-2ec5e8c-82fa5842,q23,cell,8,cod_imovel,GO-5212204-B09F3674DFFF46D7AB8D2101F77AFC10,GO-5212204-3EC9EBA0E8B64C978796D37DE35E549F,,,False,,,,,,
"Opus, no spec",opus,questions-only,20260919T063431Z-2ec5e8c-82fa5842,q23,cell,8,field_area_ha,28.501809,125.2,0.77235,0.77235,False,28.5,0.772364,,,,
"Opus, no spec",opus,questions-only,20260919T063431Z-2ec5e8c-82fa5842,q23,cell,8,post2020_loss_ha,1.199212,2.7,0.555556,0.555847,False,1.2,0.555556,,,,
"Opus, no spec",opus,questions-only,20260919T063431Z-2ec5e8c-82fa5842,q23,cell,9,field_id,4984281,4685105,0.063857,0.063857,True,,,,,,
"Opus, no spec",opus,questions-only,20260919T063431Z-2ec5e8c-82fa5842,q23,cell,9,cod_imovel,GO-5212204-8F9A53F42FEE4187BBBC3E66F68CEEBE,GO-5212204-2B296F3D835C44D7BF1AD385C1D519A9,,,False,,,,,,
"Opus, no spec",opus,questions-only,20260919T063431Z-2ec5e8c-82fa5842,q23,cell,9,annex1_commodity,soy,cattle,,,False,,,,,,
"Opus, no spec",opus,questions-only,20260919T063431Z-2ec5e8c-82fa5842,q23,cell,9,field_area_ha,113.140283,6.6,16.136364,16.142467,False,113.1,16.136364,,,,
"Opus, no spec",opus,questions-only,20260919T063431Z-2ec5e8c-82fa5842,q23,cell,9,post2020_loss_ha,5.64264,2.5,1.24,1.257056,False,5.6,1.24,,,,
"Opus, no spec",opus,questions-only,20260919T063431Z-2ec5e8c-82fa5842,q24,cell,9,cod_imovel,GO-5212204-57B761BC972B4CF1ACB6FB3191344583,GO-5212204-67B7F23029D24ACFAC7656714A14C2DB,,,False,,,,,,
"Opus, no spec",opus,questions-only,20260919T063431Z-2ec5e8c-82fa5842,q24,cell,9,dominant_mb,15,21,0.285714,0.285714,True,,,,,,
"Opus, no spec",opus,questions-only,20260919T063431Z-2ec5e8c-82fa5842,q24,cell,12,annex1_commodity,soy,soya,,,False,,,,,,
"Opus, no spec",opus,questions-only,20260919T063431Z-2ec5e8c-82fa5842,q24,cell,14,cod_imovel,GO-5212204-BCCDDA00F01E4C72BA80402253DCB38A,GO-5212204-BC0DD19983DE40DDA0F0E5BF93136C61,,,False,,,,,,
"Opus, no spec",opus,questions-only,20260919T063431Z-2ec5e8c-82fa5842,q24,cell,15,cod_imovel,GO-5219258-D8B970A69F30415F9FDEE84663A2210B,GO-5212204-BCCDDA00F01E4C72BA80402253DCB38A,,,False,,,,,,
"Opus, no spec",opus,questions-only,20260919T063431Z-2ec5e8c-82fa5842,q24,cell,16,cod_imovel,GO-5219258-E7F86639E6404DC4AD9B8DBFAFFB112B,GO-5219258-D8B970A69F30415F9FDEE84663A2210B,,,False,,,,,,
"Opus, no spec",opus,questions-only,20260919T063431Z-2ec5e8c-82fa5842,q24,cell,17,cod_imovel,GO-5212204-67B7F23029D24ACFAC7656714A14C2DB,GO-5219258-E7F86639E6404DC4AD9B8DBFAFFB112B,,,False,,,,,,
"Opus, no spec",opus,questions-only,20260919T063431Z-2ec5e8c-82fa5842,q24,cell,17,dominant_mb,21,15,0.4,0.4,True,,,,,,
"Opus, no spec",opus,questions-only,20260919T063431Z-2ec5e8c-82fa5842,q24,cell,17,annex1_commodity,,cattle,,,False,,,,,,
"Opus, no spec",opus,questions-only,20260919T063431Z-2ec5e8c-82fa5842,q24,cell,17,routed_tier,no_tier,slaughter_point,,,False,,,,,,
"Opus, no spec",opus,questions-only,20260919T063431Z-2ec5e8c-82fa5842,q25,cell,1,annex1_commodity,soy,soya,,,False,,,,,,
"Opus, no spec",opus,questions-only,20260919T063431Z-2ec5e8c-82fa5842,q26,shape,,,,,,,,,,17,4,18,4
"Opus, no spec",opus,questions-only,20260919T063431Z-2ec5e8c-82fa5842,q27,cell,14,cod_imovel,GO-5212204-57B761BC972B4CF1ACB6FB3191344583,GO-5212204-BC0DD19983DE40DDA0F0E5BF93136C61,,,False,,,,,,
"Opus, no spec",opus,questions-only,20260919T063431Z-2ec5e8c-82fa5842,q28,cell,0,n_candidates,2,5,0.6,0.6,True,,,,,,
"Opus, no spec",opus,questions-only,20260919T063431Z-2ec5e8c-82fa5842,q28,cell,0,n_delivery,1,4,0.75,0.75,True,,,,,,
"Opus, no spec",opus,questions-only,20260919T063431Z-2ec5e8c-82fa5842,q28,cell,1,n_candidates,2,5,0.6,0.6,True,,,,,,
"Opus, no spec",opus,questions-only,20260919T063431Z-2ec5e8c-82fa5842,q28,cell,1,n_delivery,1,4,0.75,0.75,True,,,,,,
"Opus, no spec",opus,questions-only,20260919T063431Z-2ec5e8c-82fa5842,q28,cell,2,n_candidates,2,5,0.6,0.6,True,,,,,,
"Opus, no spec",opus,questions-only,20260919T063431Z-2ec5e8c-82fa5842,q28,cell,2,n_delivery,1,4,0.75,0.75,True,,,,,,
"Opus, no spec",opus,questions-only,20260919T063431Z-2ec5e8c-82fa5842,q28,cell,3,n_candidates,2,5,0.6,0.6,True,,,,,,
"Opus, no spec",opus,questions-only,20260919T063431Z-2ec5e8c-82fa5842,q28,cell,3,n_delivery,1,4,0.75,0.75,True,,,,,,
"Opus, no spec",opus,questions-only,20260919T063431Z-2ec5e8c-82fa5842,q28,cell,4,n_candidates,2,5,0.6,0.6,True,,,,,,
"Opus, no spec",opus,questions-only,20260919T063431Z-2ec5e8c-82fa5842,q28,cell,4,n_delivery,1,4,0.75,0.75,True,,,,,,
"Opus, no spec",opus,questions-only,20260919T063431Z-2ec5e8c-82fa5842,q28,cell,5,n_candidates,2,5,0.6,0.6,True,,,,,,
"Opus, no spec",opus,questions-only,20260919T063431Z-2ec5e8c-82fa5842,q28,cell,5,n_delivery,1,4,0.75,0.75,True,,,,,,
"Opus, no spec",opus,questions-only,20260919T063431Z-2ec5e8c-82fa5842,q28,cell,6,n_candidates,2,5,0.6,0.6,True,,,,,,
"Opus, no spec",opus,questions-only,20260919T063431Z-2ec5e8c-82fa5842,q28,cell,6,n_delivery,1,4,0.75,0.75,True,,,,,,
"Opus, no spec",opus,questions-only,20260919T063431Z-2ec5e8c-82fa5842,q28,cell,7,n_candidates,2,5,0.6,0.6,True,,,,,,
"Opus, no spec",opus,questions-only,20260919T063431Z-2ec5e8c-82fa5842,q28,cell,7,n_delivery,1,4,0.75,0.75,True,,,,,,
"Opus, no spec",opus,questions-only,20260919T063431Z-2ec5e8c-82fa5842,q28,cell,8,n_candidates,2,5,0.6,0.6,True,,,,,,
"Opus, no spec",opus,questions-only,20260919T063431Z-2ec5e8c-82fa5842,q28,cell,8,n_delivery,1,4,0.75,0.75,True,,,,,,
"Opus, no spec",opus,questions-only,20260919T063431Z-2ec5e8c-82fa5842,q28,cell,8,proximity_override,0,1,1.0,1.0,True,,,,,,
"Opus, no spec",opus,questions-only,20260919T063431Z-2ec5e8c-82fa5842,q28,cell,9,n_candidates,1,5,0.8,0.8,True,,,,,,
"Opus, no spec",opus,questions-only,20260919T063431Z-2ec5e8c-82fa5842,q28,cell,9,n_delivery,0,4,1.0,1.0,True,,,,,,
"Opus, no spec",opus,questions-only,20260919T063431Z-2ec5e8c-82fa5842,q28,cell,10,n_candidates,2,5,0.6,0.6,True,,,,,,
"Opus, no spec",opus,questions-only,20260919T063431Z-2ec5e8c-82fa5842,q28,cell,10,n_delivery,1,4,0.75,0.75,True,,,,,,
"Opus, no spec",opus,questions-only,20260919T063431Z-2ec5e8c-82fa5842,q28,cell,11,n_candidates,2,5,0.6,0.6,True,,,,,,
"Opus, no spec",opus,questions-only,20260919T063431Z-2ec5e8c-82fa5842,q28,cell,11,n_delivery,1,4,0.75,0.75,True,,,,,,
"Opus, no spec",opus,questions-only,20260919T063431Z-2ec5e8c-82fa5842,q28,cell,12,n_candidates,2,5,0.6,0.6,True,,,,,,
"Opus, no spec",opus,questions-only,20260919T063431Z-2ec5e8c-82fa5842,q28,cell,12,n_delivery,1,4,0.75,0.75,True,,,,,,
"Opus, no spec",opus,questions-only,20260919T063431Z-2ec5e8c-82fa5842,q28,cell,13,n_candidates,2,5,0.6,0.6,True,,,,,,
"Opus, no spec",opus,questions-only,20260919T063431Z-2ec5e8c-82fa5842,q28,cell,13,n_delivery,1,4,0.75,0.75,True,,,,,,
"Opus, no spec",opus,questions-only,20260919T063431Z-2ec5e8c-82fa5842,q28,cell,14,cod_imovel,GO-5212204-57B761BC972B4CF1ACB6FB3191344583,GO-5212204-BC0DD19983DE40DDA0F0E5BF93136C61,,,False,,,,,,
"Opus, no spec",opus,questions-only,20260919T063431Z-2ec5e8c-82fa5842,q28,cell,14,n_candidates,2,5,0.6,0.6,True,,,,,,
"Opus, no spec",opus,questions-only,20260919T063431Z-2ec5e8c-82fa5842,q28,cell,14,n_delivery,1,4,0.75,0.75,True,,,,,,
"Opus, no spec",opus,questions-only,20260919T063431Z-2ec5e8c-82fa5842,q28,cell,15,n_candidates,2,5,0.6,0.6,True,,,,,,
"Opus, no spec",opus,questions-only,20260919T063431Z-2ec5e8c-82fa5842,q28,cell,15,n_delivery,1,4,0.75,0.75,True,,,,,,
"Opus, no spec",opus,questions-only,20260919T063431Z-2ec5e8c-82fa5842,q28,cell,16,n_candidates,2,5,0.6,0.6,True,,,,,,
"Opus, no spec",opus,questions-only,20260919T063431Z-2ec5e8c-82fa5842,q28,cell,16,n_delivery,1,4,0.75,0.75,True,,,,,,
"Opus, no spec",opus,questions-only,20260919T063431Z-2ec5e8c-82fa5842,q28,cell,16,proximity_override,0,1,1.0,1.0,True,,,,,,
"Opus, no spec",opus,questions-only,20260919T063431Z-2ec5e8c-82fa5842,q28,cell,17,n_candidates,2,5,0.6,0.6,True,,,,,,
"Opus, no spec",opus,questions-only,20260919T063431Z-2ec5e8c-82fa5842,q28,cell,17,n_delivery,1,4,0.75,0.75,True,,,,,,
"Opus, no spec",opus,questions-only,20260919T063431Z-2ec5e8c-82fa5842,q29,cell,0,n_nearest_by_far,0,2,1.0,1.0,True,,,,,,
"Opus, no spec",opus,questions-only,20260919T063431Z-2ec5e8c-82fa5842,q30,cell,0,cod_imovel,GO-5212204-67B7F23029D24ACFAC7656714A14C2DB,GO-5212204-8F9A53F42FEE4187BBBC3E66F68CEEBE,,,False,,,,,,
"Opus, no spec",opus,questions-only,20260919T063431Z-2ec5e8c-82fa5842,q30,cell,0,annex1_commodity,,soya,,,False,,,,,,
"Opus, no spec",opus,questions-only,20260919T063431Z-2ec5e8c-82fa5842,q30,cell,0,post2020_loss_ha,2.570325,46.9,0.944563,0.945196,False,2.6,0.944563,,,,
"Opus, no spec",opus,questions-only,20260919T063431Z-2ec5e8c-82fa5842,q30,cell,1,post2020_loss_ha,27.019549,29.5,0.084083,0.084083,True,27.0,0.084746,,,,
"Opus, no spec",opus,questions-only,20260919T063431Z-2ec5e8c-82fa5842,q30,cell,1,entity_id,5484,5212204,0.998948,0.998948,False,,,,,,
"Opus, no spec",opus,questions-only,20260919T063431Z-2ec5e8c-82fa5842,q30,cell,1,entity_kind,buyer,cooperative,,,False,,,,,,
"Opus, no spec",opus,questions-only,20260919T063431Z-2ec5e8c-82fa5842,q30,cell,1,tier,slaughter_point,membership_muni,,,False,,,,,,
"Opus, no spec",opus,questions-only,20260919T063431Z-2ec5e8c-82fa5842,q30,cell,1,distance_km,13.873951,,,,False,,,,,,
"Opus, no spec",opus,questions-only,20260919T063431Z-2ec5e8c-82fa5842,q30,cell,2,cod_imovel,GO-5212204-156094615E67476AB099D9F46F6C0655,GO-5212204-67B7F23029D24ACFAC7656714A14C2DB,,,False,,,,,,
"Opus, no spec",opus,questions-only,20260919T063431Z-2ec5e8c-82fa5842,q30,cell,2,post2020_loss_ha,0.311627,13.3,0.976569,0.976569,False,0.3,0.977444,,,,
"Opus, no spec",opus,questions-only,20260919T063431Z-2ec5e8c-82fa5842,q30,cell,2,entity_id,4029,5212204,0.999227,0.999227,False,,,,,,
"Opus, no spec",opus,questions-only,20260919T063431Z-2ec5e8c-82fa5842,q30,cell,2,entity_kind,buyer,cooperative,,,False,,,,,,
"Opus, no spec",opus,questions-only,20260919T063431Z-2ec5e8c-82fa5842,q30,cell,2,tier,slaughter_point,membership_muni,,,False,,,,,,
"Opus, no spec",opus,questions-only,20260919T063431Z-2ec5e8c-82fa5842,q30,cell,2,distance_km,24.630211,,,,False,,,,,,
"Opus, no spec",opus,questions-only,20260919T063431Z-2ec5e8c-82fa5842,q30,cell,3,post2020_loss_ha,0.034627,10.8,0.996794,0.996794,False,0.0,1.0,,,,
"Opus, no spec",opus,questions-only,20260919T063431Z-2ec5e8c-82fa5842,q30,cell,3,entity_id,5484,5212204,0.998948,0.998948,False,,,,,,
"Opus, no spec",opus,questions-only,20260919T063431Z-2ec5e8c-82fa5842,q30,cell,3,entity_kind,buyer,cooperative,,,False,,,,,,
"Opus, no spec",opus,questions-only,20260919T063431Z-2ec5e8c-82fa5842,q30,cell,3,tier,slaughter_point,membership_muni,,,False,,,,,,
"Opus, no spec",opus,questions-only,20260919T063431Z-2ec5e8c-82fa5842,q30,cell,3,distance_km,12.132954,,,,False,,,,,,
"Opus, no spec",opus,questions-only,20260919T063431Z-2ec5e8c-82fa5842,q30,cell,4,entity_id,5484,5219258,0.998949,0.998949,False,,,,,,
"Opus, no spec",opus,questions-only,20260919T063431Z-2ec5e8c-82fa5842,q30,cell,4,entity_kind,buyer,cooperative,,,False,,,,,,
"Opus, no spec",opus,questions-only,20260919T063431Z-2ec5e8c-82fa5842,q30,cell,4,tier,slaughter_point,membership_muni,,,False,,,,,,
"Opus, no spec",opus,questions-only,20260919T063431Z-2ec5e8c-82fa5842,q30,cell,4,distance_km,12.573843,,,,False,,,,,,
"Opus, no spec",opus,questions-only,20260919T063431Z-2ec5e8c-82fa5842,q30,cell,5,entity_id,5484,5212204,0.998948,0.998948,False,,,,,,
"Opus, no spec",opus,questions-only,20260919T063431Z-2ec5e8c-82fa5842,q30,cell,5,entity_kind,buyer,cooperative,,,False,,,,,,
"Opus, no spec",opus,questions-only,20260919T063431Z-2ec5e8c-82fa5842,q30,cell,5,tier,slaughter_point,membership_muni,,,False,,,,,,
"Opus, no spec",opus,questions-only,20260919T063431Z-2ec5e8c-82fa5842,q30,cell,5,distance_km,19.010071,,,,False,,,,,,
"Opus, no spec",opus,questions-only,20260919T063431Z-2ec5e8c-82fa5842,q30,cell,6,cod_imovel,GO-5212204-294B806F6169468E98BB3456EC5158A4,GO-5212204-BC0DD19983DE40DDA0F0E5BF93136C61,,,False,,,,,,
"Opus, no spec",opus,questions-only,20260919T063431Z-2ec5e8c-82fa5842,q30,cell,6,post2020_loss_ha,0.049212,2.9,0.98303,0.98303,False,0.0,1.0,,,,
"Opus, no spec",opus,questions-only,20260919T063431Z-2ec5e8c-82fa5842,q30,cell,6,entity_id,SIE_10373806000189_1291/09_1,5212204,,,False,,,,,,
"Opus, no spec",opus,questions-only,20260919T063431Z-2ec5e8c-82fa5842,q30,cell,6,entity_kind,buyer,cooperative,,,False,,,,,,
"Opus, no spec",opus,questions-only,20260919T063431Z-2ec5e8c-82fa5842,q30,cell,6,tier,slaughter_point,membership_muni,,,False,,,,,,
"Opus, no spec",opus,questions-only,20260919T063431Z-2ec5e8c-82fa5842,q30,cell,6,distance_km,11.159547,,,,False,,,,,,
"Opus, no spec",opus,questions-only,20260919T063431Z-2ec5e8c-82fa5842,q30,cell,7,distance_km,6.059582,8.0,0.2375,0.242552,False,6.1,0.2375,,,,
"Opus, no spec",opus,questions-only,20260919T063431Z-2ec5e8c-82fa5842,q30,cell,8,entity_id,5484,5212204,0.998948,0.998948,False,,,,,,
"Opus, no spec",opus,questions-only,20260919T063431Z-2ec5e8c-82fa5842,q30,cell,8,entity_kind,buyer,cooperative,,,False,,,,,,
"Opus, no spec",opus,questions-only,20260919T063431Z-2ec5e8c-82fa5842,q30,cell,8,tier,slaughter_point,membership_muni,,,False,,,,,,
"Opus, no spec",opus,questions-only,20260919T063431Z-2ec5e8c-82fa5842,q30,cell,8,distance_km,19.057842,,,,False,,,,,,
"Opus, no spec",opus,questions-only,20260919T063431Z-2ec5e8c-82fa5842,q30,cell,9,entity_id,5484,5212204,0.998948,0.998948,False,,,,,,
"Opus, no spec",opus,questions-only,20260919T063431Z-2ec5e8c-82fa5842,q30,cell,9,entity_kind,buyer,cooperative,,,False,,,,,,
"Opus, no spec",opus,questions-only,20260919T063431Z-2ec5e8c-82fa5842,q30,cell,9,tier,slaughter_point,membership_muni,,,False,,,,,,
"Opus, no spec",opus,questions-only,20260919T063431Z-2ec5e8c-82fa5842,q30,cell,9,distance_km,21.209895,,,,False,,,,,,
"Opus, no spec",opus,questions-only,20260919T063431Z-2ec5e8c-82fa5842,q30,cell,10,entity_id,4029,5212204,0.999227,0.999227,False,,,,,,
"Opus, no spec",opus,questions-only,20260919T063431Z-2ec5e8c-82fa5842,q30,cell,10,entity_kind,buyer,cooperative,,,False,,,,,,
"Opus, no spec",opus,questions-only,20260919T063431Z-2ec5e8c-82fa5842,q30,cell,10,tier,slaughter_point,membership_muni,,,False,,,,,,
"Opus, no spec",opus,questions-only,20260919T063431Z-2ec5e8c-82fa5842,q30,cell,10,distance_km,26.320586,,,,False,,,,,,
"Opus, no spec",opus,questions-only,20260919T063431Z-2ec5e8c-82fa5842,q30,cell,11,entity_id,5484,5212204,0.998948,0.998948,False,,,,,,
"Opus, no spec",opus,questions-only,20260919T063431Z-2ec5e8c-82fa5842,q30,cell,11,entity_kind,buyer,cooperative,,,False,,,,,,
"Opus, no spec",opus,questions-only,20260919T063431Z-2ec5e8c-82fa5842,q30,cell,11,tier,slaughter_point,membership_muni,,,False,,,,,,
"Opus, no spec",opus,questions-only,20260919T063431Z-2ec5e8c-82fa5842,q30,cell,11,distance_km,20.373576,,,,False,,,,,,
"Opus, no spec",opus,questions-only,20260919T063431Z-2ec5e8c-82fa5842,q30,cell,12,cod_imovel,GO-5212204-50D789C6D210454F80F32B313D791784,GO-5212204-156094615E67476AB099D9F46F6C0655,,,False,,,,,,
"Opus, no spec",opus,questions-only,20260919T063431Z-2ec5e8c-82fa5842,q30,cell,12,entity_id,5484,5212204,0.998948,0.998948,False,,,,,,
"Opus, no spec",opus,questions-only,20260919T063431Z-2ec5e8c-82fa5842,q30,cell,12,entity_kind,buyer,cooperative,,,False,,,,,,
"Opus, no spec",opus,questions-only,20260919T063431Z-2ec5e8c-82fa5842,q30,cell,12,tier,slaughter_point,membership_muni,,,False,,,,,,
"Opus, no spec",opus,questions-only,20260919T063431Z-2ec5e8c-82fa5842,q30,cell,12,distance_km,16.343969,,,,False,,,,,,
"Opus, no spec",opus,questions-only,20260919T063431Z-2ec5e8c-82fa5842,q30,cell,13,cod_imovel,GO-5212204-57B761BC972B4CF1ACB6FB3191344583,GO-5212204-50D789C6D210454F80F32B313D791784,,,False,,,,,,
"Opus, no spec",opus,questions-only,20260919T063431Z-2ec5e8c-82fa5842,q30,cell,13,post2020_loss_ha,2.48184,0.3,7.2728,7.2728,False,2.5,7.333333,,,,
"Opus, no spec",opus,questions-only,20260919T063431Z-2ec5e8c-82fa5842,q30,cell,13,entity_id,5484,5212204,0.998948,0.998948,False,,,,,,
"Opus, no spec",opus,questions-only,20260919T063431Z-2ec5e8c-82fa5842,q30,cell,13,entity_kind,buyer,cooperative,,,False,,,,,,
"Opus, no spec",opus,questions-only,20260919T063431Z-2ec5e8c-82fa5842,q30,cell,13,tier,slaughter_point,membership_muni,,,False,,,,,,
"Opus, no spec",opus,questions-only,20260919T063431Z-2ec5e8c-82fa5842,q30,cell,13,distance_km,16.170019,,,,False,,,,,,
"Opus, no spec",opus,questions-only,20260919T063431Z-2ec5e8c-82fa5842,q30,cell,14,distance_km,5.713819,9.6,0.404811,0.404811,False,5.7,0.40625,,,,
"Opus, no spec",opus,questions-only,20260919T063431Z-2ec5e8c-82fa5842,q30,cell,15,entity_id,4029,5212204,0.999227,0.999227,False,,,,,,
"Opus, no spec",opus,questions-only,20260919T063431Z-2ec5e8c-82fa5842,q30,cell,15,entity_kind,buyer,cooperative,,,False,,,,,,
"Opus, no spec",opus,questions-only,20260919T063431Z-2ec5e8c-82fa5842,q30,cell,15,tier,slaughter_point,membership_muni,,,False,,,,,,
"Opus, no spec",opus,questions-only,20260919T063431Z-2ec5e8c-82fa5842,q30,cell,15,distance_km,26.59255,,,,False,,,,,,
"Opus, no spec",opus,questions-only,20260919T063431Z-2ec5e8c-82fa5842,q30,cell,16,cod_imovel,GO-5212204-5A18ED37BE2448B2BF618ECD096BF499,GO-5212204-294B806F6169468E98BB3456EC5158A4,,,False,,,,,,
"Opus, no spec",opus,questions-only,20260919T063431Z-2ec5e8c-82fa5842,q30,cell,16,entity_id,5484,5212204,0.998948,0.998948,False,,,,,,
"Opus, no spec",opus,questions-only,20260919T063431Z-2ec5e8c-82fa5842,q30,cell,16,entity_kind,buyer,cooperative,,,False,,,,,,
"Opus, no spec",opus,questions-only,20260919T063431Z-2ec5e8c-82fa5842,q30,cell,16,tier,slaughter_point,membership_muni,,,False,,,,,,
"Opus, no spec",opus,questions-only,20260919T063431Z-2ec5e8c-82fa5842,q30,cell,16,distance_km,23.046678,,,,False,,,,,,
"Opus, no spec",opus,questions-only,20260919T063431Z-2ec5e8c-82fa5842,q30,cell,17,cod_imovel,GO-5212204-8F9A53F42FEE4187BBBC3E66F68CEEBE,GO-5212204-5A18ED37BE2448B2BF618ECD096BF499,,,False,,,,,,
"Opus, no spec",opus,questions-only,20260919T063431Z-2ec5e8c-82fa5842,q30,cell,17,annex1_commodity,soy,cattle,,,False,,,,,,
"Opus, no spec",opus,questions-only,20260919T063431Z-2ec5e8c-82fa5842,q30,cell,17,post2020_loss_ha,52.586552,0.0,,,False,52.6,,,,,
"Opus, no spec",opus,questions-only,20260919T063431Z-2ec5e8c-82fa5842,q30,cell,17,entity_id,48.0491.0063-1,5212204,,,False,,,,,,
"Opus, no spec",opus,questions-only,20260919T063431Z-2ec5e8c-82fa5842,q30,cell,17,tier,intake_point,membership_muni,,,False,,,,,,
"Opus, no spec",opus,questions-only,20260919T063431Z-2ec5e8c-82fa5842,q30,cell,17,distance_km,13.236006,,,,False,,,,,,
"Opus, no spec",opus,questions-only,20260919T070131Z-2ec5e8c-76b5b258,q10,cell,0,by_single_parcel_rule,788,766,0.028721,0.028721,True,,,,,,
"Opus, no spec",opus,questions-only,20260919T070131Z-2ec5e8c-76b5b258,q10,cell,0,by_aggregate_rule_only,10,27,0.62963,0.62963,True,,,,,,
"Opus, no spec",opus,questions-only,20260919T070131Z-2ec5e8c-76b5b258,q12,cell,0,n_excluded,74,79,0.063291,0.063291,True,,,,,,
"Opus, no spec",opus,questions-only,20260919T070131Z-2ec5e8c-76b5b258,q13,cell,1,n_fields,43,42,0.02381,0.02381,True,,,,,,
"Opus, no spec",opus,questions-only,20260919T070131Z-2ec5e8c-76b5b258,q13,cell,6,cod_imovel,GO-5212204-2B296F3D835C44D7BF1AD385C1D519A9,GO-5219258-021D6EEAC0FE4976868FEBAAD4C9056C,,,False,,,,,,
"Opus, no spec",opus,questions-only,20260919T070131Z-2ec5e8c-76b5b258,q13,cell,6,n_fields,27,29,0.068966,0.068966,True,,,,,,
"Opus, no spec",opus,questions-only,20260919T070131Z-2ec5e8c-76b5b258,q13,cell,7,cod_imovel,GO-5212204-CE5E071E653F445E8EA2609440D42C75,GO-5212204-2B296F3D835C44D7BF1AD385C1D519A9,,,False,,,,,,
"Opus, no spec",opus,questions-only,20260919T070131Z-2ec5e8c-76b5b258,q13,cell,7,n_fields,26,28,0.071429,0.071429,True,,,,,,
"Opus, no spec",opus,questions-only,20260919T070131Z-2ec5e8c-76b5b258,q13,cell,8,cod_imovel,GO-5212204-156094615E67476AB099D9F46F6C0655,GO-5212204-CE5E071E653F445E8EA2609440D42C75,,,False,,,,,,
"Opus, no spec",opus,questions-only,20260919T070131Z-2ec5e8c-76b5b258,q13,cell,8,n_fields,22,26,0.153846,0.153846,True,,,,,,
"Opus, no spec",opus,questions-only,20260919T070131Z-2ec5e8c-76b5b258,q13,cell,9,cod_imovel,GO-5212204-BC0DD19983DE40DDA0F0E5BF93136C61,GO-5212204-156094615E67476AB099D9F46F6C0655,,,False,,,,,,
"Opus, no spec",opus,questions-only,20260919T070131Z-2ec5e8c-76b5b258,q14,cell,0,matched_field_ha,37116.446804,36108.6,0.02791,0.027912,True,37116.4,0.02791,,,,
"Opus, no spec",opus,questions-only,20260919T070131Z-2ec5e8c-76b5b258,q15,cell,0,matched_field_ha,37116.446804,36108.6,0.02791,0.027912,True,37116.4,0.02791,,,,
"Opus, no spec",opus,questions-only,20260919T070131Z-2ec5e8c-76b5b258,q15,cell,0,post2020_loss_ha,120.573018,114.9,0.049374,0.049374,True,120.6,0.049608,,,,
"Opus, no spec",opus,questions-only,20260919T070131Z-2ec5e8c-76b5b258,q16,cell,0,caveat,pasture is a land-cover proxy for cattle,,,,False,,,,,,
"Opus, no spec",opus,questions-only,20260919T070131Z-2ec5e8c-76b5b258,q16,cell,1,annex1_commodity,,cattle,,,False,,,,,,
"Opus, no spec",opus,questions-only,20260919T070131Z-2ec5e8c-76b5b258,q16,cell,1,in_scope,false,True,,,False,,,,,,
"Opus, no spec",opus,questions-only,20260919T070131Z-2ec5e8c-76b5b258,q16,cell,1,caveat,mixed agriculture-pasture mosaic; commodity not separable,assumed_pasture,,,False,,,,,,
"Opus, no spec",opus,questions-only,20260919T070131Z-2ec5e8c-76b5b258,q16,cell,3,caveat,crop not identifiable as an Annex 1 commodity,,,,False,,,,,,
"Opus, no spec",opus,questions-only,20260919T070131Z-2ec5e8c-76b5b258,q17,cell,0,n_fields,704,753,0.065073,0.065073,True,,,,,,
"Opus, no spec",opus,questions-only,20260919T070131Z-2ec5e8c-76b5b258,q17,cell,0,post2020_loss_ha,43.451583,67.9,0.359352,0.360065,False,43.5,0.359352,,,,
"Opus, no spec",opus,questions-only,20260919T070131Z-2ec5e8c-76b5b258,q17,cell,1,n_fields,29,28,0.035714,0.035714,True,,,,,,
"Opus, no spec",opus,questions-only,20260919T070131Z-2ec5e8c-76b5b258,q17,cell,1,post2020_loss_ha,52.586552,46.9,0.121248,0.121248,False,52.6,0.121535,,,,
"Opus, no spec",opus,questions-only,20260919T070131Z-2ec5e8c-76b5b258,q18,shape,,,,,,,,,,2,3,1,3
"Opus, no spec",opus,questions-only,20260919T070131Z-2ec5e8c-76b5b258,q19,cell,0,total_ha,31623.026871,32745.7,0.034285,0.034285,True,31623.0,0.034285,,,,
"Opus, no spec",opus,questions-only,20260919T070131Z-2ec5e8c-76b5b258,q19,cell,0,loss_share,0.09908,0.0969,0.022497,0.022497,True,0.0991,0.022704,,,,
"Opus, no spec",opus,questions-only,20260919T070131Z-2ec5e8c-76b5b258,q19,cell,1,total_ha,2451.765149,2340.4,0.047584,0.047584,True,2451.8,0.047599,,,,
"Opus, no spec",opus,questions-only,20260919T070131Z-2ec5e8c-76b5b258,q19,cell,1,loss_share,0.262623,0.227,0.15693,0.15693,False,0.263,0.15859,,,,
"Opus, no spec",opus,questions-only,20260919T070131Z-2ec5e8c-76b5b258,q20,cell,0,post2020_loss_ha,52.586552,46.9,0.121248,0.121248,False,52.6,0.121535,,,,
"Opus, no spec",opus,questions-only,20260919T070131Z-2ec5e8c-76b5b258,q20,cell,0,n_fields_post2020_loss,3,2,0.5,0.5,True,,,,,,
"Opus, no spec",opus,questions-only,20260919T070131Z-2ec5e8c-76b5b258,q20,cell,1,post2020_loss_ha,27.019549,29.5,0.084083,0.084083,False,27.0,0.084746,,,,
"Opus, no spec",opus,questions-only,20260919T070131Z-2ec5e8c-76b5b258,q20,cell,1,n_fields_post2020_loss,11,12,0.083333,0.083333,True,,,,,,
"Opus, no spec",opus,questions-only,20260919T070131Z-2ec5e8c-76b5b258,q20,cell,2,post2020_loss_ha,2.570325,13.3,0.804511,0.806742,False,2.6,0.804511,,,,
"Opus, no spec",opus,questions-only,20260919T070131Z-2ec5e8c-76b5b258,q20,cell,2,n_fields_post2020_loss,4,5,0.2,0.2,True,,,,,,
"Opus, no spec",opus,questions-only,20260919T070131Z-2ec5e8c-76b5b258,q20,cell,3,cod_imovel,GO-5212204-3EC9EBA0E8B64C978796D37DE35E549F,GO-5212204-5A626DA1611C4A4885618BD646CF0010,,,False,,,,,,
"Opus, no spec",opus,questions-only,20260919T070131Z-2ec5e8c-76b5b258,q20,cell,3,post2020_loss_ha,3.003677,10.8,0.721882,0.721882,False,3.0,0.722222,,,,
"Opus, no spec",opus,questions-only,20260919T070131Z-2ec5e8c-76b5b258,q20,cell,5,cod_imovel,GO-5212204-8AE07816A270436D856E6EC821DE0A7B,GO-5212204-3EC9EBA0E8B64C978796D37DE35E549F,,,False,,,,,,
"Opus, no spec",opus,questions-only,20260919T070131Z-2ec5e8c-76b5b258,q20,cell,5,post2020_loss_ha,0.485883,3.0,0.833333,0.838039,False,0.5,0.833333,,,,
"Opus, no spec",opus,questions-only,20260919T070131Z-2ec5e8c-76b5b258,q20,cell,6,cod_imovel,GO-5212204-57B761BC972B4CF1ACB6FB3191344583,GO-5212204-BC0DD19983DE40DDA0F0E5BF93136C61,,,False,,,,,,
"Opus, no spec",opus,questions-only,20260919T070131Z-2ec5e8c-76b5b258,q20,cell,6,post2020_loss_ha,2.48184,2.9,0.137931,0.144193,False,2.5,0.137931,,,,
"Opus, no spec",opus,questions-only,20260919T070131Z-2ec5e8c-76b5b258,q20,cell,6,n_fields_post2020_loss,1,2,0.5,0.5,True,,,,,,
"Opus, no spec",opus,questions-only,20260919T070131Z-2ec5e8c-76b5b258,q21,cell,0,cleared_ha,774.957362,761.4,0.017806,0.017806,False,775.0,0.017862,,,,
"Opus, no spec",opus,questions-only,20260919T070131Z-2ec5e8c-76b5b258,q21,cell,0,pct_of_loss,42.210916,42.0,0.004762,0.005022,True,42.2,0.004762,,,,
"Opus, no spec",opus,questions-only,20260919T070131Z-2ec5e8c-76b5b258,q21,cell,1,cleared_ha,422.014846,418.5,0.008363,0.008399,True,422.0,0.008363,,,,
"Opus, no spec",opus,questions-only,20260919T070131Z-2ec5e8c-76b5b258,q21,cell,1,pct_of_loss,22.986598,23.1,0.004329,0.004909,True,23.0,0.004329,,,,
"Opus, no spec",opus,questions-only,20260919T070131Z-2ec5e8c-76b5b258,q21,cell,2,cleared_ha,326.360298,326.0,0.001105,0.001105,True,326.4,0.001227,,,,
"Opus, no spec",opus,questions-only,20260919T070131Z-2ec5e8c-76b5b258,q21,cell,2,pct_of_loss,17.776419,18.0,0.011111,0.012421,False,17.8,0.011111,,,,
"Opus, no spec",opus,questions-only,20260919T070131Z-2ec5e8c-76b5b258,q21,cell,3,cleared_ha,192.011426,190.0,0.010526,0.010586,False,192.0,0.010526,,,,
"Opus, no spec",opus,questions-only,20260919T070131Z-2ec5e8c-76b5b258,q21,cell,4,cleared_ha,120.573018,114.9,0.049374,0.049374,False,120.6,0.049608,,,,
"Opus, no spec",opus,questions-only,20260919T070131Z-2ec5e8c-76b5b258,q21,cell,4,pct_of_loss,6.567455,6.3,0.042453,0.042453,False,6.6,0.047619,,,,
"Opus, no spec",opus,questions-only,20260919T070131Z-2ec5e8c-76b5b258,q22,cell,1,n_fields,19,18,0.055556,0.055556,True,,,,,,
"Opus, no spec",opus,questions-only,20260919T070131Z-2ec5e8c-76b5b258,q22,cell,1,cleared_ha,293.517786,280.0,0.048214,0.048278,False,293.5,0.048214,,,,
"Opus, no spec",opus,questions-only,20260919T070131Z-2ec5e8c-76b5b258,q22,cell,10,n_fields,16,15,0.066667,0.066667,True,,,,,,
"Opus, no spec",opus,questions-only,20260919T070131Z-2ec5e8c-76b5b258,q22,cell,10,cleared_ha,122.550451,122.2,0.002868,0.002868,True,122.6,0.003273,,,,
"Opus, no spec",opus,questions-only,20260919T070131Z-2ec5e8c-76b5b258,q22,cell,19,n_fields,5,4,0.25,0.25,True,,,,,,
"Opus, no spec",opus,questions-only,20260919T070131Z-2ec5e8c-76b5b258,q22,cell,19,cleared_ha,27.419695,24.1,0.136929,0.137747,False,27.4,0.136929,,,,
"Opus, no spec",opus,questions-only,20260919T070131Z-2ec5e8c-76b5b258,q22,cell,22,n_fields,3,2,0.5,0.5,True,,,,,,
"Opus, no spec",opus,questions-only,20260919T070131Z-2ec5e8c-76b5b258,q22,cell,22,cleared_ha,11.706041,3.9,2.0,2.001549,False,11.7,2.0,,,,
"Opus, no spec",opus,questions-only,20260919T070131Z-2ec5e8c-76b5b258,q23,cell,2,field_id,4668028,4533274,0.029726,0.029726,True,,,,,,
"Opus, no spec",opus,questions-only,20260919T070131Z-2ec5e8c-76b5b258,q23,cell,2,cod_imovel,GO-5212204-2B296F3D835C44D7BF1AD385C1D519A9,GO-5212204-5A626DA1611C4A4885618BD646CF0010,,,False,,,,,,
"Opus, no spec",opus,questions-only,20260919T070131Z-2ec5e8c-76b5b258,q23,cell,2,field_area_ha,27.533754,14.6,0.883562,0.885874,False,27.5,0.883562,,,,
"Opus, no spec",opus,questions-only,20260919T070131Z-2ec5e8c-76b5b258,q23,cell,2,post2020_loss_ha,9.535686,10.8,0.117066,0.117066,False,9.5,0.12037,,,,
"Opus, no spec",opus,questions-only,20260919T070131Z-2ec5e8c-76b5b258,q23,cell,3,field_id,4894338,4903857,0.001941,0.001941,True,,,,,,
"Opus, no spec",opus,questions-only,20260919T070131Z-2ec5e8c-76b5b258,q23,cell,3,field_area_ha,272.960427,10.7,24.51032,24.51032,False,273.0,24.514019,,,,
"Opus, no spec",opus,questions-only,20260919T070131Z-2ec5e8c-76b5b258,q23,cell,3,post2020_loss_ha,1.523691,10.7,0.857599,0.857599,False,1.5,0.859813,,,,
"Opus, no spec",opus,questions-only,20260919T070131Z-2ec5e8c-76b5b258,q23,cell,4,field_id,4679025,4668028,0.002356,0.002356,True,,,,,,
"Opus, no spec",opus,questions-only,20260919T070131Z-2ec5e8c-76b5b258,q23,cell,4,field_area_ha,5.016003,27.6,0.818261,0.818261,False,5.0,0.818841,,,,
"Opus, no spec",opus,questions-only,20260919T070131Z-2ec5e8c-76b5b258,q23,cell,4,post2020_loss_ha,3.11874,9.5,0.671712,0.671712,False,3.1,0.673684,,,,
"Opus, no spec",opus,questions-only,20260919T070131Z-2ec5e8c-76b5b258,q23,cell,5,field_id,4659940,4679025,0.004079,0.004079,True,,,,,,
"Opus, no spec",opus,questions-only,20260919T070131Z-2ec5e8c-76b5b258,q23,cell,5,cod_imovel,GO-5219258-E7F86639E6404DC4AD9B8DBFAFFB112B,GO-5212204-2B296F3D835C44D7BF1AD385C1D519A9,,,False,,,,,,
"Opus, no spec",opus,questions-only,20260919T070131Z-2ec5e8c-76b5b258,q23,cell,5,field_area_ha,7.368015,5.0,0.473603,0.473603,False,7.4,0.48,,,,
"Opus, no spec",opus,questions-only,20260919T070131Z-2ec5e8c-76b5b258,q23,cell,6,field_id,4766627,4659940,0.022895,0.022895,True,,,,,,
"Opus, no spec",opus,questions-only,20260919T070131Z-2ec5e8c-76b5b258,q23,cell,6,cod_imovel,GO-5212204-3EC9EBA0E8B64C978796D37DE35E549F,GO-5219258-E7F86639E6404DC4AD9B8DBFAFFB112B,,,False,,,,,,
"Opus, no spec",opus,questions-only,20260919T070131Z-2ec5e8c-76b5b258,q23,cell,6,field_area_ha,125.075476,7.4,15.902091,15.902091,False,125.1,15.905405,,,,
"Opus, no spec",opus,questions-only,20260919T070131Z-2ec5e8c-76b5b258,q23,cell,6,post2020_loss_ha,2.716818,3.1,0.123607,0.123607,False,2.7,0.129032,,,,
"Opus, no spec",opus,questions-only,20260919T070131Z-2ec5e8c-76b5b258,q23,cell,7,field_id,4685105,4745030,0.012629,0.012629,True,,,,,,
"Opus, no spec",opus,questions-only,20260919T070131Z-2ec5e8c-76b5b258,q23,cell,7,cod_imovel,GO-5212204-57B761BC972B4CF1ACB6FB3191344583,GO-5212204-BC0DD19983DE40DDA0F0E5BF93136C61,,,False,,,,,,
"Opus, no spec",opus,questions-only,20260919T070131Z-2ec5e8c-76b5b258,q23,cell,7,field_area_ha,6.580242,7.8,0.153846,0.156379,False,6.6,0.153846,,,,
"Opus, no spec",opus,questions-only,20260919T070131Z-2ec5e8c-76b5b258,q23,cell,7,post2020_loss_ha,2.48184,2.8,0.107143,0.113629,False,2.5,0.107143,,,,
"Opus, no spec",opus,questions-only,20260919T070131Z-2ec5e8c-76b5b258,q23,cell,8,field_id,4681776,4766627,0.017801,0.017801,True,,,,,,
"Opus, no spec",opus,questions-only,20260919T070131Z-2ec5e8c-76b5b258,q23,cell,8,cod_imovel,GO-5212204-B09F3674DFFF46D7AB8D2101F77AFC10,GO-5212204-3EC9EBA0E8B64C978796D37DE35E549F,,,False,,,,,,
"Opus, no spec",opus,questions-only,20260919T070131Z-2ec5e8c-76b5b258,q23,cell,8,field_area_ha,28.501809,125.2,0.77235,0.77235,False,28.5,0.772364,,,,
"Opus, no spec",opus,questions-only,20260919T070131Z-2ec5e8c-76b5b258,q23,cell,8,post2020_loss_ha,1.199212,2.7,0.555556,0.555847,False,1.2,0.555556,,,,
"Opus, no spec",opus,questions-only,20260919T070131Z-2ec5e8c-76b5b258,q23,cell,9,field_id,4984281,4685105,0.063857,0.063857,True,,,,,,
"Opus, no spec",opus,questions-only,20260919T070131Z-2ec5e8c-76b5b258,q23,cell,9,cod_imovel,GO-5212204-8F9A53F42FEE4187BBBC3E66F68CEEBE,GO-5212204-2B296F3D835C44D7BF1AD385C1D519A9,,,False,,,,,,
"Opus, no spec",opus,questions-only,20260919T070131Z-2ec5e8c-76b5b258,q23,cell,9,annex1_commodity,soya,cattle,,,False,,,,,,
"Opus, no spec",opus,questions-only,20260919T070131Z-2ec5e8c-76b5b258,q23,cell,9,field_area_ha,113.140283,6.6,16.136364,16.142467,False,113.1,16.136364,,,,
"Opus, no spec",opus,questions-only,20260919T070131Z-2ec5e8c-76b5b258,q23,cell,9,post2020_loss_ha,5.64264,2.5,1.24,1.257056,False,5.6,1.24,,,,
"Opus, no spec",opus,questions-only,20260919T070131Z-2ec5e8c-76b5b258,q24,cell,9,dominant_mb,15,21,0.285714,0.285714,True,,,,,,
"Opus, no spec",opus,questions-only,20260919T070131Z-2ec5e8c-76b5b258,q24,cell,14,cod_imovel,GO-5219258-E7F86639E6404DC4AD9B8DBFAFFB112B,GO-5212204-BC0DD19983DE40DDA0F0E5BF93136C61,,,False,,,,,,
"Opus, no spec",opus,questions-only,20260919T070131Z-2ec5e8c-76b5b258,q24,cell,17,cod_imovel,GO-5212204-57B761BC972B4CF1ACB6FB3191344583,GO-5219258-E7F86639E6404DC4AD9B8DBFAFFB112B,,,False,,,,,,
"Opus, no spec",opus,questions-only,20260919T070131Z-2ec5e8c-76b5b258,q26,cell,0,distance_km,24.630211,26.8,0.080962,0.080962,True,24.6,0.08209,,,,
"Opus, no spec",opus,questions-only,20260919T070131Z-2ec5e8c-76b5b258,q26,cell,1,distance_km,11.159547,12.6,0.111111,0.114322,False,11.2,0.111111,,,,
"Opus, no spec",opus,questions-only,20260919T070131Z-2ec5e8c-76b5b258,q26,cell,2,distance_km,13.873951,15.8,0.120253,0.121902,False,13.9,0.120253,,,,
"Opus, no spec",opus,questions-only,20260919T070131Z-2ec5e8c-76b5b258,q26,cell,3,distance_km,19.010071,20.5,0.072679,0.072679,True,19.0,0.073171,,,,
"Opus, no spec",opus,questions-only,20260919T070131Z-2ec5e8c-76b5b258,q26,cell,4,distance_km,16.343969,18.3,0.106887,0.106887,False,16.3,0.10929,,,,
"Opus, no spec",opus,questions-only,20260919T070131Z-2ec5e8c-76b5b258,q26,cell,5,distance_km,21.209895,23.0,0.077831,0.077831,True,21.2,0.078261,,,,
"Opus, no spec",opus,questions-only,20260919T070131Z-2ec5e8c-76b5b258,q26,cell,6,entity_id,5484,SIE_23397792000185_149816_1,,,False,,,,,,
"Opus, no spec",opus,questions-only,20260919T070131Z-2ec5e8c-76b5b258,q26,cell,6,distance_km,23.046678,23.8,0.031652,0.031652,True,23.0,0.033613,,,,
"Opus, no spec",opus,questions-only,20260919T070131Z-2ec5e8c-76b5b258,q26,cell,7,distance_km,12.132954,14.5,0.163245,0.163245,False,12.1,0.165517,,,,
"Opus, no spec",opus,questions-only,20260919T070131Z-2ec5e8c-76b5b258,q26,cell,8,distance_km,5.713819,9.6,0.404811,0.404811,False,5.7,0.40625,,,,
"Opus, no spec",opus,questions-only,20260919T070131Z-2ec5e8c-76b5b258,q26,cell,9,distance_km,20.150146,22.3,0.09417,0.096406,True,20.2,0.09417,,,,
"Opus, no spec",opus,questions-only,20260919T070131Z-2ec5e8c-76b5b258,q26,cell,10,distance_km,26.59255,27.6,0.036232,0.036502,True,26.6,0.036232,,,,
"Opus, no spec",opus,questions-only,20260919T070131Z-2ec5e8c-76b5b258,q26,cell,11,distance_km,26.320586,26.8,0.017889,0.017889,True,26.3,0.018657,,,,
"Opus, no spec",opus,questions-only,20260919T070131Z-2ec5e8c-76b5b258,q26,cell,12,distance_km,13.236006,14.7,0.099591,0.099591,True,13.2,0.102041,,,,
"Opus, no spec",opus,questions-only,20260919T070131Z-2ec5e8c-76b5b258,q26,cell,13,distance_km,19.057842,19.9,0.040201,0.042319,True,19.1,0.040201,,,,
"Opus, no spec",opus,questions-only,20260919T070131Z-2ec5e8c-76b5b258,q26,cell,14,cod_imovel,GO-5212204-BCCDDA00F01E4C72BA80402253DCB38A,GO-5212204-BC0DD19983DE40DDA0F0E5BF93136C61,,,False,,,,,,
"Opus, no spec",opus,questions-only,20260919T070131Z-2ec5e8c-76b5b258,q26,cell,14,distance_km,20.373576,19.4,0.050184,0.050184,True,20.4,0.051546,,,,
"Opus, no spec",opus,questions-only,20260919T070131Z-2ec5e8c-76b5b258,q26,cell,15,cod_imovel,GO-5219258-D8B970A69F30415F9FDEE84663A2210B,GO-5212204-BCCDDA00F01E4C72BA80402253DCB38A,,,False,,,,,,
"Opus, no spec",opus,questions-only,20260919T070131Z-2ec5e8c-76b5b258,q26,cell,15,distance_km,6.059582,21.7,0.718894,0.720757,False,6.1,0.718894,,,,
"Opus, no spec",opus,questions-only,20260919T070131Z-2ec5e8c-76b5b258,q26,cell,16,cod_imovel,GO-5219258-E7F86639E6404DC4AD9B8DBFAFFB112B,GO-5219258-D8B970A69F30415F9FDEE84663A2210B,,,False,,,,,,
"Opus, no spec",opus,questions-only,20260919T070131Z-2ec5e8c-76b5b258,q26,cell,16,distance_km,12.573843,8.0,0.57173,0.57173,False,12.6,0.575,,,,
"Opus, no spec",opus,questions-only,20260919T070131Z-2ec5e8c-76b5b258,q26,cell,17,cod_imovel,GO-5212204-57B761BC972B4CF1ACB6FB3191344583,GO-5219258-E7F86639E6404DC4AD9B8DBFAFFB112B,,,False,,,,,,
"Opus, no spec",opus,questions-only,20260919T070131Z-2ec5e8c-76b5b258,q26,cell,17,distance_km,16.170019,15.3,0.056864,0.056864,True,16.2,0.058824,,,,
"Opus, no spec",opus,questions-only,20260919T070131Z-2ec5e8c-76b5b258,q27,cell,14,cod_imovel,GO-5212204-57B761BC972B4CF1ACB6FB3191344583,GO-5212204-BC0DD19983DE40DDA0F0E5BF93136C61,,,False,,,,,,
"Opus, no spec",opus,questions-only,20260919T070131Z-2ec5e8c-76b5b258,q28,cell,0,cod_imovel,GO-5212204-8F9A53F42FEE4187BBBC3E66F68CEEBE,GO-5212204-156094615E67476AB099D9F46F6C0655,,,False,,,,,,
"Opus, no spec",opus,questions-only,20260919T070131Z-2ec5e8c-76b5b258,q28,cell,1,n_candidates,6,5,0.2,0.2,True,,,,,,
"Opus, no spec",opus,questions-only,20260919T070131Z-2ec5e8c-76b5b258,q28,cell,1,n_delivery,5,4,0.25,0.25,True,,,,,,
"Opus, no spec",opus,questions-only,20260919T070131Z-2ec5e8c-76b5b258,q28,cell,2,n_candidates,7,5,0.4,0.4,True,,,,,,
"Opus, no spec",opus,questions-only,20260919T070131Z-2ec5e8c-76b5b258,q28,cell,2,n_delivery,6,4,0.5,0.5,True,,,,,,
"Opus, no spec",opus,questions-only,20260919T070131Z-2ec5e8c-76b5b258,q28,cell,3,n_candidates,7,5,0.4,0.4,True,,,,,,
"Opus, no spec",opus,questions-only,20260919T070131Z-2ec5e8c-76b5b258,q28,cell,3,n_delivery,6,4,0.5,0.5,True,,,,,,
"Opus, no spec",opus,questions-only,20260919T070131Z-2ec5e8c-76b5b258,q28,cell,4,n_candidates,7,5,0.4,0.4,True,,,,,,
"Opus, no spec",opus,questions-only,20260919T070131Z-2ec5e8c-76b5b258,q28,cell,4,n_delivery,6,4,0.5,0.5,True,,,,,,
"Opus, no spec",opus,questions-only,20260919T070131Z-2ec5e8c-76b5b258,q28,cell,5,n_candidates,8,5,0.6,0.6,True,,,,,,
"Opus, no spec",opus,questions-only,20260919T070131Z-2ec5e8c-76b5b258,q28,cell,5,n_delivery,7,4,0.75,0.75,True,,,,,,
"Opus, no spec",opus,questions-only,20260919T070131Z-2ec5e8c-76b5b258,q28,cell,6,n_candidates,10,5,1.0,1.0,True,,,,,,
"Opus, no spec",opus,questions-only,20260919T070131Z-2ec5e8c-76b5b258,q28,cell,6,n_delivery,9,4,1.25,1.25,True,,,,,,
"Opus, no spec",opus,questions-only,20260919T070131Z-2ec5e8c-76b5b258,q28,cell,7,n_candidates,6,5,0.2,0.2,True,,,,,,
"Opus, no spec",opus,questions-only,20260919T070131Z-2ec5e8c-76b5b258,q28,cell,7,n_delivery,5,4,0.25,0.25,True,,,,,,
"Opus, no spec",opus,questions-only,20260919T070131Z-2ec5e8c-76b5b258,q28,cell,8,n_candidates,7,5,0.4,0.4,True,,,,,,
"Opus, no spec",opus,questions-only,20260919T070131Z-2ec5e8c-76b5b258,q28,cell,8,n_delivery,6,4,0.5,0.5,True,,,,,,
"Opus, no spec",opus,questions-only,20260919T070131Z-2ec5e8c-76b5b258,q28,cell,9,n_candidates,10,5,1.0,1.0,True,,,,,,
"Opus, no spec",opus,questions-only,20260919T070131Z-2ec5e8c-76b5b258,q28,cell,9,n_delivery,9,4,1.25,1.25,True,,,,,,
"Opus, no spec",opus,questions-only,20260919T070131Z-2ec5e8c-76b5b258,q28,cell,10,n_candidates,7,5,0.4,0.4,True,,,,,,
"Opus, no spec",opus,questions-only,20260919T070131Z-2ec5e8c-76b5b258,q28,cell,10,n_delivery,6,4,0.5,0.5,True,,,,,,
"Opus, no spec",opus,questions-only,20260919T070131Z-2ec5e8c-76b5b258,q28,cell,11,n_candidates,7,5,0.4,0.4,True,,,,,,
"Opus, no spec",opus,questions-only,20260919T070131Z-2ec5e8c-76b5b258,q28,cell,11,n_delivery,6,4,0.5,0.5,True,,,,,,
"Opus, no spec",opus,questions-only,20260919T070131Z-2ec5e8c-76b5b258,q28,cell,12,cod_imovel,GO-5219258-E7F86639E6404DC4AD9B8DBFAFFB112B,GO-5212204-8F9A53F42FEE4187BBBC3E66F68CEEBE,,,False,,,,,,
"Opus, no spec",opus,questions-only,20260919T070131Z-2ec5e8c-76b5b258,q28,cell,12,n_candidates,7,5,0.4,0.4,True,,,,,,
"Opus, no spec",opus,questions-only,20260919T070131Z-2ec5e8c-76b5b258,q28,cell,12,n_delivery,6,4,0.5,0.5,True,,,,,,
"Opus, no spec",opus,questions-only,20260919T070131Z-2ec5e8c-76b5b258,q28,cell,13,n_candidates,6,5,0.2,0.2,True,,,,,,
"Opus, no spec",opus,questions-only,20260919T070131Z-2ec5e8c-76b5b258,q28,cell,13,n_delivery,5,4,0.25,0.25,True,,,,,,
"Opus, no spec",opus,questions-only,20260919T070131Z-2ec5e8c-76b5b258,q28,cell,14,cod_imovel,GO-5212204-57B761BC972B4CF1ACB6FB3191344583,GO-5212204-BC0DD19983DE40DDA0F0E5BF93136C61,,,False,,,,,,
"Opus, no spec",opus,questions-only,20260919T070131Z-2ec5e8c-76b5b258,q28,cell,14,n_candidates,6,5,0.2,0.2,True,,,,,,
"Opus, no spec",opus,questions-only,20260919T070131Z-2ec5e8c-76b5b258,q28,cell,14,n_delivery,5,4,0.25,0.25,True,,,,,,
"Opus, no spec",opus,questions-only,20260919T070131Z-2ec5e8c-76b5b258,q28,cell,15,n_candidates,6,5,0.2,0.2,True,,,,,,
"Opus, no spec",opus,questions-only,20260919T070131Z-2ec5e8c-76b5b258,q28,cell,15,n_delivery,5,4,0.25,0.25,True,,,,,,
"Opus, no spec",opus,questions-only,20260919T070131Z-2ec5e8c-76b5b258,q28,cell,16,n_candidates,7,5,0.4,0.4,True,,,,,,
"Opus, no spec",opus,questions-only,20260919T070131Z-2ec5e8c-76b5b258,q28,cell,16,n_delivery,6,4,0.5,0.5,True,,,,,,
"Opus, no spec",opus,questions-only,20260919T070131Z-2ec5e8c-76b5b258,q28,cell,17,cod_imovel,GO-5212204-156094615E67476AB099D9F46F6C0655,GO-5219258-E7F86639E6404DC4AD9B8DBFAFFB112B,,,False,,,,,,
"Opus, no spec",opus,questions-only,20260919T070131Z-2ec5e8c-76b5b258,q28,cell,17,n_candidates,10,5,1.0,1.0,True,,,,,,
"Opus, no spec",opus,questions-only,20260919T070131Z-2ec5e8c-76b5b258,q28,cell,17,n_delivery,9,4,1.25,1.25,True,,,,,,
"Opus, no spec",opus,questions-only,20260919T070131Z-2ec5e8c-76b5b258,q30,cell,0,post2020_loss_ha,52.586552,46.9,0.121248,0.121248,False,52.6,0.121535,,,,
"Opus, no spec",opus,questions-only,20260919T070131Z-2ec5e8c-76b5b258,q30,cell,1,post2020_loss_ha,27.019549,29.5,0.084083,0.084083,True,27.0,0.084746,,,,
"Opus, no spec",opus,questions-only,20260919T070131Z-2ec5e8c-76b5b258,q30,cell,2,post2020_loss_ha,2.570325,13.3,0.804511,0.806742,False,2.6,0.804511,,,,
"Opus, no spec",opus,questions-only,20260919T070131Z-2ec5e8c-76b5b258,q30,cell,3,post2020_loss_ha,0.034627,10.8,0.996794,0.996794,False,0.0,1.0,,,,
"Opus, no spec",opus,questions-only,20260919T070131Z-2ec5e8c-76b5b258,q30,cell,6,cod_imovel,GO-5212204-57B761BC972B4CF1ACB6FB3191344583,GO-5212204-BC0DD19983DE40DDA0F0E5BF93136C61,,,False,,,,,,
"Opus, no spec",opus,questions-only,20260919T070131Z-2ec5e8c-76b5b258,q30,cell,6,post2020_loss_ha,2.48184,2.9,0.137931,0.144193,False,2.5,0.137931,,,,
"Opus, no spec",opus,questions-only,20260919T070131Z-2ec5e8c-76b5b258,q30,cell,7,distance_km,6.059582,8.0,0.2375,0.242552,False,6.1,0.2375,,,,
"Opus, no spec",opus,questions-only,20260919T070131Z-2ec5e8c-76b5b258,q30,cell,14,distance_km,5.713819,9.6,0.404811,0.404811,False,5.7,0.40625,,,,
"Opus, no spec",opus,questions-only,20260919T072458Z-2ec5e8c-74e6c1b4,q10,cell,0,by_single_parcel_rule,788,766,0.028721,0.028721,True,,,,,,
"Opus, no spec",opus,questions-only,20260919T072458Z-2ec5e8c-74e6c1b4,q10,cell,0,by_aggregate_rule_only,10,27,0.62963,0.62963,True,,,,,,
"Opus, no spec",opus,questions-only,20260919T072458Z-2ec5e8c-74e6c1b4,q12,cell,0,n_excluded,74,79,0.063291,0.063291,True,,,,,,
"Opus, no spec",opus,questions-only,20260919T072458Z-2ec5e8c-74e6c1b4,q13,cell,1,n_fields,43,42,0.02381,0.02381,True,,,,,,
"Opus, no spec",opus,questions-only,20260919T072458Z-2ec5e8c-74e6c1b4,q13,cell,6,n_fields,28,29,0.034483,0.034483,True,,,,,,
"Opus, no spec",opus,questions-only,20260919T072458Z-2ec5e8c-74e6c1b4,q13,cell,7,n_fields,29,28,0.035714,0.035714,True,,,,,,
"Opus, no spec",opus,questions-only,20260919T072458Z-2ec5e8c-74e6c1b4,q14,cell,0,matched_field_ha,37180.57339401297,36108.6,0.029687,0.029687,True,37180.6,0.029688,,,,
"Opus, no spec",opus,questions-only,20260919T072458Z-2ec5e8c-74e6c1b4,q15,cell,0,matched_field_ha,37180.57339401297,36108.6,0.029687,0.029687,True,37180.6,0.029688,,,,
"Opus, no spec",opus,questions-only,20260919T072458Z-2ec5e8c-74e6c1b4,q15,cell,0,post2020_loss_ha,120.57301754661007,114.9,0.049374,0.049374,True,120.6,0.049608,,,,
"Opus, no spec",opus,questions-only,20260919T072458Z-2ec5e8c-74e6c1b4,q16,cell,0,caveat,"pasture is a land-cover proxy for cattle grazing, not direct proof of cattle production",,,,False,,,,,,
"Opus, no spec",opus,questions-only,20260919T072458Z-2ec5e8c-74e6c1b4,q16,cell,1,annex1_commodity,,cattle,,,False,,,,,,
"Opus, no spec",opus,questions-only,20260919T072458Z-2ec5e8c-74e6c1b4,q16,cell,1,in_scope,false,True,,,False,,,,,,
"Opus, no spec",opus,questions-only,20260919T072458Z-2ec5e8c-74e6c1b4,q16,cell,1,caveat,mixed agricultural uses cannot be attributed to a single commodity,assumed_pasture,,,False,,,,,,
"Opus, no spec",opus,questions-only,20260919T072458Z-2ec5e8c-74e6c1b4,q16,cell,3,caveat,unspecified annual crops,,,,False,,,,,,
"Opus, no spec",opus,questions-only,20260919T072458Z-2ec5e8c-74e6c1b4,q17,cell,0,n_fields,704,753,0.065073,0.065073,True,,,,,,
"Opus, no spec",opus,questions-only,20260919T072458Z-2ec5e8c-74e6c1b4,q17,cell,0,post2020_loss_ha,43.4515833074799,67.9,0.359352,0.360065,False,43.5,0.359352,,,,
"Opus, no spec",opus,questions-only,20260919T072458Z-2ec5e8c-74e6c1b4,q17,cell,1,n_fields,29,28,0.035714,0.035714,True,,,,,,
"Opus, no spec",opus,questions-only,20260919T072458Z-2ec5e8c-74e6c1b4,q17,cell,1,post2020_loss_ha,52.58655183817289,46.9,0.121248,0.121248,False,52.6,0.121535,,,,
"Opus, no spec",opus,questions-only,20260919T072458Z-2ec5e8c-74e6c1b4,q18,shape,,,,,,,,,,2,3,1,3
"Opus, no spec",opus,questions-only,20260919T072458Z-2ec5e8c-74e6c1b4,q19,cell,0,total_ha,31677.433142986072,32745.7,0.032623,0.032623,True,31677.4,0.032624,,,,
"Opus, no spec",opus,questions-only,20260919T072458Z-2ec5e8c-74e6c1b4,q19,cell,0,loss_share,0.001371688896361883,0.0969,0.985552,0.985844,False,0.0014,0.985552,,,,
"Opus, no spec",opus,questions-only,20260919T072458Z-2ec5e8c-74e6c1b4,q19,cell,1,total_ha,2456.1279449374824,2340.4,0.049436,0.049448,True,2456.1,0.049436,,,,
"Opus, no spec",opus,questions-only,20260919T072458Z-2ec5e8c-74e6c1b4,q19,cell,1,loss_share,0.021410347106128224,0.227,0.905681,0.905681,False,0.021,0.907489,,,,
"Opus, no spec",opus,questions-only,20260919T072458Z-2ec5e8c-74e6c1b4,q20,cell,0,post2020_loss_ha,52.58655183817289,46.9,0.121248,0.121248,False,52.6,0.121535,,,,
"Opus, no spec",opus,questions-only,20260919T072458Z-2ec5e8c-74e6c1b4,q20,cell,0,n_fields_post2020_loss,3,2,0.5,0.5,True,,,,,,
"Opus, no spec",opus,questions-only,20260919T072458Z-2ec5e8c-74e6c1b4,q20,cell,2,post2020_loss_ha,2.570325352631277,13.3,0.804511,0.806742,False,2.6,0.804511,,,,
"Opus, no spec",opus,questions-only,20260919T072458Z-2ec5e8c-74e6c1b4,q20,cell,2,n_fields_post2020_loss,4,5,0.2,0.2,True,,,,,,
"Opus, no spec",opus,questions-only,20260919T072458Z-2ec5e8c-74e6c1b4,q20,cell,3,cod_imovel,GO-5212204-3EC9EBA0E8B64C978796D37DE35E549F,GO-5212204-5A626DA1611C4A4885618BD646CF0010,,,False,,,,,,
"Opus, no spec",opus,questions-only,20260919T072458Z-2ec5e8c-74e6c1b4,q20,cell,3,post2020_loss_ha,3.0036766976918647,10.8,0.721882,0.721882,False,3.0,0.722222,,,,
"Opus, no spec",opus,questions-only,20260919T072458Z-2ec5e8c-74e6c1b4,q20,cell,5,cod_imovel,GO-5212204-8AE07816A270436D856E6EC821DE0A7B,GO-5212204-3EC9EBA0E8B64C978796D37DE35E549F,,,False,,,,,,
"Opus, no spec",opus,questions-only,20260919T072458Z-2ec5e8c-74e6c1b4,q20,cell,5,post2020_loss_ha,0.4858826080131097,3.0,0.833333,0.838039,False,0.5,0.833333,,,,
"Opus, no spec",opus,questions-only,20260919T072458Z-2ec5e8c-74e6c1b4,q20,cell,6,cod_imovel,GO-5212204-B09F3674DFFF46D7AB8D2101F77AFC10,GO-5212204-BC0DD19983DE40DDA0F0E5BF93136C61,,,False,,,,,,
"Opus, no spec",opus,questions-only,20260919T072458Z-2ec5e8c-74e6c1b4,q20,cell,6,post2020_loss_ha,1.1992123598349458,2.9,0.586207,0.586478,False,1.2,0.586207,,,,
"Opus, no spec",opus,questions-only,20260919T072458Z-2ec5e8c-74e6c1b4,q20,cell,6,n_fields_post2020_loss,1,2,0.5,0.5,True,,,,,,
"Opus, no spec",opus,questions-only,20260919T072458Z-2ec5e8c-74e6c1b4,q20,cell,8,cod_imovel,GO-5212204-59B661AA7FEB45408462F5CD9717FC56,GO-5212204-B09F3674DFFF46D7AB8D2101F77AFC10,,,False,,,,,,
"Opus, no spec",opus,questions-only,20260919T072458Z-2ec5e8c-74e6c1b4,q20,cell,8,post2020_loss_ha,0.6036009219641439,1.2,0.496999,0.496999,False,0.6,0.5,,,,
"Opus, no spec",opus,questions-only,20260919T072458Z-2ec5e8c-74e6c1b4,q20,cell,9,cod_imovel,GO-5212204-BCCDDA00F01E4C72BA80402253DCB38A,GO-5212204-59B661AA7FEB45408462F5CD9717FC56,,,False,,,,,,
"Opus, no spec",opus,questions-only,20260919T072458Z-2ec5e8c-74e6c1b4,q20,cell,9,post2020_loss_ha,0.46506731981398136,0.6,0.166667,0.224888,False,0.5,0.166667,,,,
"Opus, no spec",opus,questions-only,20260919T072458Z-2ec5e8c-74e6c1b4,q21,cell,0,cleared_ha,774.9573618118334,761.4,0.017806,0.017806,False,775.0,0.017862,,,,
"Opus, no spec",opus,questions-only,20260919T072458Z-2ec5e8c-74e6c1b4,q21,cell,0,pct_of_loss,42.21091602273944,42.0,0.004762,0.005022,True,42.2,0.004762,,,,
"Opus, no spec",opus,questions-only,20260919T072458Z-2ec5e8c-74e6c1b4,q21,cell,1,cleared_ha,422.0148464816807,418.5,0.008363,0.008399,True,422.0,0.008363,,,,
"Opus, no spec",opus,questions-only,20260919T072458Z-2ec5e8c-74e6c1b4,q21,cell,1,pct_of_loss,22.986597873642513,23.1,0.004329,0.004909,True,23.0,0.004329,,,,
"Opus, no spec",opus,questions-only,20260919T072458Z-2ec5e8c-74e6c1b4,q21,cell,2,cleared_ha,326.3602977521994,326.0,0.001105,0.001105,True,326.4,0.001227,,,,
"Opus, no spec",opus,questions-only,20260919T072458Z-2ec5e8c-74e6c1b4,q21,cell,2,pct_of_loss,17.77641945276372,18.0,0.011111,0.012421,False,17.8,0.011111,,,,
"Opus, no spec",opus,questions-only,20260919T072458Z-2ec5e8c-74e6c1b4,q21,cell,3,cleared_ha,192.01142593408957,190.0,0.010526,0.010586,False,192.0,0.010526,,,,
"Opus, no spec",opus,questions-only,20260919T072458Z-2ec5e8c-74e6c1b4,q21,cell,4,cleared_ha,120.57301754661007,114.9,0.049374,0.049374,False,120.6,0.049608,,,,
"Opus, no spec",opus,questions-only,20260919T072458Z-2ec5e8c-74e6c1b4,q21,cell,4,pct_of_loss,6.5674548937364925,6.3,0.042453,0.042453,False,6.6,0.047619,,,,
"Opus, no spec",opus,questions-only,20260919T072458Z-2ec5e8c-74e6c1b4,q22,cell,1,n_fields,19,18,0.055556,0.055556,True,,,,,,
"Opus, no spec",opus,questions-only,20260919T072458Z-2ec5e8c-74e6c1b4,q22,cell,1,cleared_ha,293.51778625880564,280.0,0.048214,0.048278,False,293.5,0.048214,,,,
"Opus, no spec",opus,questions-only,20260919T072458Z-2ec5e8c-74e6c1b4,q22,cell,10,n_fields,16,15,0.066667,0.066667,True,,,,,,
"Opus, no spec",opus,questions-only,20260919T072458Z-2ec5e8c-74e6c1b4,q22,cell,10,cleared_ha,122.55045053227445,122.2,0.002868,0.002868,True,122.6,0.003273,,,,
"Opus, no spec",opus,questions-only,20260919T072458Z-2ec5e8c-74e6c1b4,q22,cell,19,n_fields,5,4,0.25,0.25,True,,,,,,
"Opus, no spec",opus,questions-only,20260919T072458Z-2ec5e8c-74e6c1b4,q22,cell,19,cleared_ha,27.419694803248948,24.1,0.136929,0.137747,False,27.4,0.136929,,,,
"Opus, no spec",opus,questions-only,20260919T072458Z-2ec5e8c-74e6c1b4,q22,cell,22,n_fields,3,2,0.5,0.5,True,,,,,,
"Opus, no spec",opus,questions-only,20260919T072458Z-2ec5e8c-74e6c1b4,q22,cell,22,cleared_ha,11.706040992418957,3.9,2.0,2.001549,False,11.7,2.0,,,,
"Opus, no spec",opus,questions-only,20260919T072458Z-2ec5e8c-74e6c1b4,q23,cell,2,field_id,4668028,4533274,0.029726,0.029726,True,,,,,,
"Opus, no spec",opus,questions-only,20260919T072458Z-2ec5e8c-74e6c1b4,q23,cell,2,cod_imovel,GO-5212204-2B296F3D835C44D7BF1AD385C1D519A9,GO-5212204-5A626DA1611C4A4885618BD646CF0010,,,False,,,,,,
"Opus, no spec",opus,questions-only,20260919T072458Z-2ec5e8c-74e6c1b4,q23,cell,2,field_area_ha,27.58094025856681,14.6,0.889105,0.889105,False,27.6,0.890411,,,,
"Opus, no spec",opus,questions-only,20260919T072458Z-2ec5e8c-74e6c1b4,q23,cell,2,post2020_loss_ha,9.535685592774282,10.8,0.117066,0.117066,False,9.5,0.12037,,,,
"Opus, no spec",opus,questions-only,20260919T072458Z-2ec5e8c-74e6c1b4,q23,cell,3,field_id,4894338,4903857,0.001941,0.001941,True,,,,,,
"Opus, no spec",opus,questions-only,20260919T072458Z-2ec5e8c-74e6c1b4,q23,cell,3,field_area_ha,273.45935046705,10.7,24.556949,24.556949,False,273.5,24.560748,,,,
"Opus, no spec",opus,questions-only,20260919T072458Z-2ec5e8c-74e6c1b4,q23,cell,3,post2020_loss_ha,1.5236911945234863,10.7,0.857599,0.857599,False,1.5,0.859813,,,,
"Opus, no spec",opus,questions-only,20260919T072458Z-2ec5e8c-74e6c1b4,q23,cell,4,field_id,4679025,4668028,0.002356,0.002356,True,,,,,,
"Opus, no spec",opus,questions-only,20260919T072458Z-2ec5e8c-74e6c1b4,q23,cell,4,field_area_ha,5.024606635067274,27.6,0.817949,0.817949,False,5.0,0.818841,,,,
"Opus, no spec",opus,questions-only,20260919T072458Z-2ec5e8c-74e6c1b4,q23,cell,4,post2020_loss_ha,3.118739976368598,9.5,0.671712,0.671712,False,3.1,0.673684,,,,
"Opus, no spec",opus,questions-only,20260919T072458Z-2ec5e8c-74e6c1b4,q23,cell,5,field_id,4659940,4679025,0.004079,0.004079,True,,,,,,
"Opus, no spec",opus,questions-only,20260919T072458Z-2ec5e8c-74e6c1b4,q23,cell,5,cod_imovel,GO-5219258-E7F86639E6404DC4AD9B8DBFAFFB112B,GO-5212204-2B296F3D835C44D7BF1AD385C1D519A9,,,False,,,,,,
"Opus, no spec",opus,questions-only,20260919T072458Z-2ec5e8c-74e6c1b4,q23,cell,5,field_area_ha,7.3806818324007155,5.0,0.476136,0.476136,False,7.4,0.48,,,,
"Opus, no spec",opus,questions-only,20260919T072458Z-2ec5e8c-74e6c1b4,q23,cell,6,field_id,4766627,4659940,0.022895,0.022895,True,,,,,,
"Opus, no spec",opus,questions-only,20260919T072458Z-2ec5e8c-74e6c1b4,q23,cell,6,cod_imovel,GO-5212204-3EC9EBA0E8B64C978796D37DE35E549F,GO-5219258-E7F86639E6404DC4AD9B8DBFAFFB112B,,,False,,,,,,
"Opus, no spec",opus,questions-only,20260919T072458Z-2ec5e8c-74e6c1b4,q23,cell,6,field_area_ha,125.29406120970464,7.4,15.93163,15.93163,False,125.3,15.932432,,,,
"Opus, no spec",opus,questions-only,20260919T072458Z-2ec5e8c-74e6c1b4,q23,cell,6,post2020_loss_ha,2.716818316042302,3.1,0.123607,0.123607,False,2.7,0.129032,,,,
"Opus, no spec",opus,questions-only,20260919T072458Z-2ec5e8c-74e6c1b4,q23,cell,7,field_id,4685105,4745030,0.012629,0.012629,True,,,,,,
"Opus, no spec",opus,questions-only,20260919T072458Z-2ec5e8c-74e6c1b4,q23,cell,7,cod_imovel,GO-5212204-2B296F3D835C44D7BF1AD385C1D519A9,GO-5212204-BC0DD19983DE40DDA0F0E5BF93136C61,,,False,,,,,,
"Opus, no spec",opus,questions-only,20260919T072458Z-2ec5e8c-74e6c1b4,q23,cell,7,field_area_ha,6.591455635556257,7.8,0.153846,0.154942,False,6.6,0.153846,,,,
"Opus, no spec",opus,questions-only,20260919T072458Z-2ec5e8c-74e6c1b4,q23,cell,7,post2020_loss_ha,2.481839554175935,2.8,0.107143,0.113629,False,2.5,0.107143,,,,
"Opus, no spec",opus,questions-only,20260919T072458Z-2ec5e8c-74e6c1b4,q23,cell,8,field_id,4681776,4766627,0.017801,0.017801,True,,,,,,
"Opus, no spec",opus,questions-only,20260919T072458Z-2ec5e8c-74e6c1b4,q23,cell,8,cod_imovel,GO-5212204-B09F3674DFFF46D7AB8D2101F77AFC10,GO-5212204-3EC9EBA0E8B64C978796D37DE35E549F,,,False,,,,,,
"Opus, no spec",opus,questions-only,20260919T072458Z-2ec5e8c-74e6c1b4,q23,cell,8,field_area_ha,28.54882965657395,125.2,0.771974,0.771974,False,28.5,0.772364,,,,
"Opus, no spec",opus,questions-only,20260919T072458Z-2ec5e8c-74e6c1b4,q23,cell,8,post2020_loss_ha,1.1992123598349458,2.7,0.555556,0.555847,False,1.2,0.555556,,,,
"Opus, no spec",opus,questions-only,20260919T072458Z-2ec5e8c-74e6c1b4,q23,cell,9,field_id,4984281,4685105,0.063857,0.063857,True,,,,,,
"Opus, no spec",opus,questions-only,20260919T072458Z-2ec5e8c-74e6c1b4,q23,cell,9,cod_imovel,GO-5212204-8F9A53F42FEE4187BBBC3E66F68CEEBE,GO-5212204-2B296F3D835C44D7BF1AD385C1D519A9,,,False,,,,,,
"Opus, no spec",opus,questions-only,20260919T072458Z-2ec5e8c-74e6c1b4,q23,cell,9,annex1_commodity,soya,cattle,,,False,,,,,,
"Opus, no spec",opus,questions-only,20260919T072458Z-2ec5e8c-74e6c1b4,q23,cell,9,field_area_ha,113.34760696568287,6.6,16.166667,16.17388,False,113.3,16.166667,,,,
"Opus, no spec",opus,questions-only,20260919T072458Z-2ec5e8c-74e6c1b4,q23,cell,9,post2020_loss_ha,5.642639863972404,2.5,1.24,1.257056,False,5.6,1.24,,,,
"Opus, no spec",opus,questions-only,20260919T072458Z-2ec5e8c-74e6c1b4,q24,shape,,,,,,,,,,17,4,18,4
"Opus, no spec",opus,questions-only,20260919T072458Z-2ec5e8c-74e6c1b4,q25,cell,1,tier,mill_point,intake_point,,,False,,,,,,
"Opus, no spec",opus,questions-only,20260919T072458Z-2ec5e8c-74e6c1b4,q26,shape,,,,,,,,,,16,4,18,4
"Opus, no spec",opus,questions-only,20260919T072458Z-2ec5e8c-74e6c1b4,q27,shape,,,,,,,,,,17,3,18,3
"Opus, no spec",opus,questions-only,20260919T072458Z-2ec5e8c-74e6c1b4,q28,shape,,,,,,,,,,17,7,18,7
"Opus, no spec",opus,questions-only,20260919T072458Z-2ec5e8c-74e6c1b4,q29,cell,0,n_nearest_by_far,1,2,0.5,0.5,True,,,,,,
"Opus, no spec",opus,questions-only,20260919T072458Z-2ec5e8c-74e6c1b4,q30,shape,,,,,,,,,,17,8,18,8
"Opus, no spec",opus,questions-only,20260919T074411Z-2ec5e8c-6fb83e92,q31,cell,0,input_rows,120,119,0.008403,0.008403,True,,,,,,
"Opus, no spec",opus,questions-only,20260919T074411Z-2ec5e8c-6fb83e92,q31,cell,0,duplicates_removed,2,1,1.0,1.0,True,,,,,,
"Opus, no spec",opus,questions-only,20260919T082256Z-2ec5e8c-623f05d8,q10,cell,0,by_single_parcel_rule,788,766,0.028721,0.028721,True,,,,,,
"Opus, no spec",opus,questions-only,20260919T082256Z-2ec5e8c-623f05d8,q10,cell,0,by_aggregate_rule_only,10,27,0.62963,0.62963,True,,,,,,
"Opus, no spec",opus,questions-only,20260919T082256Z-2ec5e8c-623f05d8,q12,cell,0,n_excluded,74,79,0.063291,0.063291,True,,,,,,
"Opus, no spec",opus,questions-only,20260919T082256Z-2ec5e8c-623f05d8,q13,cell,1,n_fields,43,42,0.02381,0.02381,True,,,,,,
"Opus, no spec",opus,questions-only,20260919T082256Z-2ec5e8c-623f05d8,q13,cell,6,cod_imovel,GO-5212204-2B296F3D835C44D7BF1AD385C1D519A9,GO-5219258-021D6EEAC0FE4976868FEBAAD4C9056C,,,False,,,,,,
"Opus, no spec",opus,questions-only,20260919T082256Z-2ec5e8c-623f05d8,q13,cell,6,n_fields,27,29,0.068966,0.068966,True,,,,,,
"Opus, no spec",opus,questions-only,20260919T082256Z-2ec5e8c-623f05d8,q13,cell,7,cod_imovel,GO-5212204-CE5E071E653F445E8EA2609440D42C75,GO-5212204-2B296F3D835C44D7BF1AD385C1D519A9,,,False,,,,,,
"Opus, no spec",opus,questions-only,20260919T082256Z-2ec5e8c-623f05d8,q13,cell,7,n_fields,26,28,0.071429,0.071429,True,,,,,,
"Opus, no spec",opus,questions-only,20260919T082256Z-2ec5e8c-623f05d8,q13,cell,8,cod_imovel,GO-5212204-156094615E67476AB099D9F46F6C0655,GO-5212204-CE5E071E653F445E8EA2609440D42C75,,,False,,,,,,
"Opus, no spec",opus,questions-only,20260919T082256Z-2ec5e8c-623f05d8,q13,cell,8,n_fields,22,26,0.153846,0.153846,True,,,,,,
"Opus, no spec",opus,questions-only,20260919T082256Z-2ec5e8c-623f05d8,q13,cell,9,cod_imovel,GO-5212204-BC0DD19983DE40DDA0F0E5BF93136C61,GO-5212204-156094615E67476AB099D9F46F6C0655,,,False,,,,,,
"Opus, no spec",opus,questions-only,20260919T082256Z-2ec5e8c-623f05d8,q14,cell,0,matched_field_ha,37116.446803567036,36108.6,0.02791,0.027912,True,37116.4,0.02791,,,,
"Opus, no spec",opus,questions-only,20260919T082256Z-2ec5e8c-623f05d8,q15,cell,0,matched_field_ha,37116.446803567036,36108.6,0.02791,0.027912,True,37116.4,0.02791,,,,
"Opus, no spec",opus,questions-only,20260919T082256Z-2ec5e8c-623f05d8,q15,cell,0,post2020_loss_ha,120.57301754661,114.9,0.049374,0.049374,True,120.6,0.049608,,,,
"Opus, no spec",opus,questions-only,20260919T082256Z-2ec5e8c-623f05d8,q16,cell,0,caveat,Land-cover proxy for cattle grazing; not direct herd evidence,,,,False,,,,,,
"Opus, no spec",opus,questions-only,20260919T082256Z-2ec5e8c-623f05d8,q16,cell,1,annex1_commodity,,cattle,,,False,,,,,,
"Opus, no spec",opus,questions-only,20260919T082256Z-2ec5e8c-623f05d8,q16,cell,1,in_scope,false,True,,,False,,,,,,
"Opus, no spec",opus,questions-only,20260919T082256Z-2ec5e8c-623f05d8,q16,cell,1,caveat,Mixed agriculture and pasture; not attributable to a single Annex I commodity,assumed_pasture,,,False,,,,,,
"Opus, no spec",opus,questions-only,20260919T082256Z-2ec5e8c-623f05d8,q16,cell,2,annex1_commodity,soy,soya,,,False,,,,,,
"Opus, no spec",opus,questions-only,20260919T082256Z-2ec5e8c-623f05d8,q16,cell,3,caveat,Aggregated temporary-crop class outside EUDR Annex I,,,,False,,,,,,
"Opus, no spec",opus,questions-only,20260919T082256Z-2ec5e8c-623f05d8,q17,cell,0,n_fields,704,753,0.065073,0.065073,True,,,,,,
"Opus, no spec",opus,questions-only,20260919T082256Z-2ec5e8c-623f05d8,q17,cell,0,post2020_loss_ha,43.45158330747991,67.9,0.359352,0.360065,False,43.5,0.359352,,,,
"Opus, no spec",opus,questions-only,20260919T082256Z-2ec5e8c-623f05d8,q17,cell,1,annex1_commodity,soy,soya,,,False,,,,,,
"Opus, no spec",opus,questions-only,20260919T082256Z-2ec5e8c-623f05d8,q17,cell,1,n_fields,29,28,0.035714,0.035714,True,,,,,,
"Opus, no spec",opus,questions-only,20260919T082256Z-2ec5e8c-623f05d8,q17,cell,1,post2020_loss_ha,52.58655183817288,46.9,0.121248,0.121248,False,52.6,0.121535,,,,
"Opus, no spec",opus,questions-only,20260919T082256Z-2ec5e8c-623f05d8,q18,shape,,,,,,,,,,2,3,1,3
"Opus, no spec",opus,questions-only,20260919T082256Z-2ec5e8c-623f05d8,q19,cell,0,total_ha,31623.026870664453,32745.7,0.034285,0.034285,True,31623.0,0.034285,,,,
"Opus, no spec",opus,questions-only,20260919T082256Z-2ec5e8c-623f05d8,q19,cell,0,loss_share,0.0013740488374244903,0.0969,0.985552,0.98582,False,0.0014,0.985552,,,,
"Opus, no spec",opus,questions-only,20260919T082256Z-2ec5e8c-623f05d8,q19,cell,1,annex1_commodity,soy,soya,,,False,,,,,,
"Opus, no spec",opus,questions-only,20260919T082256Z-2ec5e8c-623f05d8,q19,cell,1,total_ha,2451.765148542479,2340.4,0.047584,0.047584,True,2451.8,0.047599,,,,
"Opus, no spec",opus,questions-only,20260919T082256Z-2ec5e8c-623f05d8,q19,cell,1,loss_share,0.021448445773623318,0.227,0.905513,0.905513,False,0.021,0.907489,,,,
"Opus, no spec",opus,questions-only,20260919T082256Z-2ec5e8c-623f05d8,q20,cell,0,post2020_loss_ha,52.58655183817288,46.9,0.121248,0.121248,False,52.6,0.121535,,,,
"Opus, no spec",opus,questions-only,20260919T082256Z-2ec5e8c-623f05d8,q20,cell,0,n_fields_post2020_loss,3,2,0.5,0.5,True,,,,,,
"Opus, no spec",opus,questions-only,20260919T082256Z-2ec5e8c-623f05d8,q20,cell,1,post2020_loss_ha,27.019549044808553,29.5,0.084083,0.084083,False,27.0,0.084746,,,,
"Opus, no spec",opus,questions-only,20260919T082256Z-2ec5e8c-623f05d8,q20,cell,1,n_fields_post2020_loss,11,12,0.083333,0.083333,True,,,,,,
"Opus, no spec",opus,questions-only,20260919T082256Z-2ec5e8c-623f05d8,q20,cell,2,post2020_loss_ha,2.570325352631277,13.3,0.804511,0.806742,False,2.6,0.804511,,,,
"Opus, no spec",opus,questions-only,20260919T082256Z-2ec5e8c-623f05d8,q20,cell,2,n_fields_post2020_loss,4,5,0.2,0.2,True,,,,,,
"Opus, no spec",opus,questions-only,20260919T082256Z-2ec5e8c-623f05d8,q20,cell,3,cod_imovel,GO-5212204-3EC9EBA0E8B64C978796D37DE35E549F,GO-5212204-5A626DA1611C4A4885618BD646CF0010,,,False,,,,,,
"Opus, no spec",opus,questions-only,20260919T082256Z-2ec5e8c-623f05d8,q20,cell,3,post2020_loss_ha,3.0036766976918647,10.8,0.721882,0.721882,False,3.0,0.722222,,,,
"Opus, no spec",opus,questions-only,20260919T082256Z-2ec5e8c-623f05d8,q20,cell,5,cod_imovel,GO-5212204-8AE07816A270436D856E6EC821DE0A7B,GO-5212204-3EC9EBA0E8B64C978796D37DE35E549F,,,False,,,,,,
"Opus, no spec",opus,questions-only,20260919T082256Z-2ec5e8c-623f05d8,q20,cell,5,post2020_loss_ha,0.48588260801310973,3.0,0.833333,0.838039,False,0.5,0.833333,,,,
"Opus, no spec",opus,questions-only,20260919T082256Z-2ec5e8c-623f05d8,q20,cell,6,cod_imovel,GO-5212204-57B761BC972B4CF1ACB6FB3191344583,GO-5212204-BC0DD19983DE40DDA0F0E5BF93136C61,,,False,,,,,,
"Opus, no spec",opus,questions-only,20260919T082256Z-2ec5e8c-623f05d8,q20,cell,6,post2020_loss_ha,2.481839554175935,2.9,0.137931,0.144193,False,2.5,0.137931,,,,
"Opus, no spec",opus,questions-only,20260919T082256Z-2ec5e8c-623f05d8,q20,cell,6,n_fields_post2020_loss,1,2,0.5,0.5,True,,,,,,
"Opus, no spec",opus,questions-only,20260919T082256Z-2ec5e8c-623f05d8,q21,cell,0,cleared_ha,774.9573618118335,761.4,0.017806,0.017806,False,775.0,0.017862,,,,
"Opus, no spec",opus,questions-only,20260919T082256Z-2ec5e8c-623f05d8,q21,cell,0,pct_of_loss,42.21091602273943,42.0,0.004762,0.005022,True,42.2,0.004762,,,,
"Opus, no spec",opus,questions-only,20260919T082256Z-2ec5e8c-623f05d8,q21,cell,1,cleared_ha,422.0148464816804,418.5,0.008363,0.008399,True,422.0,0.008363,,,,
"Opus, no spec",opus,questions-only,20260919T082256Z-2ec5e8c-623f05d8,q21,cell,1,pct_of_loss,22.986597873642488,23.1,0.004329,0.004909,True,23.0,0.004329,,,,
"Opus, no spec",opus,questions-only,20260919T082256Z-2ec5e8c-623f05d8,q21,cell,2,cleared_ha,326.3602977521994,326.0,0.001105,0.001105,True,326.4,0.001227,,,,
"Opus, no spec",opus,questions-only,20260919T082256Z-2ec5e8c-623f05d8,q21,cell,2,pct_of_loss,17.776419452763715,18.0,0.011111,0.012421,False,17.8,0.011111,,,,
"Opus, no spec",opus,questions-only,20260919T082256Z-2ec5e8c-623f05d8,q21,cell,3,cleared_ha,192.0114259340896,190.0,0.010526,0.010586,False,192.0,0.010526,,,,
"Opus, no spec",opus,questions-only,20260919T082256Z-2ec5e8c-623f05d8,q21,cell,4,cleared_ha,120.57301754661,114.9,0.049374,0.049374,False,120.6,0.049608,,,,
"Opus, no spec",opus,questions-only,20260919T082256Z-2ec5e8c-623f05d8,q21,cell,4,pct_of_loss,6.567454893736486,6.3,0.042453,0.042453,False,6.6,0.047619,,,,
"Opus, no spec",opus,questions-only,20260919T082256Z-2ec5e8c-623f05d8,q22,cell,1,n_fields,19,18,0.055556,0.055556,True,,,,,,
"Opus, no spec",opus,questions-only,20260919T082256Z-2ec5e8c-623f05d8,q22,cell,1,cleared_ha,293.5177862588057,280.0,0.048214,0.048278,False,293.5,0.048214,,,,
"Opus, no spec",opus,questions-only,20260919T082256Z-2ec5e8c-623f05d8,q22,cell,10,n_fields,16,15,0.066667,0.066667,True,,,,,,
"Opus, no spec",opus,questions-only,20260919T082256Z-2ec5e8c-623f05d8,q22,cell,10,cleared_ha,122.55045053227444,122.2,0.002868,0.002868,True,122.6,0.003273,,,,
"Opus, no spec",opus,questions-only,20260919T082256Z-2ec5e8c-623f05d8,q22,cell,19,n_fields,5,4,0.25,0.25,True,,,,,,
"Opus, no spec",opus,questions-only,20260919T082256Z-2ec5e8c-623f05d8,q22,cell,19,cleared_ha,27.41969480324895,24.1,0.136929,0.137747,False,27.4,0.136929,,,,
"Opus, no spec",opus,questions-only,20260919T082256Z-2ec5e8c-623f05d8,q22,cell,22,n_fields,3,2,0.5,0.5,True,,,,,,
"Opus, no spec",opus,questions-only,20260919T082256Z-2ec5e8c-623f05d8,q22,cell,22,cleared_ha,11.70604099241896,3.9,2.0,2.001549,False,11.7,2.0,,,,
"Opus, no spec",opus,questions-only,20260919T082256Z-2ec5e8c-623f05d8,q23,cell,0,annex1_commodity,soy,soya,,,False,,,,,,
"Opus, no spec",opus,questions-only,20260919T082256Z-2ec5e8c-623f05d8,q23,cell,2,field_id,4668028,4533274,0.029726,0.029726,True,,,,,,
"Opus, no spec",opus,questions-only,20260919T082256Z-2ec5e8c-623f05d8,q23,cell,2,cod_imovel,GO-5212204-2B296F3D835C44D7BF1AD385C1D519A9,GO-5212204-5A626DA1611C4A4885618BD646CF0010,,,False,,,,,,
"Opus, no spec",opus,questions-only,20260919T082256Z-2ec5e8c-623f05d8,q23,cell,2,field_area_ha,27.53375424848075,14.6,0.883562,0.885874,False,27.5,0.883562,,,,
"Opus, no spec",opus,questions-only,20260919T082256Z-2ec5e8c-623f05d8,q23,cell,2,post2020_loss_ha,9.535685592774282,10.8,0.117066,0.117066,False,9.5,0.12037,,,,
"Opus, no spec",opus,questions-only,20260919T082256Z-2ec5e8c-623f05d8,q23,cell,3,field_id,4894338,4903857,0.001941,0.001941,True,,,,,,
"Opus, no spec",opus,questions-only,20260919T082256Z-2ec5e8c-623f05d8,q23,cell,3,field_area_ha,272.96042721700104,10.7,24.51032,24.51032,False,273.0,24.514019,,,,
"Opus, no spec",opus,questions-only,20260919T082256Z-2ec5e8c-623f05d8,q23,cell,3,post2020_loss_ha,1.5236911945234863,10.7,0.857599,0.857599,False,1.5,0.859813,,,,
"Opus, no spec",opus,questions-only,20260919T082256Z-2ec5e8c-623f05d8,q23,cell,4,field_id,4679025,4668028,0.002356,0.002356,True,,,,,,
"Opus, no spec",opus,questions-only,20260919T082256Z-2ec5e8c-623f05d8,q23,cell,4,field_area_ha,5.016002917814786,27.6,0.818261,0.818261,False,5.0,0.818841,,,,
"Opus, no spec",opus,questions-only,20260919T082256Z-2ec5e8c-623f05d8,q23,cell,4,post2020_loss_ha,3.118739976368598,9.5,0.671712,0.671712,False,3.1,0.673684,,,,
"Opus, no spec",opus,questions-only,20260919T082256Z-2ec5e8c-623f05d8,q23,cell,5,field_id,4659940,4679025,0.004079,0.004079,True,,,,,,
"Opus, no spec",opus,questions-only,20260919T082256Z-2ec5e8c-623f05d8,q23,cell,5,cod_imovel,GO-5219258-E7F86639E6404DC4AD9B8DBFAFFB112B,GO-5212204-2B296F3D835C44D7BF1AD385C1D519A9,,,False,,,,,,
"Opus, no spec",opus,questions-only,20260919T082256Z-2ec5e8c-623f05d8,q23,cell,5,field_area_ha,7.368014702373159,5.0,0.473603,0.473603,False,7.4,0.48,,,,
"Opus, no spec",opus,questions-only,20260919T082256Z-2ec5e8c-623f05d8,q23,cell,6,field_id,4766627,4659940,0.022895,0.022895,True,,,,,,
"Opus, no spec",opus,questions-only,20260919T082256Z-2ec5e8c-623f05d8,q23,cell,6,cod_imovel,GO-5212204-3EC9EBA0E8B64C978796D37DE35E549F,GO-5219258-E7F86639E6404DC4AD9B8DBFAFFB112B,,,False,,,,,,
"Opus, no spec",opus,questions-only,20260919T082256Z-2ec5e8c-623f05d8,q23,cell,6,field_area_ha,125.07547629845988,7.4,15.902091,15.902091,False,125.1,15.905405,,,,
"Opus, no spec",opus,questions-only,20260919T082256Z-2ec5e8c-623f05d8,q23,cell,6,post2020_loss_ha,2.716818316042302,3.1,0.123607,0.123607,False,2.7,0.129032,,,,
"Opus, no spec",opus,questions-only,20260919T082256Z-2ec5e8c-623f05d8,q23,cell,7,field_id,4685105,4745030,0.012629,0.012629,True,,,,,,
"Opus, no spec",opus,questions-only,20260919T082256Z-2ec5e8c-623f05d8,q23,cell,7,cod_imovel,GO-5212204-57B761BC972B4CF1ACB6FB3191344583,GO-5212204-BC0DD19983DE40DDA0F0E5BF93136C61,,,False,,,,,,
"Opus, no spec",opus,questions-only,20260919T082256Z-2ec5e8c-623f05d8,q23,cell,7,field_area_ha,6.580241637587376,7.8,0.153846,0.156379,False,6.6,0.153846,,,,
"Opus, no spec",opus,questions-only,20260919T082256Z-2ec5e8c-623f05d8,q23,cell,7,post2020_loss_ha,2.481839554175935,2.8,0.107143,0.113629,False,2.5,0.107143,,,,
"Opus, no spec",opus,questions-only,20260919T082256Z-2ec5e8c-623f05d8,q23,cell,8,field_id,4681776,4766627,0.017801,0.017801,True,,,,,,
"Opus, no spec",opus,questions-only,20260919T082256Z-2ec5e8c-623f05d8,q23,cell,8,cod_imovel,GO-5212204-B09F3674DFFF46D7AB8D2101F77AFC10,GO-5212204-3EC9EBA0E8B64C978796D37DE35E549F,,,False,,,,,,
"Opus, no spec",opus,questions-only,20260919T082256Z-2ec5e8c-623f05d8,q23,cell,8,field_area_ha,28.50180871200062,125.2,0.77235,0.77235,False,28.5,0.772364,,,,
"Opus, no spec",opus,questions-only,20260919T082256Z-2ec5e8c-623f05d8,q23,cell,8,post2020_loss_ha,1.1992123598349458,2.7,0.555556,0.555847,False,1.2,0.555556,,,,
"Opus, no spec",opus,questions-only,20260919T082256Z-2ec5e8c-623f05d8,q23,cell,9,field_id,4984281,4685105,0.063857,0.063857,True,,,,,,
"Opus, no spec",opus,questions-only,20260919T082256Z-2ec5e8c-623f05d8,q23,cell,9,cod_imovel,GO-5212204-8F9A53F42FEE4187BBBC3E66F68CEEBE,GO-5212204-2B296F3D835C44D7BF1AD385C1D519A9,,,False,,,,,,
"Opus, no spec",opus,questions-only,20260919T082256Z-2ec5e8c-623f05d8,q23,cell,9,annex1_commodity,soy,cattle,,,False,,,,,,
"Opus, no spec",opus,questions-only,20260919T082256Z-2ec5e8c-623f05d8,q23,cell,9,field_area_ha,113.14028264160622,6.6,16.136364,16.142467,False,113.1,16.136364,,,,
"Opus, no spec",opus,questions-only,20260919T082256Z-2ec5e8c-623f05d8,q23,cell,9,post2020_loss_ha,5.642639863972404,2.5,1.24,1.257056,False,5.6,1.24,,,,
"Opus, no spec",opus,questions-only,20260919T082256Z-2ec5e8c-623f05d8,q24,cell,9,dominant_mb,15,21,0.285714,0.285714,True,,,,,,
"Opus, no spec",opus,questions-only,20260919T082256Z-2ec5e8c-623f05d8,q24,cell,12,annex1_commodity,soy,soya,,,False,,,,,,
"Opus, no spec",opus,questions-only,20260919T082256Z-2ec5e8c-623f05d8,q24,cell,14,cod_imovel,GO-5212204-57B761BC972B4CF1ACB6FB3191344583,GO-5212204-BC0DD19983DE40DDA0F0E5BF93136C61,,,False,,,,,,
"Opus, no spec",opus,questions-only,20260919T082256Z-2ec5e8c-623f05d8,q25,cell,1,annex1_commodity,soy,soya,,,False,,,,,,
"Opus, no spec",opus,questions-only,20260919T082256Z-2ec5e8c-623f05d8,q26,cell,14,cod_imovel,GO-5212204-57B761BC972B4CF1ACB6FB3191344583,GO-5212204-BC0DD19983DE40DDA0F0E5BF93136C61,,,False,,,,,,
"Opus, no spec",opus,questions-only,20260919T082256Z-2ec5e8c-623f05d8,q26,cell,14,distance_km,16.44348179444634,19.4,0.152398,0.152398,False,16.4,0.154639,,,,
"Opus, no spec",opus,questions-only,20260919T082256Z-2ec5e8c-623f05d8,q27,cell,14,cod_imovel,GO-5212204-57B761BC972B4CF1ACB6FB3191344583,GO-5212204-BC0DD19983DE40DDA0F0E5BF93136C61,,,False,,,,,,
"Opus, no spec",opus,questions-only,20260919T082256Z-2ec5e8c-623f05d8,q28,shape,,,,,,,,,,18,8,18,7
"Opus, no spec",opus,questions-only,20260919T082256Z-2ec5e8c-623f05d8,q29,cell,0,n_nearest_by_far,1,2,0.5,0.5,True,,,,,,
"Opus, no spec",opus,questions-only,20260919T082256Z-2ec5e8c-623f05d8,q30,cell,0,annex1_commodity,soy,soya,,,False,,,,,,
"Opus, no spec",opus,questions-only,20260919T082256Z-2ec5e8c-623f05d8,q30,cell,0,post2020_loss_ha,52.58655183817288,46.9,0.121248,0.121248,False,52.6,0.121535,,,,
"Opus, no spec",opus,questions-only,20260919T082256Z-2ec5e8c-623f05d8,q30,cell,1,post2020_loss_ha,27.019549044808553,29.5,0.084083,0.084083,True,27.0,0.084746,,,,
"Opus, no spec",opus,questions-only,20260919T082256Z-2ec5e8c-623f05d8,q30,cell,2,post2020_loss_ha,2.570325352631277,13.3,0.804511,0.806742,False,2.6,0.804511,,,,
"Opus, no spec",opus,questions-only,20260919T082256Z-2ec5e8c-623f05d8,q30,cell,3,post2020_loss_ha,0.034627192450505245,10.8,0.996794,0.996794,False,0.0,1.0,,,,
"Opus, no spec",opus,questions-only,20260919T082256Z-2ec5e8c-623f05d8,q30,cell,6,cod_imovel,GO-5212204-156094615E67476AB099D9F46F6C0655,GO-5212204-BC0DD19983DE40DDA0F0E5BF93136C61,,,False,,,,,,
"Opus, no spec",opus,questions-only,20260919T082256Z-2ec5e8c-623f05d8,q30,cell,6,post2020_loss_ha,0.311626927452796,2.9,0.892542,0.892542,False,0.3,0.896552,,,,
"Opus, no spec",opus,questions-only,20260919T082256Z-2ec5e8c-623f05d8,q30,cell,12,cod_imovel,GO-5212204-50D789C6D210454F80F32B313D791784,GO-5212204-156094615E67476AB099D9F46F6C0655,,,False,,,,,,
"Opus, no spec",opus,questions-only,20260919T082256Z-2ec5e8c-623f05d8,q30,cell,13,cod_imovel,GO-5212204-294B806F6169468E98BB3456EC5158A4,GO-5212204-50D789C6D210454F80F32B313D791784,,,False,,,,,,
"Opus, no spec",opus,questions-only,20260919T082256Z-2ec5e8c-623f05d8,q30,cell,13,post2020_loss_ha,0.04921194294579322,0.3,0.83596,0.83596,False,0.0,1.0,,,,
"Opus, no spec",opus,questions-only,20260919T082256Z-2ec5e8c-623f05d8,q30,cell,14,entity_id,5212204,5484,949.438366,949.438366,False,,,,,,
"Opus, no spec",opus,questions-only,20260919T082256Z-2ec5e8c-623f05d8,q30,cell,14,entity_kind,cooperative,buyer,,,False,,,,,,
"Opus, no spec",opus,questions-only,20260919T082256Z-2ec5e8c-623f05d8,q30,cell,14,tier,membership_muni,slaughter_point,,,False,,,,,,
"Opus, no spec",opus,questions-only,20260919T082256Z-2ec5e8c-623f05d8,q30,cell,14,distance_km,,9.6,,,False,,,,,,
"Opus, no spec",opus,questions-only,20260919T082256Z-2ec5e8c-623f05d8,q30,cell,16,cod_imovel,GO-5212204-5A18ED37BE2448B2BF618ECD096BF499,GO-5212204-294B806F6169468E98BB3456EC5158A4,,,False,,,,,,
"Opus, no spec",opus,questions-only,20260919T082256Z-2ec5e8c-623f05d8,q30,cell,17,cod_imovel,GO-5212204-57B761BC972B4CF1ACB6FB3191344583,GO-5212204-5A18ED37BE2448B2BF618ECD096BF499,,,False,,,,,,
"Opus, no spec",opus,questions-only,20260919T082256Z-2ec5e8c-623f05d8,q30,cell,17,post2020_loss_ha,2.481839554175935,0.0,,,False,2.5,,,,,
"Opus, no spec",opus,questions-only,20260919T084026Z-2ec5e8c-4da909fb,q10,cell,0,by_single_parcel_rule,788,766,0.028721,0.028721,True,,,,,,
"Opus, no spec",opus,questions-only,20260919T084026Z-2ec5e8c-4da909fb,q10,cell,0,by_aggregate_rule_only,10,27,0.62963,0.62963,True,,,,,,
"Opus, no spec",opus,questions-only,20260919T084026Z-2ec5e8c-4da909fb,q12,cell,0,n_excluded,74,79,0.063291,0.063291,True,,,,,,
"Opus, no spec",opus,questions-only,20260919T084026Z-2ec5e8c-4da909fb,q13,cell,1,n_fields,43,42,0.02381,0.02381,True,,,,,,
"Opus, no spec",opus,questions-only,20260919T084026Z-2ec5e8c-4da909fb,q13,cell,6,cod_imovel,GO-5212204-2B296F3D835C44D7BF1AD385C1D519A9,GO-5219258-021D6EEAC0FE4976868FEBAAD4C9056C,,,False,,,,,,
"Opus, no spec",opus,questions-only,20260919T084026Z-2ec5e8c-4da909fb,q13,cell,6,n_fields,27,29,0.068966,0.068966,True,,,,,,
"Opus, no spec",opus,questions-only,20260919T084026Z-2ec5e8c-4da909fb,q13,cell,7,cod_imovel,GO-5212204-CE5E071E653F445E8EA2609440D42C75,GO-5212204-2B296F3D835C44D7BF1AD385C1D519A9,,,False,,,,,,
"Opus, no spec",opus,questions-only,20260919T084026Z-2ec5e8c-4da909fb,q13,cell,7,n_fields,26,28,0.071429,0.071429,True,,,,,,
"Opus, no spec",opus,questions-only,20260919T084026Z-2ec5e8c-4da909fb,q13,cell,8,cod_imovel,GO-5212204-156094615E67476AB099D9F46F6C0655,GO-5212204-CE5E071E653F445E8EA2609440D42C75,,,False,,,,,,
"Opus, no spec",opus,questions-only,20260919T084026Z-2ec5e8c-4da909fb,q13,cell,8,n_fields,22,26,0.153846,0.153846,True,,,,,,
"Opus, no spec",opus,questions-only,20260919T084026Z-2ec5e8c-4da909fb,q13,cell,9,cod_imovel,GO-5212204-BC0DD19983DE40DDA0F0E5BF93136C61,GO-5212204-156094615E67476AB099D9F46F6C0655,,,False,,,,,,
"Opus, no spec",opus,questions-only,20260919T084026Z-2ec5e8c-4da909fb,q14,cell,0,matched_field_ha,37116.446804,36108.6,0.02791,0.027912,True,37116.4,0.02791,,,,
"Opus, no spec",opus,questions-only,20260919T084026Z-2ec5e8c-4da909fb,q15,cell,0,matched_field_ha,37116.4468,36108.6,0.02791,0.027912,True,37116.4,0.02791,,,,
"Opus, no spec",opus,questions-only,20260919T084026Z-2ec5e8c-4da909fb,q15,cell,0,post2020_loss_ha,120.573018,114.9,0.049374,0.049374,True,120.6,0.049608,,,,
"Opus, no spec",opus,questions-only,20260919T084026Z-2ec5e8c-4da909fb,q16,cell,0,caveat,"pasture is a land-cover proxy for cattle, not direct herd evidence",,,,False,,,,,,
"Opus, no spec",opus,questions-only,20260919T084026Z-2ec5e8c-4da909fb,q16,cell,1,annex1_commodity,,cattle,,,False,,,,,,
"Opus, no spec",opus,questions-only,20260919T084026Z-2ec5e8c-4da909fb,q16,cell,1,in_scope,false,True,,,False,,,,,,
"Opus, no spec",opus,questions-only,20260919T084026Z-2ec5e8c-4da909fb,q16,cell,1,caveat,mixed agriculture and pasture; does not resolve to a single Annex 1 commodity,assumed_pasture,,,False,,,,,,
"Opus, no spec",opus,questions-only,20260919T084026Z-2ec5e8c-4da909fb,q16,cell,3,caveat,unspecified annual crops; not an Annex 1 commodity,,,,False,,,,,,
"Opus, no spec",opus,questions-only,20260919T084026Z-2ec5e8c-4da909fb,q17,cell,0,n_fields,704,753,0.065073,0.065073,True,,,,,,
"Opus, no spec",opus,questions-only,20260919T084026Z-2ec5e8c-4da909fb,q17,cell,0,post2020_loss_ha,43.451583,67.9,0.359352,0.360065,False,43.5,0.359352,,,,
"Opus, no spec",opus,questions-only,20260919T084026Z-2ec5e8c-4da909fb,q17,cell,1,n_fields,29,28,0.035714,0.035714,True,,,,,,
"Opus, no spec",opus,questions-only,20260919T084026Z-2ec5e8c-4da909fb,q17,cell,1,post2020_loss_ha,52.586552,46.9,0.121248,0.121248,False,52.6,0.121535,,,,
"Opus, no spec",opus,questions-only,20260919T084026Z-2ec5e8c-4da909fb,q18,shape,,,,,,,,,,2,3,1,3
"Opus, no spec",opus,questions-only,20260919T084026Z-2ec5e8c-4da909fb,q19,cell,0,total_ha,31623.026871,32745.7,0.034285,0.034285,True,31623.0,0.034285,,,,
"Opus, no spec",opus,questions-only,20260919T084026Z-2ec5e8c-4da909fb,q19,cell,0,loss_share,0.001374,0.0969,0.985552,0.98582,False,0.0014,0.985552,,,,
"Opus, no spec",opus,questions-only,20260919T084026Z-2ec5e8c-4da909fb,q19,cell,1,total_ha,2451.765149,2340.4,0.047584,0.047584,True,2451.8,0.047599,,,,
"Opus, no spec",opus,questions-only,20260919T084026Z-2ec5e8c-4da909fb,q19,cell,1,loss_share,0.021448,0.227,0.905515,0.905515,False,0.021,0.907489,,,,
"Opus, no spec",opus,questions-only,20260919T084026Z-2ec5e8c-4da909fb,q20,cell,0,post2020_loss_ha,52.586552,46.9,0.121248,0.121248,False,52.6,0.121535,,,,
"Opus, no spec",opus,questions-only,20260919T084026Z-2ec5e8c-4da909fb,q20,cell,0,n_fields_post2020_loss,3,2,0.5,0.5,True,,,,,,
"Opus, no spec",opus,questions-only,20260919T084026Z-2ec5e8c-4da909fb,q20,cell,1,post2020_loss_ha,27.019549,29.5,0.084083,0.084083,False,27.0,0.084746,,,,
"Opus, no spec",opus,questions-only,20260919T084026Z-2ec5e8c-4da909fb,q20,cell,1,n_fields_post2020_loss,11,12,0.083333,0.083333,True,,,,,,
"Opus, no spec",opus,questions-only,20260919T084026Z-2ec5e8c-4da909fb,q20,cell,2,post2020_loss_ha,2.570325,13.3,0.804511,0.806742,False,2.6,0.804511,,,,
"Opus, no spec",opus,questions-only,20260919T084026Z-2ec5e8c-4da909fb,q20,cell,2,n_fields_post2020_loss,4,5,0.2,0.2,True,,,,,,
"Opus, no spec",opus,questions-only,20260919T084026Z-2ec5e8c-4da909fb,q20,cell,3,cod_imovel,GO-5212204-3EC9EBA0E8B64C978796D37DE35E549F,GO-5212204-5A626DA1611C4A4885618BD646CF0010,,,False,,,,,,
"Opus, no spec",opus,questions-only,20260919T084026Z-2ec5e8c-4da909fb,q20,cell,3,post2020_loss_ha,3.003677,10.8,0.721882,0.721882,False,3.0,0.722222,,,,
"Opus, no spec",opus,questions-only,20260919T084026Z-2ec5e8c-4da909fb,q20,cell,5,cod_imovel,GO-5212204-8AE07816A270436D856E6EC821DE0A7B,GO-5212204-3EC9EBA0E8B64C978796D37DE35E549F,,,False,,,,,,
"Opus, no spec",opus,questions-only,20260919T084026Z-2ec5e8c-4da909fb,q20,cell,5,post2020_loss_ha,0.485883,3.0,0.833333,0.838039,False,0.5,0.833333,,,,
"Opus, no spec",opus,questions-only,20260919T084026Z-2ec5e8c-4da909fb,q20,cell,6,cod_imovel,GO-5212204-57B761BC972B4CF1ACB6FB3191344583,GO-5212204-BC0DD19983DE40DDA0F0E5BF93136C61,,,False,,,,,,
"Opus, no spec",opus,questions-only,20260919T084026Z-2ec5e8c-4da909fb,q20,cell,6,post2020_loss_ha,2.48184,2.9,0.137931,0.144193,False,2.5,0.137931,,,,
"Opus, no spec",opus,questions-only,20260919T084026Z-2ec5e8c-4da909fb,q20,cell,6,n_fields_post2020_loss,1,2,0.5,0.5,True,,,,,,
"Opus, no spec",opus,questions-only,20260919T084026Z-2ec5e8c-4da909fb,q21,cell,0,cleared_ha,774.957362,761.4,0.017806,0.017806,False,775.0,0.017862,,,,
"Opus, no spec",opus,questions-only,20260919T084026Z-2ec5e8c-4da909fb,q21,cell,0,pct_of_loss,42.210916,42.0,0.004762,0.005022,True,42.2,0.004762,,,,
"Opus, no spec",opus,questions-only,20260919T084026Z-2ec5e8c-4da909fb,q21,cell,1,cleared_ha,422.014846,418.5,0.008363,0.008399,True,422.0,0.008363,,,,
"Opus, no spec",opus,questions-only,20260919T084026Z-2ec5e8c-4da909fb,q21,cell,1,pct_of_loss,22.986598,23.1,0.004329,0.004909,True,23.0,0.004329,,,,
"Opus, no spec",opus,questions-only,20260919T084026Z-2ec5e8c-4da909fb,q21,cell,2,cleared_ha,326.360298,326.0,0.001105,0.001105,True,326.4,0.001227,,,,
"Opus, no spec",opus,questions-only,20260919T084026Z-2ec5e8c-4da909fb,q21,cell,2,pct_of_loss,17.776419,18.0,0.011111,0.012421,False,17.8,0.011111,,,,
"Opus, no spec",opus,questions-only,20260919T084026Z-2ec5e8c-4da909fb,q21,cell,3,cleared_ha,192.011426,190.0,0.010526,0.010586,False,192.0,0.010526,,,,
"Opus, no spec",opus,questions-only,20260919T084026Z-2ec5e8c-4da909fb,q21,cell,4,cleared_ha,120.573018,114.9,0.049374,0.049374,False,120.6,0.049608,,,,
"Opus, no spec",opus,questions-only,20260919T084026Z-2ec5e8c-4da909fb,q21,cell,4,pct_of_loss,6.567455,6.3,0.042453,0.042453,False,6.6,0.047619,,,,
"Opus, no spec",opus,questions-only,20260919T084026Z-2ec5e8c-4da909fb,q22,cell,1,n_fields,19,18,0.055556,0.055556,True,,,,,,
"Opus, no spec",opus,questions-only,20260919T084026Z-2ec5e8c-4da909fb,q22,cell,1,cleared_ha,293.517786,280.0,0.048214,0.048278,False,293.5,0.048214,,,,
"Opus, no spec",opus,questions-only,20260919T084026Z-2ec5e8c-4da909fb,q22,cell,10,n_fields,16,15,0.066667,0.066667,True,,,,,,
"Opus, no spec",opus,questions-only,20260919T084026Z-2ec5e8c-4da909fb,q22,cell,10,cleared_ha,122.550451,122.2,0.002868,0.002868,True,122.6,0.003273,,,,
"Opus, no spec",opus,questions-only,20260919T084026Z-2ec5e8c-4da909fb,q22,cell,19,n_fields,5,4,0.25,0.25,True,,,,,,
"Opus, no spec",opus,questions-only,20260919T084026Z-2ec5e8c-4da909fb,q22,cell,19,cleared_ha,27.419695,24.1,0.136929,0.137747,False,27.4,0.136929,,,,
"Opus, no spec",opus,questions-only,20260919T084026Z-2ec5e8c-4da909fb,q22,cell,22,n_fields,3,2,0.5,0.5,True,,,,,,
"Opus, no spec",opus,questions-only,20260919T084026Z-2ec5e8c-4da909fb,q22,cell,22,cleared_ha,11.706041,3.9,2.0,2.001549,False,11.7,2.0,,,,
"Opus, no spec",opus,questions-only,20260919T084026Z-2ec5e8c-4da909fb,q23,cell,2,field_id,4668028,4533274,0.029726,0.029726,True,,,,,,
"Opus, no spec",opus,questions-only,20260919T084026Z-2ec5e8c-4da909fb,q23,cell,2,cod_imovel,GO-5212204-2B296F3D835C44D7BF1AD385C1D519A9,GO-5212204-5A626DA1611C4A4885618BD646CF0010,,,False,,,,,,
"Opus, no spec",opus,questions-only,20260919T084026Z-2ec5e8c-4da909fb,q23,cell,2,field_area_ha,27.533754,14.6,0.883562,0.885874,False,27.5,0.883562,,,,
"Opus, no spec",opus,questions-only,20260919T084026Z-2ec5e8c-4da909fb,q23,cell,2,post2020_loss_ha,9.535686,10.8,0.117066,0.117066,False,9.5,0.12037,,,,
"Opus, no spec",opus,questions-only,20260919T084026Z-2ec5e8c-4da909fb,q23,cell,3,field_id,4894338,4903857,0.001941,0.001941,True,,,,,,
"Opus, no spec",opus,questions-only,20260919T084026Z-2ec5e8c-4da909fb,q23,cell,3,field_area_ha,272.960427,10.7,24.51032,24.51032,False,273.0,24.514019,,,,
"Opus, no spec",opus,questions-only,20260919T084026Z-2ec5e8c-4da909fb,q23,cell,3,post2020_loss_ha,1.523691,10.7,0.857599,0.857599,False,1.5,0.859813,,,,
"Opus, no spec",opus,questions-only,20260919T084026Z-2ec5e8c-4da909fb,q23,cell,4,field_id,4679025,4668028,0.002356,0.002356,True,,,,,,
"Opus, no spec",opus,questions-only,20260919T084026Z-2ec5e8c-4da909fb,q23,cell,4,field_area_ha,5.016003,27.6,0.818261,0.818261,False,5.0,0.818841,,,,
"Opus, no spec",opus,questions-only,20260919T084026Z-2ec5e8c-4da909fb,q23,cell,4,post2020_loss_ha,3.11874,9.5,0.671712,0.671712,False,3.1,0.673684,,,,
"Opus, no spec",opus,questions-only,20260919T084026Z-2ec5e8c-4da909fb,q23,cell,5,field_id,4659940,4679025,0.004079,0.004079,True,,,,,,
"Opus, no spec",opus,questions-only,20260919T084026Z-2ec5e8c-4da909fb,q23,cell,5,cod_imovel,GO-5219258-E7F86639E6404DC4AD9B8DBFAFFB112B,GO-5212204-2B296F3D835C44D7BF1AD385C1D519A9,,,False,,,,,,
"Opus, no spec",opus,questions-only,20260919T084026Z-2ec5e8c-4da909fb,q23,cell,5,field_area_ha,7.368015,5.0,0.473603,0.473603,False,7.4,0.48,,,,
"Opus, no spec",opus,questions-only,20260919T084026Z-2ec5e8c-4da909fb,q23,cell,6,field_id,4766627,4659940,0.022895,0.022895,True,,,,,,
"Opus, no spec",opus,questions-only,20260919T084026Z-2ec5e8c-4da909fb,q23,cell,6,cod_imovel,GO-5212204-3EC9EBA0E8B64C978796D37DE35E549F,GO-5219258-E7F86639E6404DC4AD9B8DBFAFFB112B,,,False,,,,,,
"Opus, no spec",opus,questions-only,20260919T084026Z-2ec5e8c-4da909fb,q23,cell,6,field_area_ha,125.075476,7.4,15.902091,15.902091,False,125.1,15.905405,,,,
"Opus, no spec",opus,questions-only,20260919T084026Z-2ec5e8c-4da909fb,q23,cell,6,post2020_loss_ha,2.716818,3.1,0.123607,0.123607,False,2.7,0.129032,,,,
"Opus, no spec",opus,questions-only,20260919T084026Z-2ec5e8c-4da909fb,q23,cell,7,field_id,4685105,4745030,0.012629,0.012629,True,,,,,,
"Opus, no spec",opus,questions-only,20260919T084026Z-2ec5e8c-4da909fb,q23,cell,7,cod_imovel,GO-5212204-57B761BC972B4CF1ACB6FB3191344583,GO-5212204-BC0DD19983DE40DDA0F0E5BF93136C61,,,False,,,,,,
"Opus, no spec",opus,questions-only,20260919T084026Z-2ec5e8c-4da909fb,q23,cell,7,field_area_ha,6.580242,7.8,0.153846,0.156379,False,6.6,0.153846,,,,
"Opus, no spec",opus,questions-only,20260919T084026Z-2ec5e8c-4da909fb,q23,cell,7,post2020_loss_ha,2.48184,2.8,0.107143,0.113629,False,2.5,0.107143,,,,
"Opus, no spec",opus,questions-only,20260919T084026Z-2ec5e8c-4da909fb,q23,cell,8,field_id,4681776,4766627,0.017801,0.017801,True,,,,,,
"Opus, no spec",opus,questions-only,20260919T084026Z-2ec5e8c-4da909fb,q23,cell,8,cod_imovel,GO-5212204-B09F3674DFFF46D7AB8D2101F77AFC10,GO-5212204-3EC9EBA0E8B64C978796D37DE35E549F,,,False,,,,,,
"Opus, no spec",opus,questions-only,20260919T084026Z-2ec5e8c-4da909fb,q23,cell,8,field_area_ha,28.501809,125.2,0.77235,0.77235,False,28.5,0.772364,,,,
"Opus, no spec",opus,questions-only,20260919T084026Z-2ec5e8c-4da909fb,q23,cell,8,post2020_loss_ha,1.199212,2.7,0.555556,0.555847,False,1.2,0.555556,,,,
"Opus, no spec",opus,questions-only,20260919T084026Z-2ec5e8c-4da909fb,q23,cell,9,field_id,4984281,4685105,0.063857,0.063857,True,,,,,,
"Opus, no spec",opus,questions-only,20260919T084026Z-2ec5e8c-4da909fb,q23,cell,9,cod_imovel,GO-5212204-8F9A53F42FEE4187BBBC3E66F68CEEBE,GO-5212204-2B296F3D835C44D7BF1AD385C1D519A9,,,False,,,,,,
"Opus, no spec",opus,questions-only,20260919T084026Z-2ec5e8c-4da909fb,q23,cell,9,annex1_commodity,soya,cattle,,,False,,,,,,
"Opus, no spec",opus,questions-only,20260919T084026Z-2ec5e8c-4da909fb,q23,cell,9,field_area_ha,113.140283,6.6,16.136364,16.142467,False,113.1,16.136364,,,,
"Opus, no spec",opus,questions-only,20260919T084026Z-2ec5e8c-4da909fb,q23,cell,9,post2020_loss_ha,5.64264,2.5,1.24,1.257056,False,5.6,1.24,,,,
"Opus, no spec",opus,questions-only,20260919T084026Z-2ec5e8c-4da909fb,q24,cell,9,cod_imovel,GO-5212204-57B761BC972B4CF1ACB6FB3191344583,GO-5212204-67B7F23029D24ACFAC7656714A14C2DB,,,False,,,,,,
"Opus, no spec",opus,questions-only,20260919T084026Z-2ec5e8c-4da909fb,q24,cell,9,dominant_mb,15,21,0.285714,0.285714,True,,,,,,
"Opus, no spec",opus,questions-only,20260919T084026Z-2ec5e8c-4da909fb,q24,cell,14,cod_imovel,GO-5212204-BCCDDA00F01E4C72BA80402253DCB38A,GO-5212204-BC0DD19983DE40DDA0F0E5BF93136C61,,,False,,,,,,
"Opus, no spec",opus,questions-only,20260919T084026Z-2ec5e8c-4da909fb,q24,cell,15,cod_imovel,GO-5219258-D8B970A69F30415F9FDEE84663A2210B,GO-5212204-BCCDDA00F01E4C72BA80402253DCB38A,,,False,,,,,,
"Opus, no spec",opus,questions-only,20260919T084026Z-2ec5e8c-4da909fb,q24,cell,16,cod_imovel,GO-5219258-E7F86639E6404DC4AD9B8DBFAFFB112B,GO-5219258-D8B970A69F30415F9FDEE84663A2210B,,,False,,,,,,
"Opus, no spec",opus,questions-only,20260919T084026Z-2ec5e8c-4da909fb,q24,cell,17,cod_imovel,GO-5212204-67B7F23029D24ACFAC7656714A14C2DB,GO-5219258-E7F86639E6404DC4AD9B8DBFAFFB112B,,,False,,,,,,
"Opus, no spec",opus,questions-only,20260919T084026Z-2ec5e8c-4da909fb,q24,cell,17,dominant_mb,21,15,0.4,0.4,True,,,,,,
"Opus, no spec",opus,questions-only,20260919T084026Z-2ec5e8c-4da909fb,q24,cell,17,annex1_commodity,,cattle,,,False,,,,,,
"Opus, no spec",opus,questions-only,20260919T084026Z-2ec5e8c-4da909fb,q24,cell,17,routed_tier,no_tier,slaughter_point,,,False,,,,,,
"Opus, no spec",opus,questions-only,20260919T084026Z-2ec5e8c-4da909fb,q26,shape,,,,,,,,,,17,4,18,4
"Opus, no spec",opus,questions-only,20260919T084026Z-2ec5e8c-4da909fb,q27,cell,14,cod_imovel,GO-5212204-57B761BC972B4CF1ACB6FB3191344583,GO-5212204-BC0DD19983DE40DDA0F0E5BF93136C61,,,False,,,,,,
"Opus, no spec",opus,questions-only,20260919T084026Z-2ec5e8c-4da909fb,q28,cell,0,cod_imovel,GO-5212204-8F9A53F42FEE4187BBBC3E66F68CEEBE,GO-5212204-156094615E67476AB099D9F46F6C0655,,,False,,,,,,
"Opus, no spec",opus,questions-only,20260919T084026Z-2ec5e8c-4da909fb,q28,cell,1,n_candidates,6,5,0.2,0.2,True,,,,,,
"Opus, no spec",opus,questions-only,20260919T084026Z-2ec5e8c-4da909fb,q28,cell,1,n_delivery,5,4,0.25,0.25,True,,,,,,
"Opus, no spec",opus,questions-only,20260919T084026Z-2ec5e8c-4da909fb,q28,cell,2,n_candidates,7,5,0.4,0.4,True,,,,,,
"Opus, no spec",opus,questions-only,20260919T084026Z-2ec5e8c-4da909fb,q28,cell,2,n_delivery,6,4,0.5,0.5,True,,,,,,
"Opus, no spec",opus,questions-only,20260919T084026Z-2ec5e8c-4da909fb,q28,cell,3,n_candidates,7,5,0.4,0.4,True,,,,,,
"Opus, no spec",opus,questions-only,20260919T084026Z-2ec5e8c-4da909fb,q28,cell,3,n_delivery,6,4,0.5,0.5,True,,,,,,
"Opus, no spec",opus,questions-only,20260919T084026Z-2ec5e8c-4da909fb,q28,cell,4,n_candidates,7,5,0.4,0.4,True,,,,,,
"Opus, no spec",opus,questions-only,20260919T084026Z-2ec5e8c-4da909fb,q28,cell,4,n_delivery,6,4,0.5,0.5,True,,,,,,
"Opus, no spec",opus,questions-only,20260919T084026Z-2ec5e8c-4da909fb,q28,cell,5,n_candidates,8,5,0.6,0.6,True,,,,,,
"Opus, no spec",opus,questions-only,20260919T084026Z-2ec5e8c-4da909fb,q28,cell,5,n_delivery,7,4,0.75,0.75,True,,,,,,
"Opus, no spec",opus,questions-only,20260919T084026Z-2ec5e8c-4da909fb,q28,cell,6,n_candidates,10,5,1.0,1.0,True,,,,,,
"Opus, no spec",opus,questions-only,20260919T084026Z-2ec5e8c-4da909fb,q28,cell,6,n_delivery,9,4,1.25,1.25,True,,,,,,
"Opus, no spec",opus,questions-only,20260919T084026Z-2ec5e8c-4da909fb,q28,cell,7,n_candidates,6,5,0.2,0.2,True,,,,,,
"Opus, no spec",opus,questions-only,20260919T084026Z-2ec5e8c-4da909fb,q28,cell,7,n_delivery,5,4,0.25,0.25,True,,,,,,
"Opus, no spec",opus,questions-only,20260919T084026Z-2ec5e8c-4da909fb,q28,cell,8,n_candidates,7,5,0.4,0.4,True,,,,,,
"Opus, no spec",opus,questions-only,20260919T084026Z-2ec5e8c-4da909fb,q28,cell,8,n_delivery,6,4,0.5,0.5,True,,,,,,
"Opus, no spec",opus,questions-only,20260919T084026Z-2ec5e8c-4da909fb,q28,cell,9,n_candidates,1,5,0.8,0.8,True,,,,,,
"Opus, no spec",opus,questions-only,20260919T084026Z-2ec5e8c-4da909fb,q28,cell,9,n_delivery,0,4,1.0,1.0,True,,,,,,
"Opus, no spec",opus,questions-only,20260919T084026Z-2ec5e8c-4da909fb,q28,cell,10,n_candidates,7,5,0.4,0.4,True,,,,,,
"Opus, no spec",opus,questions-only,20260919T084026Z-2ec5e8c-4da909fb,q28,cell,10,n_delivery,6,4,0.5,0.5,True,,,,,,
"Opus, no spec",opus,questions-only,20260919T084026Z-2ec5e8c-4da909fb,q28,cell,11,n_candidates,7,5,0.4,0.4,True,,,,,,
"Opus, no spec",opus,questions-only,20260919T084026Z-2ec5e8c-4da909fb,q28,cell,11,n_delivery,6,4,0.5,0.5,True,,,,,,
"Opus, no spec",opus,questions-only,20260919T084026Z-2ec5e8c-4da909fb,q28,cell,12,cod_imovel,GO-5212204-156094615E67476AB099D9F46F6C0655,GO-5212204-8F9A53F42FEE4187BBBC3E66F68CEEBE,,,False,,,,,,
"Opus, no spec",opus,questions-only,20260919T084026Z-2ec5e8c-4da909fb,q28,cell,12,n_candidates,10,5,1.0,1.0,True,,,,,,
"Opus, no spec",opus,questions-only,20260919T084026Z-2ec5e8c-4da909fb,q28,cell,12,n_delivery,9,4,1.25,1.25,True,,,,,,
"Opus, no spec",opus,questions-only,20260919T084026Z-2ec5e8c-4da909fb,q28,cell,13,n_candidates,6,5,0.2,0.2,True,,,,,,
"Opus, no spec",opus,questions-only,20260919T084026Z-2ec5e8c-4da909fb,q28,cell,13,n_delivery,5,4,0.25,0.25,True,,,,,,
"Opus, no spec",opus,questions-only,20260919T084026Z-2ec5e8c-4da909fb,q28,cell,14,cod_imovel,GO-5212204-57B761BC972B4CF1ACB6FB3191344583,GO-5212204-BC0DD19983DE40DDA0F0E5BF93136C61,,,False,,,,,,
"Opus, no spec",opus,questions-only,20260919T084026Z-2ec5e8c-4da909fb,q28,cell,14,n_candidates,6,5,0.2,0.2,True,,,,,,
"Opus, no spec",opus,questions-only,20260919T084026Z-2ec5e8c-4da909fb,q28,cell,14,n_delivery,5,4,0.25,0.25,True,,,,,,
"Opus, no spec",opus,questions-only,20260919T084026Z-2ec5e8c-4da909fb,q28,cell,15,n_candidates,6,5,0.2,0.2,True,,,,,,
"Opus, no spec",opus,questions-only,20260919T084026Z-2ec5e8c-4da909fb,q28,cell,15,n_delivery,5,4,0.25,0.25,True,,,,,,
"Opus, no spec",opus,questions-only,20260919T084026Z-2ec5e8c-4da909fb,q28,cell,16,n_candidates,7,5,0.4,0.4,True,,,,,,
"Opus, no spec",opus,questions-only,20260919T084026Z-2ec5e8c-4da909fb,q28,cell,16,n_delivery,6,4,0.5,0.5,True,,,,,,
"Opus, no spec",opus,questions-only,20260919T084026Z-2ec5e8c-4da909fb,q28,cell,17,n_candidates,7,5,0.4,0.4,True,,,,,,
"Opus, no spec",opus,questions-only,20260919T084026Z-2ec5e8c-4da909fb,q28,cell,17,n_delivery,6,4,0.5,0.5,True,,,,,,
"Opus, no spec",opus,questions-only,20260919T084026Z-2ec5e8c-4da909fb,q30,cell,0,post2020_loss_ha,52.586552,46.9,0.121248,0.121248,False,52.6,0.121535,,,,
"Opus, no spec",opus,questions-only,20260919T084026Z-2ec5e8c-4da909fb,q30,cell,0,basis,membership,observed,,,False,,,,,,
"Opus, no spec",opus,questions-only,20260919T084026Z-2ec5e8c-4da909fb,q30,cell,1,post2020_loss_ha,27.019549,29.5,0.084083,0.084083,True,27.0,0.084746,,,,
"Opus, no spec",opus,questions-only,20260919T084026Z-2ec5e8c-4da909fb,q30,cell,1,basis,membership,observed,,,False,,,,,,
"Opus, no spec",opus,questions-only,20260919T084026Z-2ec5e8c-4da909fb,q30,cell,2,cod_imovel,GO-5212204-156094615E67476AB099D9F46F6C0655,GO-5212204-67B7F23029D24ACFAC7656714A14C2DB,,,False,,,,,,
"Opus, no spec",opus,questions-only,20260919T084026Z-2ec5e8c-4da909fb,q30,cell,2,post2020_loss_ha,0.311627,13.3,0.976569,0.976569,False,0.3,0.977444,,,,
"Opus, no spec",opus,questions-only,20260919T084026Z-2ec5e8c-4da909fb,q30,cell,2,basis,membership,observed,,,False,,,,,,
"Opus, no spec",opus,questions-only,20260919T084026Z-2ec5e8c-4da909fb,q30,cell,3,post2020_loss_ha,0.034627,10.8,0.996794,0.996794,False,0.0,1.0,,,,
"Opus, no spec",opus,questions-only,20260919T084026Z-2ec5e8c-4da909fb,q30,cell,3,basis,membership,observed,,,False,,,,,,
"Opus, no spec",opus,questions-only,20260919T084026Z-2ec5e8c-4da909fb,q30,cell,4,basis,membership,observed,,,False,,,,,,
"Opus, no spec",opus,questions-only,20260919T084026Z-2ec5e8c-4da909fb,q30,cell,5,basis,membership,observed,,,False,,,,,,
"Opus, no spec",opus,questions-only,20260919T084026Z-2ec5e8c-4da909fb,q30,cell,6,cod_imovel,GO-5212204-294B806F6169468E98BB3456EC5158A4,GO-5212204-BC0DD19983DE40DDA0F0E5BF93136C61,,,False,,,,,,
"Opus, no spec",opus,questions-only,20260919T084026Z-2ec5e8c-4da909fb,q30,cell,6,post2020_loss_ha,0.049212,2.9,0.98303,0.98303,False,0.0,1.0,,,,
"Opus, no spec",opus,questions-only,20260919T084026Z-2ec5e8c-4da909fb,q30,cell,6,basis,membership,observed,,,False,,,,,,
"Opus, no spec",opus,questions-only,20260919T084026Z-2ec5e8c-4da909fb,q30,cell,7,basis,proximity,observed,,,False,,,,,,
"Opus, no spec",opus,questions-only,20260919T084026Z-2ec5e8c-4da909fb,q30,cell,7,distance_km,6.059582,8.0,0.2375,0.242552,False,6.1,0.2375,,,,
"Opus, no spec",opus,questions-only,20260919T084026Z-2ec5e8c-4da909fb,q30,cell,8,basis,membership,observed,,,False,,,,,,
"Opus, no spec",opus,questions-only,20260919T084026Z-2ec5e8c-4da909fb,q30,cell,9,basis,membership,observed,,,False,,,,,,
"Opus, no spec",opus,questions-only,20260919T084026Z-2ec5e8c-4da909fb,q30,cell,10,basis,membership,observed,,,False,,,,,,
"Opus, no spec",opus,questions-only,20260919T084026Z-2ec5e8c-4da909fb,q30,cell,11,basis,membership,observed,,,False,,,,,,
"Opus, no spec",opus,questions-only,20260919T084026Z-2ec5e8c-4da909fb,q30,cell,12,cod_imovel,GO-5212204-50D789C6D210454F80F32B313D791784,GO-5212204-156094615E67476AB099D9F46F6C0655,,,False,,,,,,
"Opus, no spec",opus,questions-only,20260919T084026Z-2ec5e8c-4da909fb,q30,cell,12,basis,membership,observed,,,False,,,,,,
"Opus, no spec",opus,questions-only,20260919T084026Z-2ec5e8c-4da909fb,q30,cell,13,cod_imovel,GO-5212204-57B761BC972B4CF1ACB6FB3191344583,GO-5212204-50D789C6D210454F80F32B313D791784,,,False,,,,,,
"Opus, no spec",opus,questions-only,20260919T084026Z-2ec5e8c-4da909fb,q30,cell,13,post2020_loss_ha,2.48184,0.3,7.2728,7.2728,False,2.5,7.333333,,,,
"Opus, no spec",opus,questions-only,20260919T084026Z-2ec5e8c-4da909fb,q30,cell,13,basis,membership,observed,,,False,,,,,,
"Opus, no spec",opus,questions-only,20260919T084026Z-2ec5e8c-4da909fb,q30,cell,14,basis,proximity,observed,,,False,,,,,,
"Opus, no spec",opus,questions-only,20260919T084026Z-2ec5e8c-4da909fb,q30,cell,14,distance_km,5.713819,9.6,0.404811,0.404811,False,5.7,0.40625,,,,
"Opus, no spec",opus,questions-only,20260919T084026Z-2ec5e8c-4da909fb,q30,cell,15,basis,membership,observed,,,False,,,,,,
"Opus, no spec",opus,questions-only,20260919T084026Z-2ec5e8c-4da909fb,q30,cell,16,cod_imovel,GO-5212204-5A18ED37BE2448B2BF618ECD096BF499,GO-5212204-294B806F6169468E98BB3456EC5158A4,,,False,,,,,,
"Opus, no spec",opus,questions-only,20260919T084026Z-2ec5e8c-4da909fb,q30,cell,16,basis,membership,observed,,,False,,,,,,
"Opus, no spec",opus,questions-only,20260919T084026Z-2ec5e8c-4da909fb,q30,cell,17,cod_imovel,GO-5212204-67B7F23029D24ACFAC7656714A14C2DB,GO-5212204-5A18ED37BE2448B2BF618ECD096BF499,,,False,,,,,,
"Opus, no spec",opus,questions-only,20260919T084026Z-2ec5e8c-4da909fb,q30,cell,17,annex1_commodity,,cattle,,,False,,,,,,
"Opus, no spec",opus,questions-only,20260919T084026Z-2ec5e8c-4da909fb,q30,cell,17,post2020_loss_ha,2.570325,0.0,,,False,2.6,,,,,
"Opus, no spec",opus,questions-only,20260919T084026Z-2ec5e8c-4da909fb,q30,cell,17,basis,membership,observed,,,False,,,,,,
"Opus, spec",opus,full,20260918T192020Z-42b0452-9b86809e,q13,cell,6,n_fields,28,29,0.034483,0.034483,True,,,,,,
"Opus, spec",opus,full,20260918T192020Z-42b0452-9b86809e,q17,cell,0,n_fields,38,753,0.949535,0.949535,False,,,,,,
"Opus, spec",opus,full,20260918T192020Z-42b0452-9b86809e,q17,cell,1,n_fields,2,28,0.928571,0.928571,False,,,,,,
"Opus, spec",opus,full,20260918T192020Z-42b0452-9b86809e,q18,cell,0,n_fields,1,12,0.916667,0.916667,True,,,,,,
"Opus, spec",opus,full,20260918T192020Z-42b0452-9b86809e,q24,cell,12,routed_tier,gravity_catchment|intake_point,intake_point,,,False,,,,,,
"Opus, spec",opus,full,20260918T200349Z-42b0452-c3a9ae5e,q15,cell,0,n_parcels,95,117,0.188034,0.188034,False,,,,,,
"Opus, spec",opus,full,20260918T200349Z-42b0452-c3a9ae5e,q19,cell,0,loss_share,0.05046480743691899,0.0969,0.478844,0.479207,False,0.0505,0.478844,,,,
"Opus, spec",opus,full,20260918T200349Z-42b0452-c3a9ae5e,q19,cell,1,loss_share,0.07142857142857142,0.227,0.685337,0.685337,False,0.071,0.687225,,,,
"Opus, spec",opus,full,20260918T200349Z-42b0452-c3a9ae5e,q24,cell,12,routed_tier,gravity_catchment|intake_point,intake_point,,,False,,,,,,
"Opus, spec",opus,full,20260918T202934Z-ec37401-8fc08816,q15,cell,0,n_parcels,95,117,0.188034,0.188034,False,,,,,,
"Opus, spec",opus,full,20260918T202934Z-ec37401-8fc08816,q19,cell,0,loss_share,0.05046480743691899,0.0969,0.478844,0.479207,False,0.0505,0.478844,,,,
"Opus, spec",opus,full,20260918T202934Z-ec37401-8fc08816,q19,cell,1,loss_share,0.07142857142857142,0.227,0.685337,0.685337,False,0.071,0.687225,,,,
"Opus, spec",opus,full,20260918T202934Z-ec37401-8fc08816,q24,cell,12,routed_tier,gravity_catchment|intake_point,intake_point,,,False,,,,,,
"Opus, spec",opus,full,20260918T204958Z-ec37401-4dc320d5,q17,cell,0,n_fields,38,753,0.949535,0.949535,False,,,,,,
"Opus, spec",opus,full,20260918T204958Z-ec37401-4dc320d5,q17,cell,1,n_fields,2,28,0.928571,0.928571,False,,,,,,
"Opus, spec",opus,full,20260918T204958Z-ec37401-4dc320d5,q18,cell,0,n_fields,1,12,0.916667,0.916667,True,,,,,,
"Opus, spec",opus,full,20260918T204958Z-ec37401-4dc320d5,q21,cell,0,pct_of_loss,0.4204779868551817,42.0,0.989989,0.989989,False,0.4,0.990476,,,,
"Opus, spec",opus,full,20260918T204958Z-ec37401-4dc320d5,q21,cell,1,pct_of_loss,0.2311108900591471,23.1,0.989995,0.989995,False,0.2,0.991342,,,,
"Opus, spec",opus,full,20260918T204958Z-ec37401-4dc320d5,q21,cell,2,pct_of_loss,0.180029106471111,18.0,0.988889,0.989998,False,0.2,0.988889,,,,
"Opus, spec",opus,full,20260918T204958Z-ec37401-4dc320d5,q21,cell,3,pct_of_loss,0.10491588665944955,10.5,0.990008,0.990008,False,0.1,0.990476,,,,
"Opus, spec",opus,full,20260918T204958Z-ec37401-4dc320d5,q21,cell,4,pct_of_loss,0.0634661299551106,6.3,0.984127,0.989926,False,0.1,0.984127,,,,
"Opus, spec",opus,full,20260918T211116Z-ec37401-9778f12c,q03,cell,0,n_rows,8453554,8453552,0.0,0.0,True,,,,,,
"Opus, spec",opus,full,20260918T211116Z-ec37401-9778f12c,q03,cell,0,n_distinct_ids,8437940,8437938,0.0,0.0,True,,,,,,
"Opus, spec",opus,full,20260918T211116Z-ec37401-9778f12c,q13,cell,6,n_fields,28,29,0.034483,0.034483,True,,,,,,
"Opus, spec",opus,full,20260918T211116Z-ec37401-9778f12c,q15,cell,0,n_parcels,95,117,0.188034,0.188034,False,,,,,,
"Opus, spec",opus,full,20260918T212957Z-ec37401-c0822ded,q15,cell,0,n_parcels,95,117,0.188034,0.188034,False,,,,,,
"Opus, spec",opus,full,20260918T214822Z-ff0a0ce-fc53d914,q03,cell,0,n_rows,8453554,8453552,0.0,0.0,True,,,,,,
"Opus, spec",opus,full,20260918T214822Z-ff0a0ce-fc53d914,q03,cell,0,n_distinct_ids,8437940,8437938,0.0,0.0,True,,,,,,
"Opus, spec",opus,full,20260918T214822Z-ff0a0ce-fc53d914,q17,cell,0,n_fields,38,753,0.949535,0.949535,False,,,,,,
"Opus, spec",opus,full,20260918T214822Z-ff0a0ce-fc53d914,q17,cell,1,n_fields,2,28,0.928571,0.928571,False,,,,,,
"Opus, spec",opus,full,20260918T214822Z-ff0a0ce-fc53d914,q18,cell,0,n_fields,1,12,0.916667,0.916667,True,,,,,,
"Opus, spec",opus,full,20260918T220744Z-ff0a0ce-2adf43db,q17,cell,0,n_fields,38,753,0.949535,0.949535,False,,,,,,
"Opus, spec",opus,full,20260918T220744Z-ff0a0ce-2adf43db,q17,cell,1,n_fields,2,28,0.928571,0.928571,False,,,,,,
"Opus, spec",opus,full,20260918T220744Z-ff0a0ce-2adf43db,q18,cell,0,n_fields,1,12,0.916667,0.916667,True,,,,,,
"Opus, spec",opus,full,20260918T222642Z-ff0a0ce-2e3d6503,q17,cell,0,n_fields,38,753,0.949535,0.949535,False,,,,,,
"Opus, spec",opus,full,20260918T222642Z-ff0a0ce-2e3d6503,q17,cell,1,n_fields,2,28,0.928571,0.928571,False,,,,,,
"Opus, spec",opus,full,20260918T222642Z-ff0a0ce-2e3d6503,q18,cell,0,n_fields,1,12,0.916667,0.916667,True,,,,,,
"Opus, spec",opus,full,20260918T222642Z-ff0a0ce-2e3d6503,q24,cell,12,routed_tier,gravity_catchment|intake_point,intake_point,,,False,,,,,,
"Opus, spec",opus,full,20260918T222642Z-ff0a0ce-2e3d6503,q25,cell,0,coverage,yes,covered,,,False,,,,,,
"Opus, spec",opus,full,20260918T222642Z-ff0a0ce-2e3d6503,q25,cell,1,tier,gravity_catchment|intake_point,intake_point,,,False,,,,,,
"Opus, spec",opus,full,20260918T222642Z-ff0a0ce-2e3d6503,q25,cell,1,coverage,yes,covered,,,False,,,,,,
"Opus, spec",opus,full,20260918T224939Z-ff0a0ce-defdf872,q15,cell,0,n_parcels,95,117,0.188034,0.188034,False,,,,,,
"Opus, spec",opus,full,20260918T224939Z-ff0a0ce-defdf872,q19,cell,0,loss_share,0.0020703,0.0969,0.978328,0.978635,False,0.0021,0.978328,,,,
"Opus, spec",opus,full,20260918T224939Z-ff0a0ce-defdf872,q19,cell,1,loss_share,0.0200377,0.227,0.911728,0.911728,False,0.02,0.911894,,,,
"Opus, spec",opus,full,20260918T224939Z-ff0a0ce-defdf872,q24,cell,12,routed_tier,gravity_catchment|intake_point,intake_point,,,False,,,,,,
"Sonnet, spec",sonnet,full,20260918T232239Z-2ec5e8c-d79c4a79,q15,cell,0,n_parcels,95,117,0.188034,0.188034,False,,,,,,
"Sonnet, spec",sonnet,full,20260918T232239Z-2ec5e8c-d79c4a79,q19,cell,0,loss_share,0.05046480743691899,0.0969,0.478844,0.479207,False,0.0505,0.478844,,,,
"Sonnet, spec",sonnet,full,20260918T232239Z-2ec5e8c-d79c4a79,q19,cell,1,loss_share,0.07142857142857142,0.227,0.685337,0.685337,False,0.071,0.687225,,,,
"Sonnet, spec",sonnet,full,20260918T232239Z-2ec5e8c-d79c4a79,q25,cell,0,coverage,yes,covered,,,False,,,,,,
"Sonnet, spec",sonnet,full,20260918T232239Z-2ec5e8c-d79c4a79,q25,cell,1,coverage,yes,covered,,,False,,,,,,
"Sonnet, spec",sonnet,full,20260918T234402Z-2ec5e8c-bd06dd64,q15,cell,0,n_parcels,95,117,0.188034,0.188034,False,,,,,,
"Sonnet, spec",sonnet,full,20260919T000056Z-2ec5e8c-f764a59b,q27,cell,16,entity_id,5212204,5219258,0.001352,0.001352,True,,,,,,
"Sonnet, spec",sonnet,full,20260919T000056Z-2ec5e8c-f764a59b,q27,cell,16,evidence,105.0,20.0,4.25,4.25,False,105.0,4.25,,,,
"Sonnet, spec",sonnet,full,20260919T000056Z-2ec5e8c-f764a59b,q27,cell,17,entity_id,5212204,5219258,0.001352,0.001352,True,,,,,,
"Sonnet, spec",sonnet,full,20260919T000056Z-2ec5e8c-f764a59b,q27,cell,17,evidence,105.0,20.0,4.25,4.25,False,105.0,4.25,,,,
"Sonnet, spec",sonnet,full,20260919T000056Z-2ec5e8c-f764a59b,q28,cell,0,n_candidates,29,5,4.8,4.8,False,,,,,,
"Sonnet, spec",sonnet,full,20260919T000056Z-2ec5e8c-f764a59b,q28,cell,0,n_delivery,28,4,6.0,6.0,False,,,,,,
"Sonnet, spec",sonnet,full,20260919T000056Z-2ec5e8c-f764a59b,q28,cell,1,n_candidates,26,5,4.2,4.2,False,,,,,,
"Sonnet, spec",sonnet,full,20260919T000056Z-2ec5e8c-f764a59b,q28,cell,1,n_delivery,25,4,5.25,5.25,False,,,,,,
"Sonnet, spec",sonnet,full,20260919T000056Z-2ec5e8c-f764a59b,q28,cell,2,n_candidates,30,5,5.0,5.0,False,,,,,,
"Sonnet, spec",sonnet,full,20260919T000056Z-2ec5e8c-f764a59b,q28,cell,2,n_delivery,29,4,6.25,6.25,False,,,,,,
"Sonnet, spec",sonnet,full,20260919T000056Z-2ec5e8c-f764a59b,q28,cell,3,n_candidates,32,5,5.4,5.4,False,,,,,,
"Sonnet, spec",sonnet,full,20260919T000056Z-2ec5e8c-f764a59b,q28,cell,3,n_delivery,31,4,6.75,6.75,False,,,,,,
"Sonnet, spec",sonnet,full,20260919T000056Z-2ec5e8c-f764a59b,q28,cell,4,n_candidates,30,5,5.0,5.0,False,,,,,,
"Sonnet, spec",sonnet,full,20260919T000056Z-2ec5e8c-f764a59b,q28,cell,4,n_delivery,29,4,6.25,6.25,False,,,,,,
"Sonnet, spec",sonnet,full,20260919T000056Z-2ec5e8c-f764a59b,q28,cell,5,n_candidates,31,5,5.2,5.2,False,,,,,,
"Sonnet, spec",sonnet,full,20260919T000056Z-2ec5e8c-f764a59b,q28,cell,5,n_delivery,30,4,6.5,6.5,False,,,,,,
"Sonnet, spec",sonnet,full,20260919T000056Z-2ec5e8c-f764a59b,q28,cell,6,n_candidates,28,5,4.6,4.6,False,,,,,,
"Sonnet, spec",sonnet,full,20260919T000056Z-2ec5e8c-f764a59b,q28,cell,6,n_delivery,27,4,5.75,5.75,False,,,,,,
"Sonnet, spec",sonnet,full,20260919T000056Z-2ec5e8c-f764a59b,q28,cell,7,n_candidates,30,5,5.0,5.0,False,,,,,,
"Sonnet, spec",sonnet,full,20260919T000056Z-2ec5e8c-f764a59b,q28,cell,7,n_delivery,29,4,6.25,6.25,False,,,,,,
"Sonnet, spec",sonnet,full,20260919T000056Z-2ec5e8c-f764a59b,q28,cell,8,n_candidates,27,5,4.4,4.4,False,,,,,,
"Sonnet, spec",sonnet,full,20260919T000056Z-2ec5e8c-f764a59b,q28,cell,8,n_delivery,26,4,5.5,5.5,False,,,,,,
"Sonnet, spec",sonnet,full,20260919T000056Z-2ec5e8c-f764a59b,q28,cell,9,n_candidates,29,5,4.8,4.8,False,,,,,,
"Sonnet, spec",sonnet,full,20260919T000056Z-2ec5e8c-f764a59b,q28,cell,9,n_delivery,28,4,6.0,6.0,False,,,,,,
"Sonnet, spec",sonnet,full,20260919T000056Z-2ec5e8c-f764a59b,q28,cell,10,n_candidates,29,5,4.8,4.8,False,,,,,,
"Sonnet, spec",sonnet,full,20260919T000056Z-2ec5e8c-f764a59b,q28,cell,10,n_delivery,28,4,6.0,6.0,False,,,,,,
"Sonnet, spec",sonnet,full,20260919T000056Z-2ec5e8c-f764a59b,q28,cell,11,n_candidates,29,5,4.8,4.8,False,,,,,,
"Sonnet, spec",sonnet,full,20260919T000056Z-2ec5e8c-f764a59b,q28,cell,11,n_delivery,28,4,6.0,6.0,False,,,,,,
"Sonnet, spec",sonnet,full,20260919T000056Z-2ec5e8c-f764a59b,q28,cell,12,n_candidates,4,5,0.2,0.2,True,,,,,,
"Sonnet, spec",sonnet,full,20260919T000056Z-2ec5e8c-f764a59b,q28,cell,12,n_delivery,3,4,0.25,0.25,True,,,,,,
"Sonnet, spec",sonnet,full,20260919T000056Z-2ec5e8c-f764a59b,q28,cell,13,n_candidates,30,5,5.0,5.0,False,,,,,,
"Sonnet, spec",sonnet,full,20260919T000056Z-2ec5e8c-f764a59b,q28,cell,13,n_delivery,29,4,6.25,6.25,False,,,,,,
"Sonnet, spec",sonnet,full,20260919T000056Z-2ec5e8c-f764a59b,q28,cell,14,n_candidates,30,5,5.0,5.0,False,,,,,,
"Sonnet, spec",sonnet,full,20260919T000056Z-2ec5e8c-f764a59b,q28,cell,14,n_delivery,29,4,6.25,6.25,False,,,,,,
"Sonnet, spec",sonnet,full,20260919T000056Z-2ec5e8c-f764a59b,q28,cell,15,n_candidates,29,5,4.8,4.8,False,,,,,,
"Sonnet, spec",sonnet,full,20260919T000056Z-2ec5e8c-f764a59b,q28,cell,15,n_delivery,28,4,6.0,6.0,False,,,,,,
"Sonnet, spec",sonnet,full,20260919T000056Z-2ec5e8c-f764a59b,q28,cell,16,n_candidates,27,5,4.4,4.4,False,,,,,,
"Sonnet, spec",sonnet,full,20260919T000056Z-2ec5e8c-f764a59b,q28,cell,16,n_delivery,26,4,5.5,5.5,False,,,,,,
"Sonnet, spec",sonnet,full,20260919T000056Z-2ec5e8c-f764a59b,q28,cell,17,n_candidates,30,5,5.0,5.0,False,,,,,,
"Sonnet, spec",sonnet,full,20260919T000056Z-2ec5e8c-f764a59b,q28,cell,17,n_delivery,29,4,6.25,6.25,False,,,,,,
"Sonnet, spec",sonnet,full,20260919T002106Z-2ec5e8c-4e58965d,q19,cell,0,loss_share,0.05046480743691899,0.0969,0.478844,0.479207,False,0.0505,0.478844,,,,
"Sonnet, spec",sonnet,full,20260919T002106Z-2ec5e8c-4e58965d,q19,cell,1,loss_share,0.07142857142857142,0.227,0.685337,0.685337,False,0.071,0.687225,,,,
"Sonnet, spec",sonnet,full,20260919T003710Z-2ec5e8c-b6960a5f,q15,cell,0,n_parcels,95,117,0.188034,0.188034,False,,,,,,
"Sonnet, spec",sonnet,full,20260919T003710Z-2ec5e8c-b6960a5f,q25,cell,0,coverage,yes,covered,,,False,,,,,,
"Sonnet, spec",sonnet,full,20260919T003710Z-2ec5e8c-b6960a5f,q25,cell,1,coverage,yes,covered,,,False,,,,,,
"Sonnet, spec",sonnet,full,20260919T003710Z-2ec5e8c-b6960a5f,q28,cell,0,n_candidates,29,5,4.8,4.8,False,,,,,,
"Sonnet, spec",sonnet,full,20260919T003710Z-2ec5e8c-b6960a5f,q28,cell,0,n_delivery,28,4,6.0,6.0,False,,,,,,
"Sonnet, spec",sonnet,full,20260919T003710Z-2ec5e8c-b6960a5f,q28,cell,1,n_candidates,26,5,4.2,4.2,False,,,,,,
"Sonnet, spec",sonnet,full,20260919T003710Z-2ec5e8c-b6960a5f,q28,cell,1,n_delivery,25,4,5.25,5.25,False,,,,,,
"Sonnet, spec",sonnet,full,20260919T003710Z-2ec5e8c-b6960a5f,q28,cell,2,n_candidates,30,5,5.0,5.0,False,,,,,,
"Sonnet, spec",sonnet,full,20260919T003710Z-2ec5e8c-b6960a5f,q28,cell,2,n_delivery,29,4,6.25,6.25,False,,,,,,
"Sonnet, spec",sonnet,full,20260919T003710Z-2ec5e8c-b6960a5f,q28,cell,3,n_candidates,32,5,5.4,5.4,False,,,,,,
"Sonnet, spec",sonnet,full,20260919T003710Z-2ec5e8c-b6960a5f,q28,cell,3,n_delivery,31,4,6.75,6.75,False,,,,,,
"Sonnet, spec",sonnet,full,20260919T003710Z-2ec5e8c-b6960a5f,q28,cell,4,n_candidates,30,5,5.0,5.0,False,,,,,,
"Sonnet, spec",sonnet,full,20260919T003710Z-2ec5e8c-b6960a5f,q28,cell,4,n_delivery,29,4,6.25,6.25,False,,,,,,
"Sonnet, spec",sonnet,full,20260919T003710Z-2ec5e8c-b6960a5f,q28,cell,5,n_candidates,31,5,5.2,5.2,False,,,,,,
"Sonnet, spec",sonnet,full,20260919T003710Z-2ec5e8c-b6960a5f,q28,cell,5,n_delivery,30,4,6.5,6.5,False,,,,,,
"Sonnet, spec",sonnet,full,20260919T003710Z-2ec5e8c-b6960a5f,q28,cell,6,n_candidates,28,5,4.6,4.6,False,,,,,,
"Sonnet, spec",sonnet,full,20260919T003710Z-2ec5e8c-b6960a5f,q28,cell,6,n_delivery,27,4,5.75,5.75,False,,,,,,
"Sonnet, spec",sonnet,full,20260919T003710Z-2ec5e8c-b6960a5f,q28,cell,7,n_candidates,30,5,5.0,5.0,False,,,,,,
"Sonnet, spec",sonnet,full,20260919T003710Z-2ec5e8c-b6960a5f,q28,cell,7,n_delivery,29,4,6.25,6.25,False,,,,,,
"Sonnet, spec",sonnet,full,20260919T003710Z-2ec5e8c-b6960a5f,q28,cell,8,n_candidates,27,5,4.4,4.4,False,,,,,,
"Sonnet, spec",sonnet,full,20260919T003710Z-2ec5e8c-b6960a5f,q28,cell,8,n_delivery,26,4,5.5,5.5,False,,,,,,
"Sonnet, spec",sonnet,full,20260919T003710Z-2ec5e8c-b6960a5f,q28,cell,9,n_candidates,29,5,4.8,4.8,False,,,,,,
"Sonnet, spec",sonnet,full,20260919T003710Z-2ec5e8c-b6960a5f,q28,cell,9,n_delivery,28,4,6.0,6.0,False,,,,,,
"Sonnet, spec",sonnet,full,20260919T003710Z-2ec5e8c-b6960a5f,q28,cell,10,n_candidates,29,5,4.8,4.8,False,,,,,,
"Sonnet, spec",sonnet,full,20260919T003710Z-2ec5e8c-b6960a5f,q28,cell,10,n_delivery,28,4,6.0,6.0,False,,,,,,
"Sonnet, spec",sonnet,full,20260919T003710Z-2ec5e8c-b6960a5f,q28,cell,11,n_candidates,29,5,4.8,4.8,False,,,,,,
"Sonnet, spec",sonnet,full,20260919T003710Z-2ec5e8c-b6960a5f,q28,cell,11,n_delivery,28,4,6.0,6.0,False,,,,,,
"Sonnet, spec",sonnet,full,20260919T003710Z-2ec5e8c-b6960a5f,q28,cell,12,n_candidates,9,5,0.8,0.8,True,,,,,,
"Sonnet, spec",sonnet,full,20260919T003710Z-2ec5e8c-b6960a5f,q28,cell,12,n_delivery,8,4,1.0,1.0,True,,,,,,
"Sonnet, spec",sonnet,full,20260919T003710Z-2ec5e8c-b6960a5f,q28,cell,13,n_candidates,30,5,5.0,5.0,False,,,,,,
"Sonnet, spec",sonnet,full,20260919T003710Z-2ec5e8c-b6960a5f,q28,cell,13,n_delivery,29,4,6.25,6.25,False,,,,,,
"Sonnet, spec",sonnet,full,20260919T003710Z-2ec5e8c-b6960a5f,q28,cell,14,n_candidates,30,5,5.0,5.0,False,,,,,,
"Sonnet, spec",sonnet,full,20260919T003710Z-2ec5e8c-b6960a5f,q28,cell,14,n_delivery,29,4,6.25,6.25,False,,,,,,
"Sonnet, spec",sonnet,full,20260919T003710Z-2ec5e8c-b6960a5f,q28,cell,15,n_candidates,29,5,4.8,4.8,False,,,,,,
"Sonnet, spec",sonnet,full,20260919T003710Z-2ec5e8c-b6960a5f,q28,cell,15,n_delivery,28,4,6.0,6.0,False,,,,,,
"Sonnet, spec",sonnet,full,20260919T003710Z-2ec5e8c-b6960a5f,q28,cell,16,n_candidates,27,5,4.4,4.4,False,,,,,,
"Sonnet, spec",sonnet,full,20260919T003710Z-2ec5e8c-b6960a5f,q28,cell,16,n_delivery,26,4,5.5,5.5,False,,,,,,
"Sonnet, spec",sonnet,full,20260919T003710Z-2ec5e8c-b6960a5f,q28,cell,17,n_candidates,30,5,5.0,5.0,False,,,,,,
"Sonnet, spec",sonnet,full,20260919T003710Z-2ec5e8c-b6960a5f,q28,cell,17,n_delivery,29,4,6.25,6.25,False,,,,,,
"Sonnet, spec",sonnet,full,20260919T005658Z-2ec5e8c-7405f22d,q17,cell,0,n_fields,38,753,0.949535,0.949535,False,,,,,,
"Sonnet, spec",sonnet,full,20260919T005658Z-2ec5e8c-7405f22d,q17,cell,1,n_fields,2,28,0.928571,0.928571,False,,,,,,
"Sonnet, spec",sonnet,full,20260919T005658Z-2ec5e8c-7405f22d,q18,cell,0,n_fields,1,12,0.916667,0.916667,True,,,,,,
"Sonnet, spec",sonnet,full,20260919T005658Z-2ec5e8c-7405f22d,q19,cell,0,loss_share,0.05046480743691899,0.0969,0.478844,0.479207,False,0.0505,0.478844,,,,
"Sonnet, spec",sonnet,full,20260919T005658Z-2ec5e8c-7405f22d,q19,cell,1,loss_share,0.07142857142857142,0.227,0.685337,0.685337,False,0.071,0.687225,,,,
"Sonnet, spec",sonnet,full,20260919T012348Z-2ec5e8c-91046a81,q28,cell,0,n_candidates,29,5,4.8,4.8,False,,,,,,
"Sonnet, spec",sonnet,full,20260919T012348Z-2ec5e8c-91046a81,q28,cell,0,n_delivery,28,4,6.0,6.0,False,,,,,,
"Sonnet, spec",sonnet,full,20260919T012348Z-2ec5e8c-91046a81,q28,cell,1,n_candidates,26,5,4.2,4.2,False,,,,,,
"Sonnet, spec",sonnet,full,20260919T012348Z-2ec5e8c-91046a81,q28,cell,1,n_delivery,25,4,5.25,5.25,False,,,,,,
"Sonnet, spec",sonnet,full,20260919T012348Z-2ec5e8c-91046a81,q28,cell,2,n_candidates,30,5,5.0,5.0,False,,,,,,
"Sonnet, spec",sonnet,full,20260919T012348Z-2ec5e8c-91046a81,q28,cell,2,n_delivery,29,4,6.25,6.25,False,,,,,,
"Sonnet, spec",sonnet,full,20260919T012348Z-2ec5e8c-91046a81,q28,cell,3,n_candidates,32,5,5.4,5.4,False,,,,,,
"Sonnet, spec",sonnet,full,20260919T012348Z-2ec5e8c-91046a81,q28,cell,3,n_delivery,31,4,6.75,6.75,False,,,,,,
"Sonnet, spec",sonnet,full,20260919T012348Z-2ec5e8c-91046a81,q28,cell,4,n_candidates,30,5,5.0,5.0,False,,,,,,
"Sonnet, spec",sonnet,full,20260919T012348Z-2ec5e8c-91046a81,q28,cell,4,n_delivery,29,4,6.25,6.25,False,,,,,,
"Sonnet, spec",sonnet,full,20260919T012348Z-2ec5e8c-91046a81,q28,cell,5,n_candidates,31,5,5.2,5.2,False,,,,,,
"Sonnet, spec",sonnet,full,20260919T012348Z-2ec5e8c-91046a81,q28,cell,5,n_delivery,30,4,6.5,6.5,False,,,,,,
"Sonnet, spec",sonnet,full,20260919T012348Z-2ec5e8c-91046a81,q28,cell,6,n_candidates,28,5,4.6,4.6,False,,,,,,
"Sonnet, spec",sonnet,full,20260919T012348Z-2ec5e8c-91046a81,q28,cell,6,n_delivery,27,4,5.75,5.75,False,,,,,,
"Sonnet, spec",sonnet,full,20260919T012348Z-2ec5e8c-91046a81,q28,cell,7,n_candidates,30,5,5.0,5.0,False,,,,,,
"Sonnet, spec",sonnet,full,20260919T012348Z-2ec5e8c-91046a81,q28,cell,7,n_delivery,29,4,6.25,6.25,False,,,,,,
"Sonnet, spec",sonnet,full,20260919T012348Z-2ec5e8c-91046a81,q28,cell,8,n_candidates,27,5,4.4,4.4,False,,,,,,
"Sonnet, spec",sonnet,full,20260919T012348Z-2ec5e8c-91046a81,q28,cell,8,n_delivery,26,4,5.5,5.5,False,,,,,,
"Sonnet, spec",sonnet,full,20260919T012348Z-2ec5e8c-91046a81,q28,cell,9,n_candidates,29,5,4.8,4.8,False,,,,,,
"Sonnet, spec",sonnet,full,20260919T012348Z-2ec5e8c-91046a81,q28,cell,9,n_delivery,28,4,6.0,6.0,False,,,,,,
"Sonnet, spec",sonnet,full,20260919T012348Z-2ec5e8c-91046a81,q28,cell,10,n_candidates,29,5,4.8,4.8,False,,,,,,
"Sonnet, spec",sonnet,full,20260919T012348Z-2ec5e8c-91046a81,q28,cell,10,n_delivery,28,4,6.0,6.0,False,,,,,,
"Sonnet, spec",sonnet,full,20260919T012348Z-2ec5e8c-91046a81,q28,cell,11,n_candidates,29,5,4.8,4.8,False,,,,,,
"Sonnet, spec",sonnet,full,20260919T012348Z-2ec5e8c-91046a81,q28,cell,11,n_delivery,28,4,6.0,6.0,False,,,,,,
"Sonnet, spec",sonnet,full,20260919T012348Z-2ec5e8c-91046a81,q28,cell,12,n_candidates,9,5,0.8,0.8,True,,,,,,
"Sonnet, spec",sonnet,full,20260919T012348Z-2ec5e8c-91046a81,q28,cell,12,n_delivery,8,4,1.0,1.0,True,,,,,,
"Sonnet, spec",sonnet,full,20260919T012348Z-2ec5e8c-91046a81,q28,cell,13,n_candidates,30,5,5.0,5.0,False,,,,,,
"Sonnet, spec",sonnet,full,20260919T012348Z-2ec5e8c-91046a81,q28,cell,13,n_delivery,29,4,6.25,6.25,False,,,,,,
"Sonnet, spec",sonnet,full,20260919T012348Z-2ec5e8c-91046a81,q28,cell,14,n_candidates,30,5,5.0,5.0,False,,,,,,
"Sonnet, spec",sonnet,full,20260919T012348Z-2ec5e8c-91046a81,q28,cell,14,n_delivery,29,4,6.25,6.25,False,,,,,,
"Sonnet, spec",sonnet,full,20260919T012348Z-2ec5e8c-91046a81,q28,cell,15,n_candidates,29,5,4.8,4.8,False,,,,,,
"Sonnet, spec",sonnet,full,20260919T012348Z-2ec5e8c-91046a81,q28,cell,15,n_delivery,28,4,6.0,6.0,False,,,,,,
"Sonnet, spec",sonnet,full,20260919T012348Z-2ec5e8c-91046a81,q28,cell,16,n_candidates,27,5,4.4,4.4,False,,,,,,
"Sonnet, spec",sonnet,full,20260919T012348Z-2ec5e8c-91046a81,q28,cell,16,n_delivery,26,4,5.5,5.5,False,,,,,,
"Sonnet, spec",sonnet,full,20260919T012348Z-2ec5e8c-91046a81,q28,cell,17,n_candidates,30,5,5.0,5.0,False,,,,,,
"Sonnet, spec",sonnet,full,20260919T012348Z-2ec5e8c-91046a81,q28,cell,17,n_delivery,29,4,6.25,6.25,False,,,,,,
"Sonnet, spec",sonnet,full,20260919T014250Z-2ec5e8c-934e4a96,q17,cell,0,n_fields,38,753,0.949535,0.949535,False,,,,,,
"Sonnet, spec",sonnet,full,20260919T014250Z-2ec5e8c-934e4a96,q17,cell,1,n_fields,2,28,0.928571,0.928571,False,,,,,,
"Sonnet, spec",sonnet,full,20260919T014250Z-2ec5e8c-934e4a96,q18,cell,0,n_fields,1,12,0.916667,0.916667,True,,,,,,
"Sonnet, spec",sonnet,full,20260919T014250Z-2ec5e8c-934e4a96,q19,cell,0,loss_share,0.05046480743691899,0.0969,0.478844,0.479207,False,0.0505,0.478844,,,,
"Sonnet, spec",sonnet,full,20260919T014250Z-2ec5e8c-934e4a96,q19,cell,1,loss_share,0.07142857142857142,0.227,0.685337,0.685337,False,0.071,0.687225,,,,
"Sonnet, spec",sonnet,full,20260919T020111Z-2ec5e8c-5e882515,q15,cell,0,n_parcels,95,117,0.188034,0.188034,False,,,,,,
"Sonnet, spec",sonnet,full,20260919T020111Z-2ec5e8c-5e882515,q25,shape,,,,,,,,,,4,3,2,3
"Sonnet, spec",sonnet,full,20260919T021543Z-2ec5e8c-64141e7c,q05,cell,0,list_ids,118,117,0.008547,0.008547,True,,,,,,
"Sonnet, spec",sonnet,full,20260919T021543Z-2ec5e8c-64141e7c,q05,cell,0,missing,1,0,,,True,,,,,,
"Sonnet, spec",sonnet,full,20260919T021543Z-2ec5e8c-64141e7c,q17,cell,0,n_fields,38,753,0.949535,0.949535,False,,,,,,
"Sonnet, spec",sonnet,full,20260919T021543Z-2ec5e8c-64141e7c,q17,cell,1,n_fields,2,28,0.928571,0.928571,False,,,,,,
"Sonnet, spec",sonnet,full,20260919T021543Z-2ec5e8c-64141e7c,q18,cell,0,n_fields,1,12,0.916667,0.916667,True,,,,,,
"Sonnet, spec",sonnet,full,20260919T021543Z-2ec5e8c-64141e7c,q28,cell,12,cod_imovel,GO-5212204-B09F3674DFFF46D7AB8D2101F77AFC10,GO-5212204-8F9A53F42FEE4187BBBC3E66F68CEEBE,,,False,,,,,,
"Sonnet, spec",sonnet,full,20260919T021543Z-2ec5e8c-64141e7c,q28,cell,13,cod_imovel,GO-5212204-BC0DD19983DE40DDA0F0E5BF93136C61,GO-5212204-B09F3674DFFF46D7AB8D2101F77AFC10,,,False,,,,,,
"Sonnet, spec",sonnet,full,20260919T021543Z-2ec5e8c-64141e7c,q28,cell,14,cod_imovel,GO-5212204-BCCDDA00F01E4C72BA80402253DCB38A,GO-5212204-BC0DD19983DE40DDA0F0E5BF93136C61,,,False,,,,,,
"Sonnet, spec",sonnet,full,20260919T021543Z-2ec5e8c-64141e7c,q28,cell,15,cod_imovel,GO-5219258-E7F86639E6404DC4AD9B8DBFAFFB112B,GO-5212204-BCCDDA00F01E4C72BA80402253DCB38A,,,False,,,,,,
"Sonnet, spec",sonnet,full,20260919T021543Z-2ec5e8c-64141e7c,q28,cell,17,cod_imovel,GO-5212204-8F9A53F42FEE4187BBBC3E66F68CEEBE,GO-5219258-E7F86639E6404DC4AD9B8DBFAFFB112B,,,False,,,,,,
"Sonnet, spec",sonnet,full,20260919T021543Z-2ec5e8c-64141e7c,q28,cell,17,n_candidates,4,5,0.2,0.2,True,,,,,,
"Sonnet, spec",sonnet,full,20260919T021543Z-2ec5e8c-64141e7c,q28,cell,17,n_delivery,3,4,0.25,0.25,True,,,,,,
