{"type":"FeatureCollection","features":[{"type":"Feature","properties":{"id":"441059-VNM.17_1-2021","pfaf_id":441059,"country":"Vietnam","province":"Đồng Nai","area_km2":577,"bws":1.05,"bwd":0.67,"gtd":-9999,"iav":1.14,"sev":2.02,"rfr":4.03,"cfr":4,"drr":2.81,"ucw":5,"cep":1.06,"udw":2.39,"usa":4.01,"rri":2.6,"official_qan":3.14,"official_qal":3.84,"official_rrr":3.29,"official_tot":3.36,"name":"Đồng Nai · 441059","note":"indicators real (v4 2023); ensemble modelled","archetype":"consensus","bws_h08":0.79,"bws_pcrglobwb":1.33,"bws_watergap2":1.06,"bws_cwatm":1.1,"bws_lpjml":1.32,"bws_mean":1.12,"bws_std":0.2,"bws_min":0.79,"bws_max":1.33,"bws_range":0.54,"bws_class":1,"bws_agreement":"high","bws_caution":0,"fut_h08":1.66,"fut_pcrglobwb":2.3,"fut_watergap2":2.07,"fut_cwatm":1.44,"fut_lpjml":1.81,"fut_mean":1.86,"fut_std":0.3,"fut_min":1.44,"fut_max":2.3,"fut_range":0.86,"fut_class":1,"fut_agreement":"high","fut_caution":0,"stale":true,"stale_note":"Score unchanged year-over-year: the underlying dataset is a periodic snapshot (2023 vintage) — annual disclosure cycles outpace it, so identical scores are expected, not a bug."},"geometry":{"type":"Polygon","coordinates":[[[107.0146,10.64389],[107.05429,10.65829],[107.09646,10.65201],[107.1012,10.66328],[107.13378,10.68513],[107.13825,10.7449],[107.15446,10.74427],[107.17347,10.75931],[107.15267,10.80045],[107.13091,10.79965],[107.12255,10.79131],[107.09758,10.79202],[107.0875,10.79583],[107.08678,10.80749],[107.06763,10.81346],[107.06175,10.82426],[107.04301,10.8257],[107.04648,10.83782],[107.04089,10.85761],[107.01458,10.85477],[106.97083,10.86667],[106.9464,10.80638],[106.93262,10.74255],[106.91752,10.73665],[106.91165,10.72585],[106.86841,10.73298],[106.85245,10.71286],[106.83333,10.70833],[106.83407,10.7008],[106.86188,10.68133],[106.86728,10.66297],[106.85134,10.65315],[106.88297,10.6474],[106.94132,10.59665],[106.96067,10.59354],[106.97459,10.58237],[106.98336,10.57973],[106.98941,10.6175],[106.99636,10.61778],[106.99812,10.60766],[107.00795,10.61326],[106.99621,10.62664],[107.00324,10.63694],[106.99974,10.65717],[107.0146,10.64389]]]}},{"type":"Feature","properties":{"id":"441059-VNM.17_1-None","pfaf_id":441059,"country":"Vietnam","province":"Đồng Nai","area_km2":12,"bws":1.05,"bwd":0.67,"gtd":-9999,"iav":1.14,"sev":2.02,"rfr":4.03,"cfr":4,"drr":2.81,"ucw":5,"cep":1.06,"udw":2.39,"usa":4.01,"rri":2.6,"official_qan":3.14,"official_qal":3.84,"official_rrr":3.29,"official_tot":3.36,"name":"Đồng Nai · 441059 b","note":"indicators real (v4 2023); ensemble modelled","archetype":"consensus","bws_h08":1.17,"bws_pcrglobwb":1.09,"bws_watergap2":1.31,"bws_cwatm":1.17,"bws_lpjml":1.28,"bws_mean":1.2,"bws_std":0.08,"bws_min":1.09,"bws_max":1.31,"bws_range":0.22,"bws_class":1,"bws_agreement":"high","bws_caution":0,"fut_h08":1.86,"fut_pcrglobwb":1.58,"fut_watergap2":1.79,"fut_cwatm":1.96,"fut_lpjml":1.76,"fut_mean":1.79,"fut_std":0.13,"fut_min":1.58,"fut_max":1.96,"fut_range":0.38,"fut_class":1,"fut_agreement":"high","fut_caution":0},"geometry":{"type":"MultiPolygon","coordinates":[[[[106.93845,10.59934],[106.90414,10.63139],[106.88369,10.64492],[106.9097,10.61002],[106.93845,10.59934]]],[[[107.0146,10.64389],[106.99974,10.65717],[107.00324,10.63694],[107.01706,10.63295],[107.0146,10.64389]]],[[[106.99812,10.60766],[106.99636,10.61778],[106.98941,10.6175],[106.98336,10.57973],[106.99069,10.60489],[106.99812,10.60766]]],[[[106.87189,10.6471],[106.85134,10.65315],[106.85836,10.63719],[106.87189,10.6471]]]]}},{"type":"Feature","properties":{"id":"441059-VNM.25_1-2021","pfaf_id":441059,"country":"Vietnam","province":"Hồ Chí Minh","area_km2":74,"bws":1.05,"bwd":0.67,"gtd":-9999,"iav":1.14,"sev":2.02,"rfr":4.03,"cfr":4,"drr":2.81,"ucw":5,"cep":1.06,"udw":2.39,"usa":4.01,"rri":2.6,"official_qan":3.14,"official_qal":3.84,"official_rrr":3.29,"official_tot":3.36,"name":"Hồ Chí Minh · 441059","note":"indicators real (v4 2023); ensemble modelled","archetype":"spread","bws_h08":1.51,"bws_pcrglobwb":1.08,"bws_watergap2":1.25,"bws_cwatm":0.73,"bws_lpjml":0.5,"bws_mean":1.01,"bws_std":0.36,"bws_min":0.5,"bws_max":1.51,"bws_range":1.01,"bws_class":1,"bws_agreement":"medium","bws_caution":0,"fut_h08":1.86,"fut_pcrglobwb":1.34,"fut_watergap2":1.97,"fut_cwatm":1.34,"fut_lpjml":1.49,"fut_mean":1.6,"fut_std":0.27,"fut_min":1.34,"fut_max":1.97,"fut_range":0.63,"fut_class":1,"fut_agreement":"high","fut_caution":0},"geometry":{"type":"MultiPolygon","coordinates":[[[[106.98333,10.50417],[106.99549,10.5275],[106.98191,10.55806],[106.98336,10.57973],[106.96067,10.59354],[106.94132,10.59665],[106.94357,10.5875],[106.9322,10.56722],[106.95886,10.47917],[106.98333,10.50417]]],[[[107.00795,10.61326],[106.99812,10.60766],[106.99165,10.57],[107.00137,10.54028],[107.01831,10.53361],[107.02306,10.54629],[107.01069,10.55462],[107.02207,10.57541],[107.02163,10.58833],[107.00795,10.61326]]],[[[106.88297,10.6474],[106.87189,10.6471],[106.88369,10.64492],[106.88297,10.6474]]],[[[106.98314,10.50226],[106.98507,10.50461],[106.98333,10.50417],[106.98314,10.50226]]]]}},{"type":"Feature","properties":{"id":"441059-VNM.25_1-2122","pfaf_id":441059,"country":"Vietnam","province":"Hồ Chí Minh","area_km2":170,"bws":1.05,"bwd":0.67,"gtd":2.17,"iav":1.14,"sev":2.02,"rfr":4.03,"cfr":4,"drr":2.81,"ucw":5,"cep":1.06,"udw":2.39,"usa":4.01,"rri":2.6,"official_qan":3.29,"official_qal":3.84,"official_rrr":3.29,"official_tot":3.32,"name":"Hồ Chí Minh · 441059 b","note":"indicators real (v4 2023); ensemble modelled","archetype":"divergent","bws_h08":0.88,"bws_pcrglobwb":1.5,"bws_watergap2":1.51,"bws_cwatm":0.58,"bws_lpjml":1.06,"bws_mean":1.11,"bws_std":0.36,"bws_min":0.58,"bws_max":1.51,"bws_range":0.93,"bws_class":1,"bws_agreement":"high","bws_caution":0,"fut_h08":0,"fut_pcrglobwb":2.13,"fut_watergap2":2.84,"fut_cwatm":1.62,"fut_lpjml":1.57,"fut_mean":1.63,"fut_std":0.94,"fut_min":0,"fut_max":2.84,"fut_range":2.84,"fut_class":1,"fut_agreement":"low","fut_caution":1},"geometry":{"type":"Polygon","coordinates":[[[106.86659,10.45506],[106.87358,10.50611],[106.84598,10.55938],[106.83295,10.60179],[106.82172,10.59929],[106.8161,10.58825],[106.81723,10.56446],[106.82557,10.5551],[106.82057,10.54697],[106.82854,10.54492],[106.82917,10.53333],[106.80612,10.5339],[106.7866,10.55351],[106.77205,10.55473],[106.76998,10.54668],[106.75462,10.53648],[106.75228,10.49523],[106.77549,10.45261],[106.82834,10.4035],[106.85264,10.40397],[106.8638,10.43683],[106.85923,10.43291],[106.85399,10.45319],[106.86659,10.45506]]]}},{"type":"Feature","properties":{"id":"441059-VNM.25_1-2123","pfaf_id":441059,"country":"Vietnam","province":"Hồ Chí Minh","area_km2":61,"bws":1.05,"bwd":0.67,"gtd":2.03,"iav":1.14,"sev":2.02,"rfr":4.03,"cfr":4,"drr":2.81,"ucw":5,"cep":1.06,"udw":2.39,"usa":4.01,"rri":2.6,"official_qan":3.24,"official_qal":3.84,"official_rrr":3.29,"official_tot":3.28,"name":"Hồ Chí Minh · 441059 c","note":"indicators real (v4 2023); ensemble modelled","archetype":"consensus","bws_h08":1.11,"bws_pcrglobwb":1.12,"bws_watergap2":1.3,"bws_cwatm":0.96,"bws_lpjml":1.03,"bws_mean":1.1,"bws_std":0.11,"bws_min":0.96,"bws_max":1.3,"bws_range":0.34,"bws_class":1,"bws_agreement":"high","bws_caution":0,"fut_h08":1.61,"fut_pcrglobwb":1.43,"fut_watergap2":2.06,"fut_cwatm":1.03,"fut_lpjml":1.72,"fut_mean":1.57,"fut_std":0.34,"fut_min":1.03,"fut_max":2.06,"fut_range":1.03,"fut_class":1,"fut_agreement":"medium","fut_caution":0},"geometry":{"type":"Polygon","coordinates":[[[106.86112,10.62967],[106.8703,10.62833],[106.88812,10.60047],[106.87145,10.57716],[106.86567,10.55355],[106.85059,10.56825],[106.85135,10.56195],[106.8758,10.53028],[106.89082,10.52083],[106.90469,10.52083],[106.93109,10.54806],[106.92746,10.59278],[106.8794,10.63722],[106.86112,10.62967]]]}},{"type":"Feature","properties":{"id":"441059-VNM.25_1-None","pfaf_id":441059,"country":"Vietnam","province":"Hồ Chí Minh","area_km2":194,"bws":1.05,"bwd":0.67,"gtd":-9999,"iav":1.14,"sev":2.02,"rfr":4.03,"cfr":4,"drr":2.81,"ucw":5,"cep":1.06,"udw":2.39,"usa":4.01,"rri":2.6,"official_qan":3.14,"official_qal":3.84,"official_rrr":3.29,"official_tot":3.36,"name":"Hồ Chí Minh · 441059 d","note":"indicators real (v4 2023); ensemble modelled","archetype":"spread","bws_h08":1.33,"bws_pcrglobwb":1.35,"bws_watergap2":0.21,"bws_cwatm":0.72,"bws_lpjml":1.72,"bws_mean":1.07,"bws_std":0.53,"bws_min":0.21,"bws_max":1.72,"bws_range":1.51,"bws_class":1,"bws_agreement":"medium","bws_caution":0,"fut_h08":1.85,"fut_pcrglobwb":1.71,"fut_watergap2":0.53,"fut_cwatm":1.44,"fut_lpjml":2.14,"fut_mean":1.53,"fut_std":0.55,"fut_min":0.53,"fut_max":2.14,"fut_range":1.61,"fut_class":1,"fut_agreement":"medium","fut_caution":0},"geometry":{"type":"MultiPolygon","coordinates":[[[[106.85836,10.63719],[106.86112,10.62967],[106.8794,10.63722],[106.92913,10.58694],[106.93109,10.54806],[106.89775,10.51945],[106.86774,10.53833],[106.8423,10.576],[106.8411,10.59388],[106.83295,10.60179],[106.84598,10.55938],[106.87358,10.50611],[106.86934,10.47129],[106.87564,10.46522],[106.87436,10.45203],[106.86171,10.4235],[106.87861,10.38542],[106.87578,10.37568],[106.90047,10.37438],[106.97407,10.40509],[106.97489,10.41967],[106.93307,10.43845],[106.93812,10.46297],[106.93272,10.4713],[106.93761,10.47801],[106.94616,10.46753],[106.9711,10.46155],[106.96605,10.45127],[106.97363,10.44938],[106.97978,10.4713],[106.97513,10.47767],[106.99163,10.48053],[106.98688,10.48824],[106.99645,10.50047],[106.9877,10.50817],[106.98242,10.49519],[106.95886,10.47917],[106.94993,10.50354],[106.94647,10.50091],[106.9322,10.56722],[106.94357,10.5875],[106.94132,10.59665],[106.92064,10.61004],[106.9097,10.61002],[106.88369,10.64492],[106.87189,10.6471],[106.85836,10.63719]]],[[[106.98191,10.55806],[106.99549,10.5275],[106.99117,10.51205],[107.00638,10.51307],[107.0271,10.5378],[107.02306,10.54629],[107.01831,10.53361],[107.00137,10.54028],[106.99165,10.57],[106.99812,10.60766],[106.98605,10.59603],[106.98191,10.55806]]],[[[106.82834,10.4035],[106.8338,10.39105],[106.85264,10.40397],[106.84191,10.40222],[106.82834,10.4035]]],[[[107.02207,10.57541],[107.0266,10.58846],[107.01472,10.60848],[107.02163,10.58833],[107.02207,10.57541]]],[[[106.7531,10.50913],[106.75,10.49583],[106.75228,10.49523],[106.7531,10.50913]]],[[[106.86659,10.45506],[106.87019,10.46037],[106.87083,10.46667],[106.86858,10.46724],[106.86659,10.45506]]],[[[106.78703,10.44041],[106.81295,10.41356],[106.81469,10.41307],[106.78703,10.44041]]]]}},{"type":"Feature","properties":{"id":"441060-VNM.17_1-2008","pfaf_id":441060,"country":"Vietnam","province":"Đồng Nai","area_km2":722,"bws":1.7,"bwd":1.14,"gtd":-9999,"iav":1.07,"sev":2.33,"rfr":3.8,"cfr":3.03,"drr":2.17,"ucw":5,"cep":1.94,"udw":1.75,"usa":3.33,"rri":2.6,"official_qan":3.36,"official_qal":4.13,"official_rrr":2.82,"official_tot":3.38,"name":"Đồng Nai · 441060","note":"indicators real (v4 2023); ensemble modelled","archetype":"divergent","bws_h08":1.42,"bws_pcrglobwb":1.58,"bws_watergap2":1.69,"bws_cwatm":1.25,"bws_lpjml":2.2,"bws_mean":1.63,"bws_std":0.32,"bws_min":1.25,"bws_max":2.2,"bws_range":0.95,"bws_class":1,"bws_agreement":"high","bws_caution":0,"fut_h08":0,"fut_pcrglobwb":2.09,"fut_watergap2":2.91,"fut_cwatm":2.58,"fut_lpjml":2.66,"fut_mean":2.05,"fut_std":1.06,"fut_min":0,"fut_max":2.91,"fut_range":2.91,"fut_class":2,"fut_agreement":"low","fut_caution":1},"geometry":{"type":"Polygon","coordinates":[[[106.96644,11.31551],[106.95594,11.30331],[106.93848,11.3083],[106.94164,11.29428],[106.92744,11.2683],[106.92853,11.24836],[106.92372,11.24188],[106.91158,11.24185],[106.91823,11.22035],[106.90157,11.20787],[106.90834,11.19195],[106.93394,11.18858],[106.94573,11.17671],[106.94138,11.16768],[106.95364,11.16349],[106.95593,11.15273],[106.9646,11.14972],[106.96535,11.14272],[106.9558,11.14215],[106.9534,11.12972],[106.96521,11.11221],[106.94723,11.08992],[106.946,11.07641],[106.95177,11.07343],[106.94643,11.0579],[106.93248,11.06455],[106.92249,11.05611],[106.92277,11.04691],[106.91237,11.04036],[106.90667,11.02186],[106.89586,11.02764],[106.87268,11.01983],[106.8386,11.04153],[106.8287,11.06363],[106.80188,11.05965],[106.79977,11.05284],[106.81288,11.03679],[106.80927,11.02658],[106.7851,11.01815],[106.77451,11.00526],[106.77622,10.99832],[106.79489,10.97032],[106.83516,10.94848],[107.1421,10.83038],[107.11297,10.91086],[107.07581,10.9751],[107.04256,11.05819],[106.96644,11.31551]]]}},{"type":"Feature","properties":{"id":"441060-VNM.17_1-2021","pfaf_id":441060,"country":"Vietnam","province":"Đồng Nai","area_km2":447,"bws":1.7,"bwd":1.14,"gtd":-9999,"iav":1.07,"sev":2.33,"rfr":3.8,"cfr":3.03,"drr":2.17,"ucw":5,"cep":1.94,"udw":1.75,"usa":3.33,"rri":2.6,"official_qan":3.36,"official_qal":4.13,"official_rrr":2.82,"official_tot":3.38,"name":"Đồng Nai · 441060 b","note":"indicators real (v4 2023); ensemble modelled","archetype":"spread","bws_h08":2.44,"bws_pcrglobwb":1.85,"bws_watergap2":1.21,"bws_cwatm":1.77,"bws_lpjml":2.44,"bws_mean":1.94,"bws_std":0.46,"bws_min":1.21,"bws_max":2.44,"bws_range":1.23,"bws_class":1,"bws_agreement":"medium","bws_caution":0,"fut_h08":2.91,"fut_pcrglobwb":2.83,"fut_watergap2":2.01,"fut_cwatm":2.93,"fut_lpjml":3.18,"fut_mean":2.77,"fut_std":0.4,"fut_min":2.01,"fut_max":3.18,"fut_range":1.17,"fut_class":2,"fut_agreement":"medium","fut_caution":0},"geometry":{"type":"Polygon","coordinates":[[[107.1421,10.83038],[106.83516,10.94848],[106.79489,10.97032],[106.7755,10.95928],[106.76784,10.96446],[106.76273,10.95333],[106.77048,10.9511],[106.77077,10.94281],[106.79058,10.93222],[106.79411,10.92368],[106.81208,10.91756],[106.81624,10.90284],[106.83831,10.90334],[106.85107,10.87628],[106.84957,10.85624],[106.88192,10.80849],[106.86532,10.78911],[106.87456,10.76952],[106.86807,10.7644],[106.85192,10.77464],[106.84034,10.77331],[106.82809,10.76015],[106.82314,10.76159],[106.82609,10.77394],[106.8164,10.77991],[106.79916,10.75899],[106.76774,10.74193],[106.75385,10.72482],[106.75195,10.70498],[106.77215,10.67743],[106.85134,10.65315],[106.86545,10.65907],[106.86188,10.68133],[106.83407,10.7008],[106.83333,10.70833],[106.85245,10.71286],[106.86841,10.73298],[106.91165,10.72585],[106.91752,10.73665],[106.93262,10.74255],[106.9464,10.80638],[106.97083,10.86667],[107.01458,10.85477],[107.04089,10.85761],[107.04648,10.83782],[107.04301,10.8257],[107.06175,10.82426],[107.06763,10.81346],[107.08678,10.80749],[107.0875,10.79583],[107.09758,10.79202],[107.12255,10.79131],[107.13091,10.79965],[107.15267,10.80045],[107.1421,10.83038]]]}},{"type":"Feature","properties":{"id":"441060-VNM.17_1-None","pfaf_id":441060,"country":"Vietnam","province":"Đồng Nai","area_km2":15,"bws":1.7,"bwd":1.14,"gtd":-9999,"iav":1.07,"sev":2.33,"rfr":3.8,"cfr":3.03,"drr":2.17,"ucw":5,"cep":1.94,"udw":1.75,"usa":3.33,"rri":2.6,"official_qan":3.36,"official_qal":4.13,"official_rrr":2.82,"official_tot":3.38,"name":"Đồng Nai · 441060 c","note":"indicators real (v4 2023); ensemble modelled","archetype":"bimodal","bws_h08":4.42,"bws_pcrglobwb":0.81,"bws_watergap2":4.45,"bws_cwatm":4.51,"bws_lpjml":0.64,"bws_mean":2.97,"bws_std":1.83,"bws_min":0.64,"bws_max":4.51,"bws_range":3.87,"bws_class":2,"bws_agreement":"low","bws_caution":1,"fut_h08":4.74,"fut_pcrglobwb":0.71,"fut_watergap2":4.88,"fut_cwatm":4.73,"fut_lpjml":0.55,"fut_mean":3.12,"fut_std":2.04,"fut_min":0.55,"fut_max":4.88,"fut_range":4.33,"fut_class":3,"fut_agreement":"low","fut_caution":1},"geometry":{"type":"Polygon","coordinates":[[[106.85134,10.65315],[106.79274,10.66972],[106.78283,10.67314],[106.80708,10.65746],[106.82393,10.62904],[106.83762,10.62704],[106.8428,10.63802],[106.85836,10.63719],[106.85134,10.65315]]]}},{"type":"Feature","properties":{"id":"441060-VNM.25_1-2021","pfaf_id":441060,"country":"Vietnam","province":"Hồ Chí Minh","area_km2":1343,"bws":1.7,"bwd":1.14,"gtd":-9999,"iav":1.07,"sev":2.33,"rfr":3.8,"cfr":3.03,"drr":2.17,"ucw":5,"cep":1.94,"udw":1.75,"usa":3.33,"rri":2.6,"official_qan":3.36,"official_qal":4.13,"official_rrr":2.82,"official_tot":3.38,"name":"Hồ Chí Minh · 441060","note":"indicators real (v4 2023); ensemble modelled","archetype":"divergent","bws_h08":1.81,"bws_pcrglobwb":2.17,"bws_watergap2":1.44,"bws_cwatm":1.29,"bws_lpjml":1.85,"bws_mean":1.71,"bws_std":0.31,"bws_min":1.29,"bws_max":2.17,"bws_range":0.88,"bws_class":1,"bws_agreement":"high","bws_caution":0,"fut_h08":0,"fut_pcrglobwb":3.19,"fut_watergap2":2.79,"fut_cwatm":2.66,"fut_lpjml":3.12,"fut_mean":2.35,"fut_std":1.19,"fut_min":0,"fut_max":3.19,"fut_range":3.19,"fut_class":2,"fut_agreement":"low","fut_caution":1},"geometry":{"type":"Polygon","coordinates":[[[106.84024,10.89893],[106.82376,10.89202],[106.80857,10.87303],[106.78893,10.87195],[106.78776,10.86721],[106.77995,10.86839],[106.78053,10.8815],[106.76905,10.89372],[106.76053,10.88125],[106.76221,10.86726],[106.74871,10.86563],[106.7485,10.87827],[106.71761,10.89638],[106.7131,10.88989],[106.72353,10.87185],[106.7028,10.86696],[106.68931,10.88119],[106.69453,10.89624],[106.68489,10.92114],[106.66791,10.92094],[106.65043,10.93392],[106.6484,10.98082],[106.62793,10.97948],[106.61709,10.9881],[106.6175,11.01102],[106.59931,11.01464],[106.59519,11.02565],[106.60329,11.03957],[106.60023,11.04475],[106.59104,11.03691],[106.58277,11.03821],[106.57217,11.05446],[106.56757,11.04544],[106.54989,11.04628],[106.53432,11.05755],[106.52383,11.07366],[106.5326,11.09204],[106.52316,11.08986],[106.51637,11.10121],[106.52602,11.10528],[106.52618,11.12147],[106.50616,11.14203],[106.47228,11.14334],[106.46385,11.16001],[106.45277,11.15818],[106.45631,11.14149],[106.44578,11.13583],[106.44238,11.11584],[106.42597,11.09162],[106.42259,11.04659],[106.40891,11.02243],[106.409,10.99736],[106.38733,10.991],[106.37996,10.99607],[106.37858,10.97034],[106.41145,10.97384],[106.45351,10.94188],[106.53293,10.90036],[106.5057,10.79256],[106.53267,10.7866],[106.53333,10.77917],[106.48002,10.75332],[106.47869,10.73978],[106.49158,10.72433],[106.50168,10.72651],[106.50935,10.71718],[106.52022,10.72368],[106.53023,10.71728],[106.53405,10.68789],[106.55052,10.68544],[106.5556,10.6509],[106.56629,10.65644],[106.60108,10.65089],[106.60568,10.6584],[106.61619,10.65352],[106.62169,10.6409],[106.6295,10.64201],[106.64915,10.65502],[106.6595,10.68787],[106.66862,10.67973],[106.69484,10.67856],[106.7007,10.66342],[106.7125,10.65833],[106.71286,10.64972],[106.72963,10.63645],[106.72882,10.60896],[106.72387,10.6119],[106.71973,10.6027],[106.72871,10.57996],[106.73898,10.58509],[106.74529,10.57568],[106.74757,10.53766],[106.77082,10.59111],[106.75693,10.63722],[106.73719,10.66083],[106.76302,10.68055],[106.77215,10.67743],[106.75195,10.70498],[106.75385,10.72482],[106.77622,10.74872],[106.8033,10.76252],[106.8164,10.77991],[106.82609,10.77394],[106.82314,10.76159],[106.82809,10.76015],[106.84034,10.77331],[106.85192,10.77464],[106.86807,10.7644],[106.87456,10.76952],[106.86532,10.78911],[106.87821,10.80054],[106.88012,10.81694],[106.84957,10.85624],[106.85107,10.87628],[106.84024,10.89893]]]}},{"type":"Feature","properties":{"id":"441060-VNM.25_1-2122","pfaf_id":441060,"country":"Vietnam","province":"Hồ Chí Minh","area_km2":63,"bws":1.7,"bwd":1.14,"gtd":2.17,"iav":1.07,"sev":2.33,"rfr":3.8,"cfr":3.03,"drr":2.17,"ucw":5,"cep":1.94,"udw":1.75,"usa":3.33,"rri":2.6,"official_qan":3.45,"official_qal":4.13,"official_rrr":2.82,"official_tot":3.34,"name":"Hồ Chí Minh · 441060 b","note":"indicators real (v4 2023); ensemble modelled","archetype":"divergent","bws_h08":2,"bws_pcrglobwb":1.39,"bws_watergap2":1.3,"bws_cwatm":1.84,"bws_lpjml":2,"bws_mean":1.71,"bws_std":0.3,"bws_min":1.3,"bws_max":2,"bws_range":0.7,"bws_class":1,"bws_agreement":"high","bws_caution":0,"fut_h08":0.06,"fut_pcrglobwb":2.37,"fut_watergap2":2.71,"fut_cwatm":3.14,"fut_lpjml":3.23,"fut_mean":2.3,"fut_std":1.16,"fut_min":0.06,"fut_max":3.23,"fut_range":3.17,"fut_class":2,"fut_agreement":"low","fut_caution":1},"geometry":{"type":"Polygon","coordinates":[[[106.83295,10.60179],[106.82719,10.62055],[106.78172,10.66317],[106.77549,10.59095],[106.75462,10.53648],[106.76998,10.54668],[106.77205,10.55473],[106.7866,10.55351],[106.80612,10.5339],[106.82917,10.53333],[106.82854,10.54492],[106.82057,10.54697],[106.82557,10.5551],[106.81723,10.56446],[106.8161,10.58825],[106.82172,10.59929],[106.83295,10.60179]]]}},{"type":"Feature","properties":{"id":"441060-VNM.25_1-2123","pfaf_id":441060,"country":"Vietnam","province":"Hồ Chí Minh","area_km2":22,"bws":1.7,"bwd":1.14,"gtd":2.03,"iav":1.07,"sev":2.33,"rfr":3.8,"cfr":3.03,"drr":2.17,"ucw":5,"cep":1.94,"udw":1.75,"usa":3.33,"rri":2.6,"official_qan":3.41,"official_qal":4.13,"official_rrr":2.82,"official_tot":3.3,"name":"Hồ Chí Minh · 441060 c","note":"indicators real (v4 2023); ensemble modelled","archetype":"spread","bws_h08":0.72,"bws_pcrglobwb":2.12,"bws_watergap2":1.4,"bws_cwatm":1.95,"bws_lpjml":1.59,"bws_mean":1.56,"bws_std":0.49,"bws_min":0.72,"bws_max":2.12,"bws_range":1.4,"bws_class":1,"bws_agreement":"medium","bws_caution":0,"fut_h08":1.37,"fut_pcrglobwb":3.11,"fut_watergap2":2.67,"fut_cwatm":2.29,"fut_lpjml":2.78,"fut_mean":2.44,"fut_std":0.6,"fut_min":1.37,"fut_max":3.11,"fut_range":1.74,"fut_class":2,"fut_agreement":"medium","fut_caution":0},"geometry":{"type":"Polygon","coordinates":[[[106.85059,10.56825],[106.86567,10.55355],[106.87145,10.57716],[106.88688,10.59367],[106.88812,10.60047],[106.8703,10.62833],[106.85219,10.62556],[106.85059,10.56825]]]}},{"type":"Feature","properties":{"id":"441060-VNM.25_1-None","pfaf_id":441060,"country":"Vietnam","province":"Hồ Chí Minh","area_km2":51,"bws":1.7,"bwd":1.14,"gtd":-9999,"iav":1.07,"sev":2.33,"rfr":3.8,"cfr":3.03,"drr":2.17,"ucw":5,"cep":1.94,"udw":1.75,"usa":3.33,"rri":2.6,"official_qan":3.36,"official_qal":4.13,"official_rrr":2.82,"official_tot":3.38,"name":"Hồ Chí Minh · 441060 d","note":"indicators real (v4 2023); ensemble modelled","archetype":"divergent","bws_h08":1.59,"bws_pcrglobwb":1.27,"bws_watergap2":1.92,"bws_cwatm":2.15,"bws_lpjml":1.5,"bws_mean":1.69,"bws_std":0.31,"bws_min":1.27,"bws_max":2.15,"bws_range":0.88,"bws_class":1,"bws_agreement":"high","bws_caution":0,"fut_h08":0,"fut_pcrglobwb":2.54,"fut_watergap2":3.48,"fut_cwatm":3.62,"fut_lpjml":2.82,"fut_mean":2.49,"fut_std":1.31,"fut_min":0,"fut_max":3.62,"fut_range":3.62,"fut_class":2,"fut_agreement":"low","fut_caution":1},"geometry":{"type":"Polygon","coordinates":[[[106.75462,10.53648],[106.77549,10.59095],[106.78172,10.66317],[106.82719,10.62055],[106.8411,10.59388],[106.8423,10.576],[106.85059,10.56825],[106.85219,10.62556],[106.86112,10.62967],[106.85836,10.63719],[106.8428,10.63802],[106.83762,10.62704],[106.82393,10.62904],[106.80708,10.65746],[106.78283,10.67314],[106.76302,10.68055],[106.74414,10.67],[106.73719,10.66083],[106.73941,10.65194],[106.75693,10.63722],[106.77082,10.59111],[106.74757,10.53766],[106.74583,10.49583],[106.7531,10.50913],[106.75462,10.53648]]]}},{"type":"Feature","properties":{"id":"441060-VNM.39_1-2021","pfaf_id":441060,"country":"Vietnam","province":"Long An","area_km2":219,"bws":1.7,"bwd":1.14,"gtd":-9999,"iav":1.07,"sev":2.33,"rfr":3.8,"cfr":3.03,"drr":2.17,"ucw":5,"cep":1.94,"udw":1.75,"usa":3.33,"rri":2.6,"official_qan":3.36,"official_qal":4.13,"official_rrr":2.82,"official_tot":3.38,"name":"Long An · 441060","note":"indicators real (v4 2023); ensemble modelled","archetype":"spread","bws_h08":1,"bws_pcrglobwb":2.38,"bws_watergap2":1.14,"bws_cwatm":0.87,"bws_lpjml":0.88,"bws_mean":1.25,"bws_std":0.57,"bws_min":0.87,"bws_max":2.38,"bws_range":1.51,"bws_class":1,"bws_agreement":"medium","bws_caution":0,"fut_h08":2.42,"fut_pcrglobwb":2.91,"fut_watergap2":2.5,"fut_cwatm":2.1,"fut_lpjml":2.39,"fut_mean":2.46,"fut_std":0.26,"fut_min":2.1,"fut_max":2.91,"fut_range":0.81,"fut_class":2,"fut_agreement":"high","fut_caution":0},"geometry":{"type":"MultiPolygon","coordinates":[[[[106.37858,10.97034],[106.35835,10.94792],[106.35777,10.93455],[106.39092,10.91193],[106.40323,10.9214],[106.41601,10.91577],[106.41732,10.90097],[106.4375,10.89167],[106.43819,10.87578],[106.44866,10.87448],[106.45137,10.88395],[106.47299,10.87562],[106.46605,10.87363],[106.46728,10.84367],[106.47176,10.83426],[106.48243,10.83267],[106.49527,10.81888],[106.5057,10.79256],[106.5316,10.90265],[106.45351,10.94188],[106.41145,10.97384],[106.37858,10.97034]]],[[[106.47869,10.73978],[106.49202,10.71004],[106.49792,10.70418],[106.50662,10.70797],[106.51631,10.69826],[106.51667,10.67083],[106.5125,10.67083],[106.51759,10.65093],[106.52822,10.64557],[106.52997,10.6576],[106.55063,10.65967],[106.55052,10.68544],[106.53405,10.68789],[106.53023,10.71728],[106.52022,10.72368],[106.50935,10.71718],[106.50168,10.72651],[106.49158,10.72433],[106.47869,10.73978]]],[[[106.55287,10.65717],[106.54938,10.6338],[106.55478,10.61297],[106.54993,10.60538],[106.55659,10.60452],[106.56841,10.61631],[106.58992,10.61702],[106.60737,10.62566],[106.61709,10.65001],[106.60568,10.6584],[106.60108,10.65089],[106.59177,10.65008],[106.56629,10.65644],[106.5556,10.6509],[106.55287,10.65717]]],[[[106.74757,10.53766],[106.74529,10.57568],[106.73898,10.58509],[106.72871,10.57996],[106.72078,10.60135],[106.70355,10.59483],[106.7086,10.55928],[106.69522,10.55733],[106.70478,10.5528],[106.7,10.5375],[106.71587,10.53829],[106.71746,10.54921],[106.7282,10.55077],[106.73053,10.55895],[106.74102,10.55753],[106.74176,10.52491],[106.74757,10.53766]]],[[[106.71286,10.64972],[106.72562,10.6213],[106.72419,10.61346],[106.71605,10.61113],[106.71973,10.6027],[106.72387,10.6119],[106.72882,10.60896],[106.72963,10.63645],[106.71286,10.64972]]]]}},{"type":"Feature","properties":{"id":"441060-VNM.53_1-2021","pfaf_id":441060,"country":"Vietnam","province":"Tây Ninh","area_km2":1331,"bws":1.7,"bwd":1.14,"gtd":-9999,"iav":1.07,"sev":2.33,"rfr":3.8,"cfr":3.03,"drr":2.17,"ucw":5,"cep":1.94,"udw":1.75,"usa":3.33,"rri":2.6,"official_qan":3.36,"official_qal":4.13,"official_rrr":2.82,"official_tot":3.38,"name":"Tây Ninh · 441060","note":"indicators real (v4 2023); ensemble modelled","archetype":"divergent","bws_h08":1.9,"bws_pcrglobwb":2,"bws_watergap2":1.28,"bws_cwatm":1.49,"bws_lpjml":1.83,"bws_mean":1.7,"bws_std":0.27,"bws_min":1.28,"bws_max":2,"bws_range":0.72,"bws_class":1,"bws_agreement":"high","bws_caution":0,"fut_h08":0,"fut_pcrglobwb":2.84,"fut_watergap2":2.71,"fut_cwatm":2.91,"fut_lpjml":2.86,"fut_mean":2.26,"fut_std":1.13,"fut_min":0,"fut_max":2.91,"fut_range":2.91,"fut_class":2,"fut_agreement":"low","fut_caution":1},"geometry":{"type":"MultiPolygon","coordinates":[[[[106.45006,11.67021],[106.42716,11.67289],[106.39693,11.69164],[106.36915,11.69642],[106.33861,11.68097],[106.33222,11.68608],[106.31587,11.676],[106.29855,11.67535],[106.27159,11.70329],[106.26648,11.71941],[106.20657,11.73151],[106.18797,11.75312],[106.16781,11.74837],[106.15411,11.73637],[106.14138,11.74266],[106.13693,11.73408],[106.14167,11.72083],[106.16587,11.71171],[106.16746,11.70079],[106.19093,11.69086],[106.19167,11.68333],[106.18423,11.68267],[106.17557,11.66888],[106.16714,11.63958],[106.18683,11.61988],[106.18665,11.59238],[106.17605,11.59098],[106.17943,11.5803],[106.17168,11.57832],[106.16601,11.55507],[106.15904,11.55328],[106.15464,11.53958],[106.17149,11.49263],[106.18693,11.48138],[106.1875,11.4625],[106.17027,11.44092],[106.17557,11.41371],[106.16347,11.40794],[106.16285,11.39758],[106.17591,11.3798],[106.19484,11.37853],[106.22674,11.35035],[106.25,11.34167],[106.25361,11.28542],[106.23272,11.24657],[106.24645,11.23613],[106.24505,11.2258],[106.22438,11.2153],[106.23249,11.20772],[106.2537,11.21728],[106.27002,11.21595],[106.275,11.20833],[106.31203,11.19938],[106.32708,11.20777],[106.34096,11.20336],[106.34237,11.18416],[106.37146,11.16943],[106.36187,11.15069],[106.36339,11.13722],[106.37895,11.1407],[106.38369,11.12671],[106.40591,11.10869],[106.40522,11.08819],[106.41578,11.08679],[106.425,11.06863],[106.42597,11.09162],[106.43085,11.09206],[106.4484,11.13087],[106.42986,11.14861],[106.43712,11.15814],[106.43256,11.17214],[106.40997,11.17335],[106.41072,11.18359],[106.38811,11.18549],[106.38385,11.1927],[106.38898,11.21285],[106.38005,11.21759],[106.38392,11.22769],[106.37128,11.24467],[106.36192,11.23809],[106.352,11.25127],[106.35887,11.26086],[106.35285,11.26599],[106.35638,11.28414],[106.34754,11.28964],[106.34109,11.28556],[106.33789,11.30258],[106.34379,11.32691],[106.33109,11.35317],[106.35069,11.3767],[106.37475,11.45414],[106.41203,11.47287],[106.42799,11.51236],[106.4269,11.53266],[106.4408,11.54629],[106.45495,11.54138],[106.48035,11.54709],[106.49032,11.5704],[106.48311,11.59478],[106.48673,11.60332],[106.46944,11.61391],[106.45006,11.67021]]],[[[106.40576,11.00488],[106.41282,11.00894],[106.40891,11.02243],[106.42008,11.03616],[106.42067,11.05796],[106.41667,11.0375],[106.40816,11.04233],[106.39594,11.03621],[106.40576,11.00488]]]]}},{"type":"Feature","properties":{"id":"441060-VNM.9_1-2008","pfaf_id":441060,"country":"Vietnam","province":"Bình Dương","area_km2":1953,"bws":1.7,"bwd":1.14,"gtd":-9999,"iav":1.07,"sev":2.33,"rfr":3.8,"cfr":3.03,"drr":2.17,"ucw":5,"cep":1.94,"udw":1.75,"usa":3.33,"rri":2.6,"official_qan":3.36,"official_qal":4.13,"official_rrr":2.82,"official_tot":3.38,"name":"Bình Dương · 441060","note":"indicators real (v4 2023); ensemble modelled","archetype":"spread","bws_h08":2.6,"bws_pcrglobwb":2.34,"bws_watergap2":1.57,"bws_cwatm":2.02,"bws_lpjml":1.19,"bws_mean":1.94,"bws_std":0.51,"bws_min":1.19,"bws_max":2.6,"bws_range":1.41,"bws_class":1,"bws_agreement":"medium","bws_caution":0,"fut_h08":2.97,"fut_pcrglobwb":2.76,"fut_watergap2":1.74,"fut_cwatm":2.51,"fut_lpjml":2.02,"fut_mean":2.4,"fut_std":0.46,"fut_min":1.74,"fut_max":2.97,"fut_range":1.23,"fut_class":2,"fut_agreement":"medium","fut_caution":0},"geometry":{"type":"Polygon","coordinates":[[[106.5307,11.47427],[106.48488,11.42675],[106.44303,11.3236],[106.45467,11.22044],[106.59105,11.07977],[106.79489,10.97032],[106.77451,11.00526],[106.7851,11.01815],[106.80927,11.02658],[106.81288,11.03679],[106.79977,11.05284],[106.80188,11.05965],[106.8287,11.06363],[106.8386,11.04153],[106.87268,11.01983],[106.89586,11.02764],[106.90667,11.02186],[106.91237,11.04036],[106.92277,11.04691],[106.92249,11.05611],[106.93248,11.06455],[106.94643,11.0579],[106.95177,11.07343],[106.946,11.07641],[106.94723,11.08992],[106.96521,11.11221],[106.9534,11.12972],[106.9558,11.14215],[106.96535,11.14272],[106.9646,11.14972],[106.95593,11.15273],[106.95364,11.16349],[106.94138,11.16768],[106.94573,11.17671],[106.93394,11.18858],[106.90834,11.19195],[106.90157,11.20787],[106.91823,11.22035],[106.91158,11.24185],[106.92372,11.24188],[106.92853,11.24836],[106.92744,11.2683],[106.94164,11.29428],[106.93848,11.3083],[106.95214,11.32375],[106.95064,11.3383],[106.93985,11.35152],[106.91775,11.35606],[106.90743,11.35315],[106.90031,11.34058],[106.88549,11.34071],[106.86952,11.32059],[106.87405,11.30934],[106.85725,11.31699],[106.85545,11.32914],[106.86337,11.34006],[106.85681,11.34591],[106.85462,11.37671],[106.84146,11.37499],[106.82506,11.38391],[106.81097,11.37597],[106.78519,11.38005],[106.78599,11.39894],[106.77358,11.39899],[106.76965,11.4261],[106.78419,11.42851],[106.80527,11.45038],[106.80793,11.46133],[106.79709,11.49106],[106.75394,11.47663],[106.75014,11.4671],[106.75639,11.45069],[106.74162,11.44057],[106.74157,11.4337],[106.72706,11.43249],[106.7103,11.40074],[106.70425,11.39639],[106.69759,11.40306],[106.68648,11.39546],[106.67429,11.40115],[106.67929,11.38513],[106.67388,11.35446],[106.61635,11.36299],[106.61324,11.38743],[106.56212,11.36977],[106.55274,11.37342],[106.54039,11.38749],[106.54793,11.40335],[106.54115,11.42385],[106.57324,11.45663],[106.55641,11.4849],[106.54559,11.4682],[106.5307,11.47427]]]}},{"type":"Feature","properties":{"id":"441060-VNM.9_1-2021","pfaf_id":441060,"country":"Vietnam","province":"Bình Dương","area_km2":757,"bws":1.7,"bwd":1.14,"gtd":-9999,"iav":1.07,"sev":2.33,"rfr":3.8,"cfr":3.03,"drr":2.17,"ucw":5,"cep":1.94,"udw":1.75,"usa":3.33,"rri":2.6,"official_qan":3.36,"official_qal":4.13,"official_rrr":2.82,"official_tot":3.38,"name":"Bình Dương · 441060 b","note":"indicators real (v4 2023); ensemble modelled","archetype":"consensus","bws_h08":1.61,"bws_pcrglobwb":1.52,"bws_watergap2":1.57,"bws_cwatm":1.62,"bws_lpjml":1.88,"bws_mean":1.64,"bws_std":0.13,"bws_min":1.52,"bws_max":1.88,"bws_range":0.36,"bws_class":1,"bws_agreement":"high","bws_caution":0,"fut_h08":2,"fut_pcrglobwb":1.85,"fut_watergap2":2.04,"fut_cwatm":2.1,"fut_lpjml":2.07,"fut_mean":2.01,"fut_std":0.09,"fut_min":1.85,"fut_max":2.1,"fut_range":0.25,"fut_class":2,"fut_agreement":"high","fut_caution":0},"geometry":{"type":"Polygon","coordinates":[[[106.79489,10.97032],[106.59105,11.07977],[106.45467,11.22044],[106.44303,11.3236],[106.48488,11.42675],[106.5307,11.47427],[106.48894,11.49962],[106.4766,11.49565],[106.4342,11.50068],[106.42365,11.49516],[106.41203,11.47287],[106.37475,11.45414],[106.35069,11.3767],[106.33109,11.35317],[106.34379,11.32691],[106.33789,11.30258],[106.34109,11.28556],[106.34754,11.28964],[106.35638,11.28414],[106.35285,11.26599],[106.35887,11.26086],[106.352,11.25127],[106.36192,11.23809],[106.37128,11.24467],[106.38392,11.22769],[106.38005,11.21759],[106.38898,11.21285],[106.38385,11.1927],[106.38811,11.18549],[106.41072,11.18359],[106.40997,11.17335],[106.43256,11.17214],[106.43712,11.15814],[106.42986,11.14861],[106.44578,11.13583],[106.45631,11.14149],[106.45277,11.15818],[106.46385,11.16001],[106.47228,11.14334],[106.50616,11.14203],[106.52618,11.12147],[106.52602,11.10528],[106.51637,11.10121],[106.52316,11.08986],[106.5326,11.09204],[106.52383,11.07366],[106.53432,11.05755],[106.54989,11.04628],[106.56757,11.04544],[106.57217,11.05446],[106.58277,11.03821],[106.59104,11.03691],[106.60023,11.04475],[106.60329,11.03957],[106.59519,11.02565],[106.59931,11.01464],[106.6175,11.01102],[106.61709,10.9881],[106.62793,10.97948],[106.6484,10.98082],[106.65043,10.93392],[106.66791,10.92094],[106.68489,10.92114],[106.69453,10.89624],[106.68931,10.88119],[106.7028,10.86696],[106.72353,10.87185],[106.7131,10.88989],[106.71761,10.89638],[106.7485,10.87827],[106.74871,10.86563],[106.76221,10.86726],[106.76053,10.88125],[106.76905,10.89372],[106.78053,10.8815],[106.77995,10.86839],[106.78776,10.86721],[106.78893,10.87195],[106.80857,10.87303],[106.82376,10.89202],[106.84024,10.89893],[106.83192,10.90674],[106.81624,10.90284],[106.81208,10.91756],[106.79411,10.92368],[106.76273,10.95333],[106.76784,10.96446],[106.7755,10.95928],[106.79489,10.97032]]]}},{"type":"Feature","properties":{"id":"441070-VNM.39_1-2021","pfaf_id":441070,"country":"Vietnam","province":"Long An","area_km2":29,"bws":-9999,"bwd":-9999,"gtd":-9999,"iav":-9999,"sev":-9999,"rfr":4.3,"cfr":4.15,"drr":3.53,"ucw":5,"cep":4.04,"udw":2.64,"usa":4.27,"rri":2.6,"official_qan":-9999,"official_qal":-9999,"official_rrr":-9999,"official_tot":-9999,"name":"Long An · 441070","note":"indicators real (v4 2023); ensemble modelled","archetype":"nodata","bws_h08":-9999,"bws_pcrglobwb":-9999,"bws_watergap2":-9999,"bws_cwatm":-9999,"bws_lpjml":-9999,"bws_mean":-9999,"bws_std":-9999,"bws_min":-9999,"bws_max":-9999,"bws_range":-9999,"bws_class":-1,"bws_agreement":"nodata","bws_caution":0,"fut_h08":-9999,"fut_pcrglobwb":-9999,"fut_watergap2":-9999,"fut_cwatm":-9999,"fut_lpjml":-9999,"fut_mean":-9999,"fut_std":-9999,"fut_min":-9999,"fut_max":-9999,"fut_range":-9999,"fut_class":-1,"fut_agreement":"nodata","fut_caution":0},"geometry":{"type":"Polygon","coordinates":[[[106.71587,10.53829],[106.68816,10.53243],[106.68684,10.51757],[106.6789,10.51553],[106.68576,10.48706],[106.73413,10.51111],[106.74176,10.52491],[106.74102,10.55753],[106.73053,10.55895],[106.7282,10.55077],[106.71746,10.54921],[106.71587,10.53829]]]}},{"type":"Feature","properties":{"id":"441080-KHM.19_1-2021","pfaf_id":441080,"country":"Cambodia","province":"Prey Vêng","area_km2":2123,"bws":4.45,"bwd":2.51,"gtd":-9999,"iav":1.32,"sev":1.63,"rfr":4.05,"cfr":2.56,"drr":3.37,"ucw":5,"cep":1.65,"udw":3.42,"usa":4.62,"rri":3.87,"official_qan":4.36,"official_qal":4.05,"official_rrr":4.07,"official_tot":4.37,"name":"Prey Vêng · 441080","note":"indicators real (v4 2023); ensemble modelled","archetype":"spread","bws_h08":4.2,"bws_pcrglobwb":3.46,"bws_watergap2":4.51,"bws_cwatm":5,"bws_lpjml":3.67,"bws_mean":4.17,"bws_std":0.56,"bws_min":3.46,"bws_max":5,"bws_range":1.54,"bws_class":4,"bws_agreement":"medium","bws_caution":0,"fut_h08":4.73,"fut_pcrglobwb":4.14,"fut_watergap2":5,"fut_cwatm":5,"fut_lpjml":3.76,"fut_mean":4.53,"fut_std":0.5,"fut_min":3.76,"fut_max":5,"fut_range":1.24,"fut_class":4,"fut_agreement":"medium","fut_caution":0},"geometry":{"type":"Polygon","coordinates":[[[105.81007,11.59936],[105.7955,11.6072],[105.76768,11.64305],[105.76324,11.667],[105.73214,11.69421],[105.72077,11.72377],[105.69762,11.74215],[105.61751,11.74178],[105.4616,11.76469],[105.44223,11.74804],[105.47443,11.68971],[105.48842,11.64225],[105.50346,11.63245],[105.50473,11.62279],[105.50284,11.61644],[105.4926,11.62557],[105.48112,11.62443],[105.4589,11.61054],[105.44412,11.62048],[105.4375,11.61667],[105.44521,11.60208],[105.44142,11.59667],[105.46144,11.5951],[105.48958,11.57146],[105.50315,11.57414],[105.50771,11.54791],[105.49934,11.53808],[105.51667,11.49583],[105.48508,11.48715],[105.47465,11.46424],[105.45833,11.45417],[105.47119,11.43088],[105.47048,11.40591],[105.4496,11.3718],[105.42585,11.36165],[105.43399,11.33423],[105.44527,11.32304],[105.45057,11.30491],[105.44708,11.29184],[105.45748,11.28665],[105.45748,11.28002],[105.45085,11.27832],[105.44515,11.23417],[105.40889,11.20624],[105.41728,11.19657],[105.41169,11.17983],[105.38002,11.1785],[105.37401,11.16738],[105.36667,11.16667],[105.36667,11.15],[105.39193,11.149],[105.3869,11.14221],[105.39227,11.11449],[105.40833,11.09167],[105.40417,11.0625],[105.38508,11.05381],[105.37119,11.03091],[105.37881,11.02326],[105.37465,10.98088],[105.37917,10.97083],[105.4202,10.97409],[105.42109,10.96168],[105.42629,10.97257],[105.43317,10.97288],[105.45158,10.95454],[105.46429,10.96401],[105.47794,10.96212],[105.48397,10.9518],[105.49631,10.94737],[105.49934,10.953],[105.53619,10.95196],[105.6132,10.97361],[105.60777,10.99546],[105.58533,11.0006],[105.57943,11.00963],[105.60329,11.05209],[105.60734,11.09087],[105.63508,11.11992],[105.61891,11.13586],[105.60601,11.19792],[105.62489,11.23972],[105.62418,11.24989],[105.63629,11.26214],[105.63345,11.26672],[105.64465,11.27217],[105.6498,11.26526],[105.66698,11.26369],[105.66935,11.27487],[105.65179,11.32419],[105.65198,11.40418],[105.66883,11.45417],[105.6664,11.4883],[105.68469,11.50986],[105.67743,11.53458],[105.68857,11.54356],[105.69341,11.56424],[105.74215,11.57672],[105.74563,11.58718],[105.7853,11.58793],[105.81007,11.59936]]]}},{"type":"Feature","properties":{"id":"441080-KHM.23_1-2021","pfaf_id":441080,"country":"Cambodia","province":"Svay Rieng","area_km2":2883,"bws":4.45,"bwd":2.51,"gtd":-9999,"iav":1.32,"sev":1.63,"rfr":4.05,"cfr":2.56,"drr":3.37,"ucw":5,"cep":1.65,"udw":3.42,"usa":4.62,"rri":3.87,"official_qan":4.36,"official_qal":4.05,"official_rrr":4.07,"official_tot":4.37,"name":"Svay Rieng · 441080","note":"indicators real (v4 2023); ensemble modelled","archetype":"spread","bws_h08":4.36,"bws_pcrglobwb":4.54,"bws_watergap2":3.96,"bws_cwatm":3.77,"bws_lpjml":5,"bws_mean":4.33,"bws_std":0.43,"bws_min":3.77,"bws_max":5,"bws_range":1.23,"bws_class":4,"bws_agreement":"medium","bws_caution":0,"fut_h08":4.44,"fut_pcrglobwb":4.57,"fut_watergap2":4.12,"fut_cwatm":4,"fut_lpjml":5,"fut_mean":4.43,"fut_std":0.35,"fut_min":4,"fut_max":5,"fut_range":1,"fut_class":4,"fut_agreement":"medium","fut_caution":0},"geometry":{"type":"Polygon","coordinates":[[[105.6132,10.97361],[105.667,10.98738],[105.72994,11.02549],[105.77772,11.03199],[105.80859,10.97341],[105.86363,10.89933],[105.84913,10.86359],[105.89846,10.84427],[105.93573,10.83893],[105.92898,10.85984],[105.95643,10.88395],[105.94418,10.90985],[105.94675,10.91618],[106.01091,10.85473],[106.07202,10.81195],[106.09662,10.80757],[106.16338,10.81179],[106.18966,10.78989],[106.18688,10.838],[106.14003,10.91466],[106.15292,10.94143],[106.14409,10.97561],[106.15421,10.98191],[106.19301,10.97406],[106.20422,10.97763],[106.19314,11.00776],[106.18755,11.04971],[106.15405,11.10146],[106.14355,11.10046],[106.10595,11.07089],[106.10131,11.07266],[106.09906,11.0877],[106.08863,11.09974],[106.07623,11.09727],[106.05284,11.12429],[106.02122,11.14296],[106.0139,11.19065],[105.96577,11.19544],[105.94073,11.20592],[105.91089,11.23952],[105.90813,11.28325],[105.86423,11.28424],[105.87066,11.30721],[105.86681,11.31594],[105.88273,11.35838],[105.88263,11.36717],[105.87075,11.37418],[105.87863,11.3903],[105.87146,11.4039],[105.90037,11.42758],[105.90304,11.4463],[105.87469,11.46139],[105.87979,11.48225],[105.8847,11.4831],[105.87992,11.51086],[105.88569,11.53194],[105.88056,11.54568],[105.86285,11.56501],[105.82691,11.56462],[105.81537,11.57608],[105.80953,11.59774],[105.7853,11.58793],[105.74563,11.58718],[105.74215,11.57672],[105.69341,11.56424],[105.68857,11.54356],[105.67743,11.53458],[105.68469,11.50986],[105.6664,11.4883],[105.66883,11.45417],[105.65198,11.40418],[105.65179,11.32419],[105.66935,11.27487],[105.66698,11.26369],[105.6498,11.26526],[105.64465,11.27217],[105.63345,11.26672],[105.63629,11.26214],[105.62418,11.24989],[105.62489,11.23972],[105.60601,11.19792],[105.61891,11.13586],[105.63508,11.11992],[105.60734,11.09087],[105.60329,11.05209],[105.57943,11.00963],[105.58533,11.0006],[105.60777,10.99546],[105.6132,10.97361]]]}},{"type":"Feature","properties":{"id":"441080-VNM.18_1-2021","pfaf_id":441080,"country":"Vietnam","province":"Đồng Tháp","area_km2":927,"bws":4.45,"bwd":2.51,"gtd":-9999,"iav":1.32,"sev":1.63,"rfr":4.05,"cfr":2.56,"drr":3.37,"ucw":5,"cep":1.65,"udw":3.42,"usa":4.62,"rri":2.6,"official_qan":4.36,"official_qal":4.05,"official_rrr":3.94,"official_tot":4.35,"name":"Đồng Tháp · 441080","note":"indicators real (v4 2023); ensemble modelled","archetype":"consensus","bws_h08":4.58,"bws_pcrglobwb":4.57,"bws_watergap2":4.3,"bws_cwatm":4.72,"bws_lpjml":4.51,"bws_mean":4.54,"bws_std":0.14,"bws_min":4.3,"bws_max":4.72,"bws_range":0.42,"bws_class":4,"bws_agreement":"high","bws_caution":0,"fut_h08":5,"fut_pcrglobwb":5,"fut_watergap2":5,"fut_cwatm":5,"fut_lpjml":5,"fut_mean":5,"fut_std":0,"fut_min":5,"fut_max":5,"fut_range":0,"fut_class":4,"fut_agreement":"high","fut_caution":0},"geometry":{"type":"MultiPolygon","coordinates":[[[[105.94173,10.53648],[105.91,10.53859],[105.83467,10.63832],[105.80822,10.65317],[105.78078,10.65875],[105.8,10.65],[105.80415,10.639],[105.7911,10.63212],[105.80473,10.60491],[105.80311,10.58402],[105.77293,10.5713],[105.75612,10.57443],[105.74677,10.5661],[105.7384,10.5674],[105.73262,10.58245],[105.71458,10.58286],[105.70744,10.57151],[105.6949,10.57027],[105.68554,10.5786],[105.66714,10.56188],[105.65969,10.56663],[105.65355,10.55895],[105.65497,10.55096],[105.67433,10.54502],[105.675,10.52917],[105.64259,10.52858],[105.64053,10.52057],[105.62721,10.5286],[105.6,10.52917],[105.59938,10.51451],[105.59105,10.5049],[105.5924,10.49265],[105.59989,10.49051],[105.60496,10.47579],[105.62329,10.47048],[105.63333,10.45],[105.64911,10.44935],[105.65494,10.43412],[105.66435,10.43273],[105.67633,10.4506],[105.69946,10.44523],[105.70739,10.44662],[105.7093,10.45346],[105.72044,10.4532],[105.72557,10.44658],[105.7213,10.41874],[105.73002,10.40502],[105.74915,10.39929],[105.74587,10.38903],[105.75612,10.37973],[105.79504,10.37579],[105.80786,10.40062],[105.82299,10.39645],[105.84367,10.41605],[105.87028,10.41918],[105.94161,10.49444],[105.94173,10.53648]]],[[[105.42109,10.96168],[105.42597,10.94623],[105.43807,10.94045],[105.42027,10.92575],[105.42157,10.91755],[105.43277,10.91054],[105.43333,10.89583],[105.45741,10.88241],[105.4722,10.85772],[105.48254,10.85911],[105.48849,10.88678],[105.49829,10.88714],[105.50869,10.87255],[105.50418,10.86042],[105.51665,10.83125],[105.5125,10.82707],[105.51912,10.82048],[105.53333,10.825],[105.51962,10.80004],[105.4966,10.79511],[105.5007,10.72164],[105.53252,10.71566],[105.53424,10.70896],[105.54583,10.70833],[105.54583,10.7],[105.57707,10.71628],[105.58673,10.71339],[105.59746,10.72914],[105.6136,10.7203],[105.6244,10.73027],[105.63855,10.7702],[105.65522,10.77565],[105.59588,10.83061],[105.61269,10.83197],[105.58263,10.89188],[105.51627,10.9224],[105.49934,10.953],[105.49631,10.94737],[105.48397,10.9518],[105.47794,10.96212],[105.46429,10.96401],[105.45158,10.95454],[105.43317,10.97288],[105.42629,10.97257],[105.42109,10.96168]]]]}},{"type":"Feature","properties":{"id":"441080-VNM.25_1-2021","pfaf_id":441080,"country":"Vietnam","province":"Hồ Chí Minh","area_km2":50,"bws":4.45,"bwd":2.51,"gtd":-9999,"iav":1.32,"sev":1.63,"rfr":4.05,"cfr":2.56,"drr":3.37,"ucw":5,"cep":1.65,"udw":3.42,"usa":4.62,"rri":2.6,"official_qan":4.36,"official_qal":4.05,"official_rrr":3.94,"official_tot":4.35,"name":"Hồ Chí Minh · 441080","note":"indicators real (v4 2023); ensemble modelled","archetype":"consensus","bws_h08":4.2,"bws_pcrglobwb":4.55,"bws_watergap2":4.59,"bws_cwatm":4.63,"bws_lpjml":4.44,"bws_mean":4.48,"bws_std":0.15,"bws_min":4.2,"bws_max":4.63,"bws_range":0.43,"bws_class":4,"bws_agreement":"high","bws_caution":0,"fut_h08":5,"fut_pcrglobwb":5,"fut_watergap2":5,"fut_cwatm":5,"fut_lpjml":5,"fut_mean":5,"fut_std":0,"fut_min":5,"fut_max":5,"fut_range":0,"fut_class":4,"fut_agreement":"high","fut_caution":0},"geometry":{"type":"MultiPolygon","coordinates":[[[[106.6295,10.64201],[106.63484,10.62543],[106.6851,10.65099],[106.71286,10.64972],[106.7125,10.65833],[106.7007,10.66342],[106.69484,10.67856],[106.66862,10.67973],[106.6595,10.68787],[106.64915,10.65502],[106.6295,10.64201]]],[[[106.5057,10.79256],[106.46369,10.75652],[106.47227,10.74546],[106.49779,10.7661],[106.51576,10.7673],[106.51752,10.77415],[106.53333,10.77917],[106.53267,10.7866],[106.5057,10.79256]]],[[[106.40576,11.00488],[106.36343,10.99747],[106.35667,10.99162],[106.37297,10.96974],[106.37858,10.97034],[106.37996,10.99607],[106.39794,10.99233],[106.409,10.99736],[106.40576,11.00488]]]]}},{"type":"Feature","properties":{"id":"441080-VNM.39_1-2021","pfaf_id":441080,"country":"Vietnam","province":"Long An","area_km2":4114,"bws":4.45,"bwd":2.51,"gtd":-9999,"iav":1.32,"sev":1.63,"rfr":4.05,"cfr":2.56,"drr":3.37,"ucw":5,"cep":1.65,"udw":3.42,"usa":4.62,"rri":2.6,"official_qan":4.36,"official_qal":4.05,"official_rrr":3.94,"official_tot":4.35,"name":"Long An · 441080","note":"indicators real (v4 2023); ensemble modelled","archetype":"spread","bws_h08":4.77,"bws_pcrglobwb":4.04,"bws_watergap2":3.75,"bws_cwatm":4.87,"bws_lpjml":4.79,"bws_mean":4.44,"bws_std":0.46,"bws_min":3.75,"bws_max":4.87,"bws_range":1.12,"bws_class":4,"bws_agreement":"medium","bws_caution":0,"fut_h08":5,"fut_pcrglobwb":4.58,"fut_watergap2":4.17,"fut_cwatm":5,"fut_lpjml":5,"fut_mean":4.75,"fut_std":0.33,"fut_min":4.17,"fut_max":5,"fut_range":0.83,"fut_class":4,"fut_agreement":"high","fut_caution":0},"geometry":{"type":"MultiPolygon","coordinates":[[[[105.49934,10.953],[105.51627,10.9224],[105.58263,10.89188],[105.61269,10.83197],[105.59588,10.83061],[105.66038,10.77119],[105.67725,10.77553],[105.69388,10.79527],[105.72009,10.7802],[105.7216,10.79506],[105.72917,10.79583],[105.73675,10.78693],[105.76875,10.79953],[105.79101,10.7866],[105.78751,10.75625],[105.79548,10.72674],[105.78715,10.71838],[105.79165,10.68958],[105.77946,10.65998],[105.80822,10.65317],[105.83467,10.63832],[105.91,10.53859],[106.10242,10.52284],[106.10118,10.57582],[106.28614,10.58698],[106.31045,10.56555],[106.31871,10.57072],[106.34908,10.54038],[106.34765,10.52878],[106.36945,10.51803],[106.36867,10.49797],[106.37444,10.49419],[106.37053,10.48768],[106.39311,10.47758],[106.40784,10.49203],[106.4421,10.46597],[106.44743,10.45479],[106.44259,10.44436],[106.41483,10.43016],[106.42125,10.42766],[106.42563,10.41301],[106.43703,10.42978],[106.45216,10.42855],[106.45798,10.42258],[106.4517,10.41322],[106.46642,10.39771],[106.48011,10.39669],[106.48175,10.40477],[106.50967,10.4276],[106.51859,10.42424],[106.52988,10.43327],[106.53731,10.42058],[106.54443,10.42884],[106.55909,10.42297],[106.55955,10.41298],[106.58937,10.41891],[106.58396,10.4325],[106.60135,10.43759],[106.63364,10.46114],[106.63899,10.47934],[106.65094,10.48371],[106.65962,10.47406],[106.68576,10.48706],[106.6789,10.51553],[106.68684,10.51757],[106.68816,10.53243],[106.70355,10.54367],[106.70478,10.5528],[106.69522,10.55733],[106.7086,10.55928],[106.70355,10.59483],[106.72078,10.60135],[106.71605,10.61113],[106.72419,10.61346],[106.72562,10.6213],[106.71286,10.64972],[106.6851,10.65099],[106.63484,10.62543],[106.6295,10.64201],[106.62169,10.6409],[106.62001,10.64883],[106.61321,10.64911],[106.60737,10.62566],[106.58992,10.61702],[106.56841,10.61631],[106.55659,10.60452],[106.54993,10.60538],[106.55478,10.61297],[106.54938,10.6338],[106.55478,10.65478],[106.55063,10.65967],[106.52997,10.6576],[106.52822,10.64557],[106.51759,10.65093],[106.5125,10.67083],[106.51667,10.67083],[106.51631,10.69826],[106.50662,10.70797],[106.49792,10.70418],[106.49202,10.71004],[106.47869,10.73978],[106.46369,10.75652],[106.5057,10.79256],[106.49527,10.81888],[106.48243,10.83267],[106.47176,10.83426],[106.46728,10.84367],[106.46605,10.87363],[106.47299,10.87562],[106.45137,10.88395],[106.44866,10.87448],[106.43819,10.87578],[106.4375,10.89167],[106.41732,10.90097],[106.41601,10.91577],[106.40323,10.9214],[106.39092,10.91193],[106.35777,10.93455],[106.35835,10.94792],[106.37858,10.97034],[106.37297,10.96974],[106.35114,10.99892],[106.3456,10.99471],[106.31222,11.01993],[106.297,11.02581],[106.27908,11.01584],[106.27383,11.02173],[106.27254,11.01141],[106.28297,11.00436],[106.28658,10.992],[106.27315,10.98098],[106.23962,10.98729],[106.17798,10.96274],[106.16794,10.96323],[106.1641,10.97695],[106.15421,10.98191],[106.14409,10.97561],[106.15292,10.94143],[106.14003,10.91466],[106.18688,10.838],[106.18966,10.78989],[106.16338,10.81179],[106.09662,10.80757],[106.07202,10.81195],[106.01091,10.85473],[105.94675,10.91618],[105.94418,10.90985],[105.95643,10.88395],[105.92898,10.85984],[105.93573,10.83893],[105.89846,10.84427],[105.84913,10.86359],[105.86363,10.89933],[105.80859,10.97341],[105.77772,11.03199],[105.71839,11.02123],[105.667,10.98738],[105.53619,10.95196],[105.49934,10.953]]],[[[106.65999,10.4504],[106.66771,10.4395],[106.68206,10.43981],[106.6984,10.46137],[106.65999,10.4504]]]]}},{"type":"Feature","properties":{"id":"441080-VNM.39_1-None","pfaf_id":441080,"country":"Vietnam","province":"Long An","area_km2":16,"bws":4.45,"bwd":2.51,"gtd":-9999,"iav":1.32,"sev":1.63,"rfr":4.05,"cfr":2.56,"drr":3.37,"ucw":5,"cep":1.65,"udw":3.42,"usa":4.62,"rri":2.6,"official_qan":4.36,"official_qal":4.05,"official_rrr":3.94,"official_tot":4.35,"name":"Long An · 441080 b","note":"indicators real (v4 2023); ensemble modelled","archetype":"spread","bws_h08":4.65,"bws_pcrglobwb":3.96,"bws_watergap2":4.77,"bws_cwatm":5,"bws_lpjml":3.58,"bws_mean":4.39,"bws_std":0.53,"bws_min":3.58,"bws_max":5,"bws_range":1.42,"bws_class":4,"bws_agreement":"medium","bws_caution":0,"fut_h08":5,"fut_pcrglobwb":4.31,"fut_watergap2":5,"fut_cwatm":5,"fut_lpjml":4.3,"fut_mean":4.72,"fut_std":0.34,"fut_min":4.3,"fut_max":5,"fut_range":0.7,"fut_class":4,"fut_agreement":"high","fut_caution":0},"geometry":{"type":"MultiPolygon","coordinates":[[[[106.71636,10.48149],[106.71161,10.49097],[106.70121,10.49223],[106.69409,10.48369],[106.68576,10.48706],[106.65962,10.47406],[106.65999,10.4504],[106.6984,10.46137],[106.71636,10.48149]]],[[[106.63364,10.46114],[106.61175,10.44513],[106.62542,10.45061],[106.63364,10.46114]]]]}},{"type":"Feature","properties":{"id":"441080-VNM.53_1-2021","pfaf_id":441080,"country":"Vietnam","province":"Tây Ninh","area_km2":2733,"bws":4.45,"bwd":2.51,"gtd":-9999,"iav":1.32,"sev":1.63,"rfr":4.05,"cfr":2.56,"drr":3.37,"ucw":5,"cep":1.65,"udw":3.42,"usa":4.62,"rri":2.6,"official_qan":4.36,"official_qal":4.05,"official_rrr":3.94,"official_tot":4.35,"name":"Tây Ninh · 441080","note":"indicators real (v4 2023); ensemble modelled","archetype":"consensus","bws_h08":4.2,"bws_pcrglobwb":4.31,"bws_watergap2":4.27,"bws_cwatm":4.37,"bws_lpjml":4.69,"bws_mean":4.37,"bws_std":0.17,"bws_min":4.2,"bws_max":4.69,"bws_range":0.49,"bws_class":4,"bws_agreement":"high","bws_caution":0,"fut_h08":5,"fut_pcrglobwb":5,"fut_watergap2":5,"fut_cwatm":5,"fut_lpjml":5,"fut_mean":5,"fut_std":0,"fut_min":5,"fut_max":5,"fut_range":0,"fut_class":4,"fut_agreement":"high","fut_caution":0},"geometry":{"type":"Polygon","coordinates":[[[106.14138,11.74266],[106.10873,11.74436],[106.07092,11.77518],[106.02415,11.77485],[106.00963,11.74991],[106.01409,11.72406],[106.00291,11.70481],[105.98293,11.69228],[105.97749,11.68401],[105.98064,11.66819],[105.95283,11.63922],[105.92526,11.64929],[105.88782,11.67666],[105.87992,11.67558],[105.83742,11.64776],[105.8281,11.6195],[105.8098,11.61826],[105.81537,11.57608],[105.82691,11.56462],[105.86285,11.56501],[105.88056,11.54568],[105.88569,11.53194],[105.87992,11.51086],[105.8847,11.4831],[105.87979,11.48225],[105.87469,11.46139],[105.90304,11.4463],[105.90037,11.42758],[105.87146,11.4039],[105.87863,11.3903],[105.87075,11.37418],[105.88263,11.36717],[105.88273,11.35838],[105.86681,11.31594],[105.87066,11.30721],[105.86423,11.28424],[105.90813,11.28325],[105.91089,11.23952],[105.94073,11.20592],[105.96577,11.19544],[106.0139,11.19065],[106.02122,11.14296],[106.05284,11.12429],[106.07623,11.09727],[106.08863,11.09974],[106.09906,11.0877],[106.10131,11.07266],[106.10595,11.07089],[106.14355,11.10046],[106.15405,11.10146],[106.18755,11.04971],[106.19314,11.00776],[106.20422,10.97763],[106.1641,10.97695],[106.16794,10.96323],[106.18799,10.96517],[106.23962,10.98729],[106.27315,10.98098],[106.28658,10.992],[106.28297,11.00436],[106.27254,11.01141],[106.27383,11.02173],[106.27908,11.01584],[106.297,11.02581],[106.35667,10.99162],[106.36343,10.99747],[106.39204,10.99979],[106.40576,11.00488],[106.39594,11.03621],[106.40816,11.04233],[106.41667,11.0375],[106.42554,11.06703],[106.41578,11.08679],[106.40522,11.08819],[106.40591,11.10869],[106.38369,11.12671],[106.37895,11.1407],[106.36339,11.13722],[106.36187,11.15069],[106.37146,11.16943],[106.34237,11.18416],[106.34096,11.20336],[106.32708,11.20777],[106.31203,11.19938],[106.275,11.20833],[106.27002,11.21595],[106.2537,11.21728],[106.23249,11.20772],[106.22438,11.2153],[106.24505,11.2258],[106.24645,11.23613],[106.23272,11.24657],[106.25361,11.28542],[106.25,11.34167],[106.22674,11.35035],[106.19484,11.37853],[106.17591,11.3798],[106.16285,11.39758],[106.16347,11.40794],[106.17557,11.41371],[106.17027,11.44092],[106.1875,11.4625],[106.18693,11.48138],[106.17149,11.49263],[106.15464,11.53958],[106.15904,11.55328],[106.16601,11.55507],[106.17168,11.57832],[106.17943,11.5803],[106.17605,11.59098],[106.18665,11.59238],[106.18683,11.61988],[106.16714,11.63958],[106.17557,11.66888],[106.18423,11.68267],[106.19167,11.68333],[106.19093,11.69086],[106.16746,11.70079],[106.16587,11.71171],[106.14167,11.72083],[106.13693,11.73408],[106.14138,11.74266]]]}},{"type":"Feature","properties":{"id":"441080-VNM.58_1-2021","pfaf_id":441080,"country":"Vietnam","province":"Tiền Giang","area_km2":1077,"bws":4.45,"bwd":2.51,"gtd":-9999,"iav":1.32,"sev":1.63,"rfr":4.05,"cfr":2.56,"drr":3.37,"ucw":5,"cep":1.65,"udw":3.42,"usa":4.62,"rri":2.6,"official_qan":4.36,"official_qal":4.05,"official_rrr":3.94,"official_tot":4.35,"name":"Tiền Giang · 441080","note":"indicators real (v4 2023); ensemble modelled","archetype":"consensus","bws_h08":4.45,"bws_pcrglobwb":4.65,"bws_watergap2":4.44,"bws_cwatm":4.36,"bws_lpjml":4.54,"bws_mean":4.49,"bws_std":0.1,"bws_min":4.36,"bws_max":4.65,"bws_range":0.29,"bws_class":4,"bws_agreement":"high","bws_caution":0,"fut_h08":5,"fut_pcrglobwb":5,"fut_watergap2":5,"fut_cwatm":5,"fut_lpjml":5,"fut_mean":5,"fut_std":0,"fut_min":5,"fut_max":5,"fut_range":0,"fut_class":4,"fut_agreement":"high","fut_caution":0},"geometry":{"type":"MultiPolygon","coordinates":[[[[105.92732,10.47963],[105.94517,10.49257],[105.94583,10.5],[105.96424,10.50798],[105.97443,10.49779],[105.9661,10.48844],[105.96723,10.45612],[105.9757,10.43844],[106.01193,10.40638],[106.01321,10.39672],[106.01998,10.39668],[106.02991,10.4089],[106.05638,10.4036],[106.10591,10.42881],[106.11307,10.42696],[106.1214,10.4176],[106.12016,10.40506],[106.09548,10.38921],[106.09619,10.38088],[106.11042,10.36668],[106.11458,10.37082],[106.12258,10.36285],[106.17009,10.34943],[106.19167,10.35833],[106.21008,10.35869],[106.22745,10.34965],[106.24798,10.3548],[106.26592,10.36332],[106.26742,10.37841],[106.27998,10.37969],[106.29098,10.3702],[106.30063,10.37877],[106.2958,10.39044],[106.30322,10.39261],[106.30956,10.40836],[106.33535,10.3923],[106.34923,10.39903],[106.3508,10.38824],[106.39083,10.3882],[106.41034,10.41188],[106.42563,10.41301],[106.42125,10.42766],[106.41483,10.43016],[106.44259,10.44436],[106.44743,10.45479],[106.41705,10.48811],[106.40784,10.49203],[106.39311,10.47758],[106.38543,10.47735],[106.37053,10.48768],[106.37444,10.49419],[106.36867,10.49797],[106.36945,10.51803],[106.34765,10.52878],[106.34908,10.54038],[106.31871,10.57072],[106.31045,10.56555],[106.28614,10.58698],[106.10118,10.57582],[106.10242,10.52284],[105.94173,10.53648],[105.94161,10.49444],[105.92732,10.47963]]],[[[106.6984,10.46137],[106.68865,10.44499],[106.67577,10.43838],[106.65999,10.4504],[106.59155,10.42969],[106.60135,10.43759],[106.58823,10.43694],[106.58396,10.4325],[106.58937,10.41891],[106.57133,10.41205],[106.55955,10.41298],[106.55909,10.42297],[106.54443,10.42884],[106.53731,10.42058],[106.52988,10.43327],[106.51859,10.42424],[106.50967,10.4276],[106.48175,10.40477],[106.48011,10.39669],[106.46285,10.39409],[106.45835,10.37708],[106.4625,10.34583],[106.475,10.34583],[106.47915,10.33958],[106.47083,10.33123],[106.47674,10.32535],[106.50214,10.32564],[106.5312,10.35352],[106.55459,10.35923],[106.54575,10.36955],[106.55866,10.37564],[106.56542,10.37085],[106.57213,10.38329],[106.57709,10.37977],[106.58329,10.38463],[106.57917,10.39167],[106.59931,10.38855],[106.60071,10.39911],[106.6134,10.41184],[106.62745,10.41214],[106.63508,10.39619],[106.66471,10.40473],[106.67696,10.4161],[106.69932,10.42173],[106.72499,10.45208],[106.71263,10.46558],[106.6984,10.46137]]],[[[106.65962,10.47406],[106.64447,10.48316],[106.63364,10.46114],[106.65962,10.47406]]],[[[105.87558,10.42441],[105.89075,10.43392],[105.89976,10.4503],[105.87558,10.42441]]]]}},{"type":"Feature","properties":{"id":"441080-VNM.58_1-None","pfaf_id":441080,"country":"Vietnam","province":"Tiền Giang","area_km2":13,"bws":4.45,"bwd":2.51,"gtd":-9999,"iav":1.32,"sev":1.63,"rfr":4.05,"cfr":2.56,"drr":3.37,"ucw":5,"cep":1.65,"udw":3.42,"usa":4.62,"rri":2.6,"official_qan":4.36,"official_qal":4.05,"official_rrr":3.94,"official_tot":4.35,"name":"Tiền Giang · 441080 b","note":"indicators real (v4 2023); ensemble modelled","archetype":"consensus","bws_h08":4.26,"bws_pcrglobwb":4.63,"bws_watergap2":4.17,"bws_cwatm":4.71,"bws_lpjml":4.36,"bws_mean":4.43,"bws_std":0.21,"bws_min":4.17,"bws_max":4.71,"bws_range":0.54,"bws_class":4,"bws_agreement":"high","bws_caution":0,"fut_h08":4.76,"fut_pcrglobwb":5,"fut_watergap2":4.99,"fut_cwatm":5,"fut_lpjml":5,"fut_mean":4.95,"fut_std":0.1,"fut_min":4.76,"fut_max":5,"fut_range":0.24,"fut_class":4,"fut_agreement":"high","fut_caution":0},"geometry":{"type":"MultiPolygon","coordinates":[[[[106.65999,10.4504],[106.65962,10.47406],[106.59155,10.42969],[106.65999,10.4504]]],[[[106.72083,10.47917],[106.71636,10.48149],[106.6984,10.46137],[106.71263,10.46558],[106.72083,10.47917]]]]}},{"type":"Feature","properties":{"id":"441090-VNM.1_1-2021","pfaf_id":441090,"country":"Vietnam","province":"An Giang","area_km2":153,"bws":1.86,"bwd":1.03,"gtd":-9999,"iav":0.77,"sev":1.89,"rfr":3.34,"cfr":4.03,"drr":3.84,"ucw":5,"cep":4.04,"udw":2.56,"usa":4.18,"rri":2.6,"official_qan":3.74,"official_qal":4.73,"official_rrr":3.42,"official_tot":4.04,"name":"An Giang · 441090","note":"indicators real (v4 2023); ensemble modelled","archetype":"consensus","bws_h08":2.14,"bws_pcrglobwb":1.67,"bws_watergap2":1.87,"bws_cwatm":1.75,"bws_lpjml":1.75,"bws_mean":1.84,"bws_std":0.16,"bws_min":1.67,"bws_max":2.14,"bws_range":0.47,"bws_class":1,"bws_agreement":"high","bws_caution":0,"fut_h08":2.7,"fut_pcrglobwb":2.51,"fut_watergap2":2.98,"fut_cwatm":2.83,"fut_lpjml":2.26,"fut_mean":2.66,"fut_std":0.25,"fut_min":2.26,"fut_max":2.98,"fut_range":0.72,"fut_class":2,"fut_agreement":"high","fut_caution":0},"geometry":{"type":"Polygon","coordinates":[[[105.52656,10.38818],[105.5238,10.4001],[105.55249,10.41692],[105.54648,10.42055],[105.54862,10.42948],[105.5548,10.43428],[105.57401,10.42873],[105.57359,10.46853],[105.55025,10.52135],[105.51256,10.54702],[105.47874,10.53547],[105.44582,10.55283],[105.42063,10.54999],[105.4218,10.52123],[105.43946,10.50473],[105.44908,10.50346],[105.4625,10.48333],[105.45987,10.46193],[105.47304,10.46307],[105.4824,10.4714],[105.49498,10.4536],[105.50816,10.45708],[105.51347,10.44623],[105.52557,10.44045],[105.50777,10.42795],[105.50894,10.39684],[105.52419,10.39483],[105.52656,10.38818]]]}},{"type":"Feature","properties":{"id":"441090-VNM.18_1-2021","pfaf_id":441090,"country":"Vietnam","province":"Đồng Tháp","area_km2":1396,"bws":1.86,"bwd":1.03,"gtd":-9999,"iav":0.77,"sev":1.89,"rfr":3.34,"cfr":4.03,"drr":3.84,"ucw":5,"cep":4.04,"udw":2.56,"usa":4.18,"rri":2.6,"official_qan":3.74,"official_qal":4.73,"official_rrr":3.42,"official_tot":4.04,"name":"Đồng Tháp · 441090","note":"indicators real (v4 2023); ensemble modelled","archetype":"spread","bws_h08":2.75,"bws_pcrglobwb":1.88,"bws_watergap2":1.77,"bws_cwatm":2.1,"bws_lpjml":2.17,"bws_mean":2.13,"bws_std":0.34,"bws_min":1.77,"bws_max":2.75,"bws_range":0.98,"bws_class":2,"bws_agreement":"high","bws_caution":0,"fut_h08":3.8,"fut_pcrglobwb":2.59,"fut_watergap2":2.42,"fut_cwatm":2.68,"fut_lpjml":3.09,"fut_mean":2.92,"fut_std":0.49,"fut_min":2.42,"fut_max":3.8,"fut_range":1.38,"fut_class":2,"fut_agreement":"medium","fut_caution":0},"geometry":{"type":"MultiPolygon","coordinates":[[[[105.8795,10.28837],[105.83699,10.29892],[105.83582,10.30511],[105.82146,10.30912],[105.83032,10.31803],[105.81681,10.32225],[105.81573,10.37039],[105.84457,10.36616],[105.86741,10.4214],[105.84367,10.41605],[105.82299,10.39645],[105.80786,10.40062],[105.79504,10.37579],[105.75612,10.37973],[105.74587,10.38903],[105.74915,10.39929],[105.73002,10.40502],[105.7213,10.41874],[105.72557,10.44658],[105.72044,10.4532],[105.7093,10.45346],[105.70739,10.44662],[105.69946,10.44523],[105.67633,10.4506],[105.66435,10.43273],[105.65494,10.43412],[105.64911,10.44935],[105.63333,10.45],[105.62881,10.46492],[105.60496,10.47579],[105.59989,10.49051],[105.5924,10.49265],[105.6,10.52917],[105.62721,10.5286],[105.64053,10.52057],[105.64259,10.52858],[105.675,10.52917],[105.67433,10.54502],[105.65497,10.55096],[105.65355,10.55895],[105.65969,10.56663],[105.66714,10.56188],[105.68554,10.5786],[105.6949,10.57027],[105.70744,10.57151],[105.71458,10.58286],[105.73262,10.58245],[105.7384,10.5674],[105.74677,10.5661],[105.75612,10.57443],[105.77293,10.5713],[105.80473,10.58825],[105.79934,10.6241],[105.7911,10.63212],[105.80415,10.639],[105.8,10.65],[105.78508,10.65452],[105.65522,10.77565],[105.63855,10.7702],[105.6244,10.73027],[105.6136,10.7203],[105.59746,10.72914],[105.58673,10.71339],[105.57707,10.71628],[105.51008,10.67952],[105.50071,10.68245],[105.4911,10.66446],[105.45762,10.65769],[105.44254,10.67133],[105.43645,10.69098],[105.40925,10.69231],[105.40769,10.67703],[105.39925,10.66741],[105.37582,10.66221],[105.38404,10.60089],[105.42083,10.57083],[105.42063,10.54999],[105.44582,10.55283],[105.47874,10.53547],[105.51256,10.54702],[105.54424,10.52806],[105.55775,10.50812],[105.57359,10.46853],[105.57401,10.42873],[105.5548,10.43428],[105.54648,10.42055],[105.55249,10.41692],[105.5238,10.4001],[105.52904,10.37918],[105.525,10.3625],[105.54079,10.35808],[105.54167,10.36667],[105.56589,10.36599],[105.56743,10.35084],[105.63953,10.32981],[105.66453,10.32564],[105.67674,10.33715],[105.69374,10.32972],[105.69864,10.3333],[105.71605,10.29383],[105.71737,10.27581],[105.73125,10.27139],[105.73655,10.27527],[105.74266,10.25484],[105.75417,10.25417],[105.74527,10.23427],[105.74651,10.22173],[105.75777,10.21054],[105.75897,10.19265],[105.76459,10.18796],[105.77832,10.19668],[105.78038,10.20473],[105.8125,10.2],[105.81309,10.17601],[105.82436,10.16993],[105.8281,10.14883],[105.84911,10.15018],[105.85157,10.16008],[105.87047,10.1545],[105.8762,10.18919],[105.8952,10.18552],[105.89957,10.19176],[105.91316,10.19245],[105.9197,10.21161],[105.90122,10.23418],[105.90195,10.24497],[105.89029,10.24425],[105.87734,10.26434],[105.8935,10.27595],[105.8795,10.28837]]],[[[105.89976,10.4503],[105.91978,10.47131],[105.90892,10.46575],[105.89976,10.4503]]],[[[105.91978,10.47131],[105.92732,10.47963],[105.92168,10.47832],[105.91978,10.47131]]]]}},{"type":"Feature","properties":{"id":"441090-VNM.39_1-2021","pfaf_id":441090,"country":"Vietnam","province":"Long An","area_km2":127,"bws":1.86,"bwd":1.03,"gtd":-9999,"iav":0.77,"sev":1.89,"rfr":3.34,"cfr":4.03,"drr":3.84,"ucw":5,"cep":4.04,"udw":2.56,"usa":4.18,"rri":2.6,"official_qan":3.74,"official_qal":4.73,"official_rrr":3.42,"official_tot":4.04,"name":"Long An · 441090","note":"indicators real (v4 2023); ensemble modelled","archetype":"consensus","bws_h08":2.03,"bws_pcrglobwb":1.77,"bws_watergap2":1.66,"bws_cwatm":2.01,"bws_lpjml":1.64,"bws_mean":1.82,"bws_std":0.17,"bws_min":1.64,"bws_max":2.03,"bws_range":0.39,"bws_class":1,"bws_agreement":"high","bws_caution":0,"fut_h08":2.48,"fut_pcrglobwb":2.79,"fut_watergap2":2.12,"fut_cwatm":2.83,"fut_lpjml":2.39,"fut_mean":2.52,"fut_std":0.26,"fut_min":2.12,"fut_max":2.83,"fut_range":0.71,"fut_class":2,"fut_agreement":"high","fut_caution":0},"geometry":{"type":"MultiPolygon","coordinates":[[[[105.66038,10.77119],[105.77946,10.65998],[105.79165,10.68958],[105.78715,10.71838],[105.79619,10.73505],[105.78751,10.75625],[105.79101,10.7866],[105.78245,10.79512],[105.76875,10.79953],[105.73675,10.78693],[105.72917,10.79583],[105.7216,10.79506],[105.72009,10.7802],[105.69388,10.79527],[105.67725,10.77553],[105.66038,10.77119]]],[[[106.42563,10.41301],[106.4517,10.41322],[106.45798,10.42258],[106.43703,10.42978],[106.42563,10.41301]]],[[[106.45993,10.40471],[106.45432,10.40052],[106.45889,10.39506],[106.46402,10.40038],[106.45993,10.40471]]]]}},{"type":"Feature","properties":{"id":"441090-VNM.58_1-2021","pfaf_id":441090,"country":"Vietnam","province":"Tiền Giang","area_km2":1147,"bws":1.86,"bwd":1.03,"gtd":-9999,"iav":0.77,"sev":1.89,"rfr":3.34,"cfr":4.03,"drr":3.84,"ucw":5,"cep":4.04,"udw":2.56,"usa":4.18,"rri":2.6,"official_qan":3.74,"official_qal":4.73,"official_rrr":3.42,"official_tot":4.04,"name":"Tiền Giang · 441090","note":"indicators real (v4 2023); ensemble modelled","archetype":"consensus","bws_h08":1.62,"bws_pcrglobwb":1.9,"bws_watergap2":1.87,"bws_cwatm":2.11,"bws_lpjml":1.73,"bws_mean":1.85,"bws_std":0.17,"bws_min":1.62,"bws_max":2.11,"bws_range":0.49,"bws_class":1,"bws_agreement":"high","bws_caution":0,"fut_h08":2.5,"fut_pcrglobwb":2.19,"fut_watergap2":2.95,"fut_cwatm":2.72,"fut_lpjml":2.7,"fut_mean":2.61,"fut_std":0.25,"fut_min":2.19,"fut_max":2.95,"fut_range":0.76,"fut_class":2,"fut_agreement":"high","fut_caution":0},"geometry":{"type":"Polygon","coordinates":[[[106.03464,10.29879],[106.08869,10.27625],[106.10374,10.28371],[106.14289,10.28406],[106.22152,10.31763],[106.28802,10.33061],[106.30013,10.31958],[106.31178,10.32106],[106.36793,10.33958],[106.38749,10.33969],[106.44265,10.30956],[106.54298,10.29819],[106.57386,10.28889],[106.6494,10.28028],[106.68309,10.28349],[106.76308,10.27187],[106.78259,10.29851],[106.7879,10.39841],[106.73246,10.47139],[106.71263,10.46558],[106.72499,10.45208],[106.69932,10.42173],[106.67696,10.4161],[106.64167,10.39583],[106.62917,10.40207],[106.63332,10.40625],[106.62745,10.41214],[106.6134,10.41184],[106.60071,10.39911],[106.59931,10.38855],[106.57917,10.39167],[106.58329,10.38463],[106.57709,10.37977],[106.57213,10.38329],[106.56542,10.37085],[106.55866,10.37564],[106.54575,10.36955],[106.55459,10.35923],[106.5312,10.35352],[106.50214,10.32564],[106.47674,10.32535],[106.47083,10.33123],[106.47915,10.33958],[106.475,10.34583],[106.4625,10.34583],[106.45835,10.37708],[106.46642,10.39771],[106.45889,10.39506],[106.45432,10.40052],[106.45993,10.40471],[106.44048,10.41506],[106.41034,10.41188],[106.39083,10.3882],[106.3508,10.38824],[106.34923,10.39903],[106.33535,10.3923],[106.30956,10.40836],[106.30322,10.39261],[106.2958,10.39044],[106.30063,10.37877],[106.29098,10.3702],[106.27998,10.37969],[106.26742,10.37841],[106.26592,10.36332],[106.24798,10.3548],[106.22745,10.34965],[106.21008,10.35869],[106.19167,10.35833],[106.17009,10.34943],[106.12258,10.36285],[106.11458,10.37082],[106.11042,10.36668],[106.09619,10.38088],[106.09548,10.38921],[106.12016,10.40506],[106.1214,10.4176],[106.11307,10.42696],[106.10591,10.42881],[106.05638,10.4036],[106.02991,10.4089],[106.01998,10.39668],[106.01321,10.39672],[106.01193,10.40638],[105.9757,10.43844],[105.96723,10.45612],[105.9661,10.48844],[105.97443,10.49779],[105.96424,10.50798],[105.94583,10.5],[105.94517,10.49257],[105.89976,10.4503],[105.89075,10.43392],[105.85949,10.40778],[105.84457,10.36616],[105.81573,10.37039],[105.81681,10.32225],[105.83032,10.31803],[105.82146,10.30912],[105.83582,10.30511],[105.83699,10.29892],[105.8795,10.28837],[105.8935,10.27595],[105.92694,10.28372],[105.98299,10.33115],[105.99199,10.33049],[106.03464,10.29879]]]}},{"type":"Feature","properties":{"id":"441090-VNM.58_1-None","pfaf_id":441090,"country":"Vietnam","province":"Tiền Giang","area_km2":146,"bws":1.86,"bwd":1.03,"gtd":-9999,"iav":0.77,"sev":1.89,"rfr":3.34,"cfr":4.03,"drr":3.84,"ucw":5,"cep":4.04,"udw":2.56,"usa":4.18,"rri":2.6,"official_qan":3.74,"official_qal":4.73,"official_rrr":3.42,"official_tot":4.04,"name":"Tiền Giang · 441090 b","note":"indicators real (v4 2023); ensemble modelled","archetype":"spread","bws_h08":2.32,"bws_pcrglobwb":2.36,"bws_watergap2":2.48,"bws_cwatm":1.57,"bws_lpjml":2.26,"bws_mean":2.2,"bws_std":0.32,"bws_min":1.57,"bws_max":2.48,"bws_range":0.91,"bws_class":2,"bws_agreement":"high","bws_caution":0,"fut_h08":2.84,"fut_pcrglobwb":3.14,"fut_watergap2":3.56,"fut_cwatm":2.39,"fut_lpjml":3.15,"fut_mean":3.02,"fut_std":0.39,"fut_min":2.39,"fut_max":3.56,"fut_range":1.17,"fut_class":3,"fut_agreement":"medium","fut_caution":0},"geometry":{"type":"MultiPolygon","coordinates":[[[[106.67781,10.23665],[106.75542,10.19938],[106.78101,10.22245],[106.7746,10.24487],[106.74388,10.2661],[106.725,10.27083],[106.73022,10.27495],[106.68309,10.28349],[106.6494,10.28028],[106.57386,10.28889],[106.47827,10.30568],[106.54195,10.26556],[106.59042,10.25083],[106.67781,10.23665]]],[[[106.71263,10.46558],[106.73246,10.47139],[106.74218,10.46442],[106.73333,10.48333],[106.72083,10.47917],[106.71263,10.46558]]],[[[106.7879,10.39841],[106.78807,10.40908],[106.76075,10.4375],[106.7879,10.39841]]],[[[106.76308,10.27187],[106.73637,10.27368],[106.7558,10.2664],[106.76308,10.27187]]],[[[106.45742,10.30799],[106.44265,10.30956],[106.44833,10.3065],[106.45742,10.30799]]]]}},{"type":"Feature","properties":{"id":"441090-VNM.59_1-2021","pfaf_id":441090,"country":"Vietnam","province":"Trà Vinh","area_km2":1754,"bws":1.86,"bwd":1.03,"gtd":-9999,"iav":0.77,"sev":1.89,"rfr":3.34,"cfr":4.03,"drr":3.84,"ucw":5,"cep":4.04,"udw":2.56,"usa":4.18,"rri":2.6,"official_qan":3.74,"official_qal":4.73,"official_rrr":3.42,"official_tot":4.04,"name":"Trà Vinh · 441090","note":"indicators real (v4 2023); ensemble modelled","archetype":"spread","bws_h08":2.77,"bws_pcrglobwb":1.6,"bws_watergap2":2.14,"bws_cwatm":1.57,"bws_lpjml":0.9,"bws_mean":1.8,"bws_std":0.63,"bws_min":0.9,"bws_max":2.77,"bws_range":1.87,"bws_class":1,"bws_agreement":"medium","bws_caution":0,"fut_h08":2.99,"fut_pcrglobwb":2.12,"fut_watergap2":2.82,"fut_cwatm":2.42,"fut_lpjml":1.7,"fut_mean":2.41,"fut_std":0.47,"fut_min":1.7,"fut_max":2.99,"fut_range":1.29,"fut_class":2,"fut_agreement":"medium","fut_caution":0},"geometry":{"type":"MultiPolygon","coordinates":[[[[106.09184,9.95608],[106.10381,9.94409],[106.09804,9.93807],[106.07279,9.93693],[106.06582,9.92585],[106.04779,9.92027],[106.03724,9.89697],[106.04131,9.89341],[106.03369,9.88576],[106.04792,9.8713],[106.06161,9.87426],[106.06723,9.86752],[106.06297,9.85208],[106.06763,9.84206],[106.08138,9.83807],[106.08838,9.84926],[106.11875,9.8463],[106.13529,9.85777],[106.16875,9.86203],[106.17943,9.8572],[106.17547,9.85208],[106.18693,9.83554],[106.18785,9.81005],[106.19758,9.80035],[106.23542,9.8037],[106.25759,9.78277],[106.27425,9.78807],[106.2964,9.78212],[106.27293,9.76296],[106.26331,9.76566],[106.25833,9.74167],[106.21029,9.73277],[106.17443,9.70955],[106.18946,9.70057],[106.21471,9.69943],[106.2214,9.68675],[106.2161,9.67817],[106.2301,9.6632],[106.23971,9.66193],[106.25612,9.6464],[106.26667,9.64583],[106.25281,9.62572],[106.33055,9.58298],[106.35561,9.55837],[106.39564,9.53309],[106.41129,9.53807],[106.41309,9.53088],[106.47288,9.54499],[106.52988,9.58055],[106.55758,9.61666],[106.57862,9.65939],[106.57932,9.69292],[106.57136,9.69635],[106.56578,9.74479],[106.52083,9.76667],[106.52035,9.80047],[106.50415,9.81944],[106.45303,9.87639],[106.30861,10.01049],[106.29441,10.03528],[106.254,10.07666],[106.23989,10.08112],[106.22755,10.0677],[106.23234,10.02362],[106.22166,10.01504],[106.20441,10.00953],[106.18975,10.02629],[106.1507,10.01763],[106.1348,10.02396],[106.13172,9.96173],[106.11272,9.93837],[106.09184,9.95608]]],[[[106.40922,9.95911],[106.4743,9.91784],[106.5203,9.87724],[106.46911,9.92904],[106.40922,9.95911]]]]}},{"type":"Feature","properties":{"id":"441090-VNM.59_1-None","pfaf_id":441090,"country":"Vietnam","province":"Trà Vinh","area_km2":122,"bws":1.86,"bwd":1.03,"gtd":-9999,"iav":0.77,"sev":1.89,"rfr":3.34,"cfr":4.03,"drr":3.84,"ucw":5,"cep":4.04,"udw":2.56,"usa":4.18,"rri":2.6,"official_qan":3.74,"official_qal":4.73,"official_rrr":3.42,"official_tot":4.04,"name":"Trà Vinh · 441090 b","note":"indicators real (v4 2023); ensemble modelled","archetype":"consensus","bws_h08":1.63,"bws_pcrglobwb":1.74,"bws_watergap2":1.57,"bws_cwatm":1.79,"bws_lpjml":1.87,"bws_mean":1.72,"bws_std":0.11,"bws_min":1.57,"bws_max":1.87,"bws_range":0.3,"bws_class":1,"bws_agreement":"high","bws_caution":0,"fut_h08":2.22,"fut_pcrglobwb":2.14,"fut_watergap2":2.02,"fut_cwatm":2.22,"fut_lpjml":2.42,"fut_mean":2.2,"fut_std":0.13,"fut_min":2.02,"fut_max":2.42,"fut_range":0.4,"fut_class":2,"fut_agreement":"high","fut_caution":0},"geometry":{"type":"MultiPolygon","coordinates":[[[[106.254,10.07666],[106.29441,10.03528],[106.30861,10.01049],[106.45303,9.87639],[106.50923,9.81339],[106.5,9.82917],[106.5089,9.83408],[106.50499,9.84502],[106.51129,9.8464],[106.52575,9.8286],[106.54498,9.83835],[106.54954,9.84793],[106.4743,9.91784],[106.31442,10.02029],[106.2897,10.04985],[106.254,10.07666]],[[106.48435,9.85063],[106.44527,9.89062],[106.45303,9.90026],[106.49534,9.85213],[106.48435,9.85063]]],[[[106.3683,9.53423],[106.38336,9.52921],[106.39564,9.53309],[106.36138,9.55459],[106.36807,9.54921],[106.3683,9.53423]]],[[[106.25417,9.61667],[106.26661,9.61637],[106.25281,9.62572],[106.25417,9.61667]]],[[[106.41343,9.52953],[106.44821,9.53702],[106.41309,9.53088],[106.41343,9.52953]]],[[[106.50923,9.81339],[106.52035,9.80047],[106.51627,9.81153],[106.50923,9.81339]]],[[[106.57932,9.69292],[106.58038,9.67388],[106.58118,9.67491],[106.57932,9.69292]]]]}},{"type":"Feature","properties":{"id":"441090-VNM.6_1-2021","pfaf_id":441090,"country":"Vietnam","province":"Bến Tre","area_km2":2080,"bws":1.86,"bwd":1.03,"gtd":-9999,"iav":0.77,"sev":1.89,"rfr":3.34,"cfr":4.03,"drr":3.84,"ucw":5,"cep":4.04,"udw":2.56,"usa":4.18,"rri":2.6,"official_qan":3.74,"official_qal":4.73,"official_rrr":3.42,"official_tot":4.04,"name":"Bến Tre · 441090","note":"indicators real (v4 2023); ensemble modelled","archetype":"spread","bws_h08":1.36,"bws_pcrglobwb":2.03,"bws_watergap2":1.05,"bws_cwatm":2.76,"bws_lpjml":1.31,"bws_mean":1.7,"bws_std":0.62,"bws_min":1.05,"bws_max":2.76,"bws_range":1.71,"bws_class":1,"bws_agreement":"medium","bws_caution":0,"fut_h08":2.28,"fut_pcrglobwb":2.47,"fut_watergap2":1.53,"fut_cwatm":3.07,"fut_lpjml":2.21,"fut_mean":2.31,"fut_std":0.49,"fut_min":1.53,"fut_max":3.07,"fut_range":1.54,"fut_class":2,"fut_agreement":"medium","fut_caution":0},"geometry":{"type":"Polygon","coordinates":[[[106.03792,10.2487],[106.123,10.2375],[106.14776,10.22167],[106.21276,10.16195],[106.29357,10.065],[106.38194,9.97824],[106.44015,9.94162],[106.49082,9.91998],[106.60219,9.80944],[106.61802,9.81139],[106.65866,9.8332],[106.68523,9.87444],[106.68719,9.8852],[106.67961,9.89674],[106.66771,9.91347],[106.56695,9.97472],[106.4908,10.00778],[106.38303,10.12639],[106.29053,10.25083],[106.29247,10.25694],[106.32164,10.24944],[106.35442,10.22167],[106.40054,10.14361],[106.47969,10.04028],[106.55826,9.99571],[106.5676,10.00057],[106.60612,9.97557],[106.64677,9.97027],[106.6631,9.99609],[106.68085,10.005],[106.6919,10.02245],[106.6786,10.05295],[106.69903,10.06585],[106.68837,10.04229],[106.71459,10.03796],[106.72707,10.04954],[106.73706,10.04537],[106.78937,10.10818],[106.78922,10.15181],[106.77977,10.16516],[106.68941,10.21139],[106.46638,10.2825],[106.42497,10.30945],[106.44265,10.30956],[106.38749,10.33969],[106.36793,10.33958],[106.31178,10.32106],[106.30013,10.31958],[106.28802,10.33061],[106.22152,10.31763],[106.14289,10.28406],[106.10374,10.28371],[106.08869,10.27625],[106.03464,10.29879],[106.02814,10.27323],[106.0344,10.27208],[106.03792,10.2487]]]}},{"type":"Feature","properties":{"id":"441090-VNM.6_1-None","pfaf_id":441090,"country":"Vietnam","province":"Bến Tre","area_km2":227,"bws":1.86,"bwd":1.03,"gtd":-9999,"iav":0.77,"sev":1.89,"rfr":3.34,"cfr":4.03,"drr":3.84,"ucw":5,"cep":4.04,"udw":2.56,"usa":4.18,"rri":2.6,"official_qan":3.74,"official_qal":4.73,"official_rrr":3.42,"official_tot":4.04,"name":"Bến Tre · 441090 b","note":"indicators real (v4 2023); ensemble modelled","archetype":"consensus","bws_h08":1.69,"bws_pcrglobwb":2.15,"bws_watergap2":2.08,"bws_cwatm":1.62,"bws_lpjml":1.81,"bws_mean":1.87,"bws_std":0.21,"bws_min":1.62,"bws_max":2.15,"bws_range":0.53,"bws_class":1,"bws_agreement":"high","bws_caution":0,"fut_h08":2.12,"fut_pcrglobwb":2.41,"fut_watergap2":3.07,"fut_cwatm":2.58,"fut_lpjml":2.03,"fut_mean":2.44,"fut_std":0.37,"fut_min":2.03,"fut_max":3.07,"fut_range":1.04,"fut_class":2,"fut_agreement":"medium","fut_caution":0},"geometry":{"type":"MultiPolygon","coordinates":[[[[106.55826,9.99571],[106.47969,10.04028],[106.40054,10.14361],[106.35442,10.22167],[106.32164,10.24944],[106.29247,10.25694],[106.29053,10.25083],[106.38303,10.12639],[106.4908,10.00778],[106.56695,9.97472],[106.66771,9.91347],[106.64938,9.93991],[106.62721,9.9536],[106.60196,9.9589],[106.55918,9.98835],[106.55826,9.99571]]],[[[106.69376,10.22865],[106.67781,10.23665],[106.59042,10.25083],[106.54195,10.26556],[106.47827,10.30568],[106.42497,10.30945],[106.48636,10.27389],[106.68941,10.21139],[106.77977,10.16516],[106.6875,10.21667],[106.69376,10.22865]]],[[[106.26958,10.08363],[106.31442,10.02029],[106.38194,9.97824],[106.29357,10.065],[106.21276,10.16195],[106.14776,10.22167],[106.123,10.2375],[106.11554,10.23537],[106.17656,10.17377],[106.18771,10.1777],[106.20409,10.165],[106.26958,10.08363]]],[[[106.62182,9.79943],[106.65866,9.8332],[106.60885,9.80833],[106.59226,9.8145],[106.61029,9.80057],[106.62182,9.79943]]],[[[106.73838,10.04514],[106.74601,10.05325],[106.73706,10.04537],[106.73838,10.04514]]]]}},{"type":"Feature","properties":{"id":"441090-VNM.61_1-2021","pfaf_id":441090,"country":"Vietnam","province":"Vĩnh Long","area_km2":1018,"bws":1.86,"bwd":1.03,"gtd":-9999,"iav":0.77,"sev":1.89,"rfr":3.34,"cfr":4.03,"drr":3.84,"ucw":5,"cep":4.04,"udw":2.56,"usa":4.18,"rri":2.6,"official_qan":3.74,"official_qal":4.73,"official_rrr":3.42,"official_tot":4.04,"name":"Vĩnh Long · 441090","note":"indicators real (v4 2023); ensemble modelled","archetype":"consensus","bws_h08":1.85,"bws_pcrglobwb":2.05,"bws_watergap2":1.72,"bws_cwatm":2.05,"bws_lpjml":2.11,"bws_mean":1.96,"bws_std":0.15,"bws_min":1.72,"bws_max":2.11,"bws_range":0.39,"bws_class":1,"bws_agreement":"high","bws_caution":0,"fut_h08":2.19,"fut_pcrglobwb":2,"fut_watergap2":1.69,"fut_cwatm":2.42,"fut_lpjml":2.8,"fut_mean":2.22,"fut_std":0.38,"fut_min":1.69,"fut_max":2.8,"fut_range":1.11,"fut_class":2,"fut_agreement":"medium","fut_caution":0},"geometry":{"type":"Polygon","coordinates":[[[106.03464,10.29879],[105.99199,10.33049],[105.98299,10.33115],[105.92694,10.28372],[105.8935,10.27595],[105.87734,10.26434],[105.89029,10.24425],[105.90195,10.24497],[105.90122,10.23418],[105.9197,10.21161],[105.91316,10.19245],[105.89957,10.19176],[105.8952,10.18552],[105.8762,10.18919],[105.87047,10.1545],[105.85157,10.16008],[105.84911,10.15018],[105.8281,10.14883],[105.8213,10.13542],[105.8339,10.10955],[105.82474,10.1072],[105.83333,10.07917],[105.84925,10.07443],[105.85508,10.08273],[105.875,10.08333],[105.87861,10.06875],[105.87022,10.05464],[105.87159,10.04245],[105.88257,10.03272],[105.90443,10.03845],[105.90123,10.04931],[105.9375,10.05833],[105.96592,10.03693],[105.98656,10.0464],[105.99583,10.04167],[105.99521,10.03008],[105.98277,10.02158],[105.98407,10.01338],[106.01054,10.01193],[106.04498,9.99498],[106.0468,9.9879],[106.11272,9.93837],[106.13172,9.96173],[106.1348,10.02396],[106.1507,10.01763],[106.18975,10.02629],[106.2105,10.00848],[106.23234,10.02362],[106.22508,10.05724],[106.23344,10.07734],[106.254,10.07666],[106.1644,10.16417],[106.11554,10.23537],[106.03792,10.2487],[106.0344,10.27208],[106.02814,10.27323],[106.03464,10.29879]]]}},{"type":"Feature","properties":{"id":"441090-VNM.61_1-None","pfaf_id":441090,"country":"Vietnam","province":"Vĩnh Long","area_km2":50,"bws":1.86,"bwd":1.03,"gtd":-9999,"iav":0.77,"sev":1.89,"rfr":3.34,"cfr":4.03,"drr":3.84,"ucw":5,"cep":4.04,"udw":2.56,"usa":4.18,"rri":2.6,"official_qan":3.74,"official_qal":4.73,"official_rrr":3.42,"official_tot":4.04,"name":"Vĩnh Long · 441090 b","note":"indicators real (v4 2023); ensemble modelled","archetype":"divergent","bws_h08":1.76,"bws_pcrglobwb":1.91,"bws_watergap2":2.12,"bws_cwatm":1.85,"bws_lpjml":1.69,"bws_mean":1.87,"bws_std":0.15,"bws_min":1.69,"bws_max":2.12,"bws_range":0.43,"bws_class":1,"bws_agreement":"high","bws_caution":0,"fut_h08":0.12,"fut_pcrglobwb":3.08,"fut_watergap2":3.84,"fut_cwatm":3.51,"fut_lpjml":2.74,"fut_mean":2.66,"fut_std":1.32,"fut_min":0.12,"fut_max":3.84,"fut_range":3.72,"fut_class":2,"fut_agreement":"low","fut_caution":1},"geometry":{"type":"Polygon","coordinates":[[[106.254,10.07666],[106.2897,10.04985],[106.26958,10.08363],[106.20409,10.165],[106.18771,10.1777],[106.17656,10.17377],[106.11554,10.23537],[106.1644,10.16417],[106.254,10.07666]]]}},{"type":"Feature","properties":{"id":"442100-KHM.19_1-2021","pfaf_id":442100,"country":"Cambodia","province":"Prey Vêng","area_km2":2567,"bws":1.86,"bwd":1.03,"gtd":-9999,"iav":0.77,"sev":1.89,"rfr":4.07,"cfr":1.81,"drr":3.86,"ucw":5,"cep":3.3,"udw":3.71,"usa":4.74,"rri":3.87,"official_qan":3.59,"official_qal":4.52,"official_rrr":4.24,"official_tot":4.08,"name":"Prey Vêng · 442100","note":"indicators real (v4 2023); ensemble modelled","archetype":"consensus","bws_h08":1.91,"bws_pcrglobwb":1.62,"bws_watergap2":2,"bws_cwatm":1.71,"bws_lpjml":1.91,"bws_mean":1.83,"bws_std":0.14,"bws_min":1.62,"bws_max":2,"bws_range":0.38,"bws_class":1,"bws_agreement":"high","bws_caution":0,"fut_h08":2.57,"fut_pcrglobwb":2.29,"fut_watergap2":2.75,"fut_cwatm":1.73,"fut_lpjml":2.81,"fut_mean":2.43,"fut_std":0.39,"fut_min":1.73,"fut_max":2.81,"fut_range":1.08,"fut_class":2,"fut_agreement":"medium","fut_caution":0},"geometry":{"type":"Polygon","coordinates":[[[105.44167,11.74167],[105.41752,11.72832],[105.41595,11.71746],[105.40926,11.71647],[105.40786,11.72594],[105.41727,11.73671],[105.40495,11.75061],[105.36667,11.7375],[105.36606,11.76051],[105.35082,11.76744],[105.3494,11.77554],[105.35894,11.807],[105.3161,11.8449],[105.32119,11.86387],[105.29529,11.85848],[105.28793,11.84589],[105.26949,11.8403],[105.25321,11.81123],[105.19812,11.7829],[105.18094,11.767],[105.16036,11.76202],[105.16502,11.74361],[105.15519,11.72656],[105.15497,11.70564],[105.13452,11.69891],[105.12844,11.68912],[105.1295,11.67791],[105.12111,11.66691],[105.13138,11.64941],[105.11165,11.6409],[105.10423,11.61979],[105.11246,11.61188],[105.11789,11.57553],[105.11275,11.57159],[105.12406,11.55185],[105.13003,11.55237],[105.1286,11.53466],[105.145,11.526],[105.157,11.53131],[105.18596,11.5167],[105.19736,11.52108],[105.21188,11.50289],[105.2148,11.48722],[105.22778,11.48533],[105.22699,11.4726],[105.23714,11.46202],[105.27047,11.44936],[105.27837,11.45786],[105.29714,11.42387],[105.25591,11.38944],[105.27494,11.31491],[105.2802,11.24873],[105.26217,11.20233],[105.24593,11.18829],[105.24353,11.15476],[105.2337,11.12927],[105.19415,11.08679],[105.19675,11.02769],[105.18352,10.95218],[105.1892,10.91177],[105.2402,10.89199],[105.26476,10.89557],[105.33201,10.86195],[105.34824,10.86833],[105.36664,10.88689],[105.37309,10.90356],[105.38046,10.90344],[105.38468,10.91673],[105.40751,10.93172],[105.42109,10.96168],[105.4202,10.97409],[105.37917,10.97083],[105.37465,10.98088],[105.37881,11.02326],[105.37119,11.03091],[105.38508,11.05381],[105.40417,11.0625],[105.40833,11.09167],[105.39227,11.11449],[105.3869,11.14221],[105.39193,11.149],[105.36667,11.15],[105.36667,11.16667],[105.37401,11.16738],[105.38002,11.1785],[105.41169,11.17983],[105.41728,11.19657],[105.40889,11.20624],[105.44515,11.23417],[105.45085,11.27832],[105.45748,11.28002],[105.45748,11.28665],[105.44708,11.29184],[105.45057,11.30491],[105.44527,11.32304],[105.43399,11.33423],[105.42585,11.36165],[105.4496,11.3718],[105.47048,11.40591],[105.47119,11.43088],[105.45833,11.45417],[105.47465,11.46424],[105.48508,11.48715],[105.51667,11.49583],[105.49934,11.53808],[105.50771,11.54791],[105.50315,11.57414],[105.48958,11.57146],[105.46144,11.5951],[105.44142,11.59667],[105.44521,11.60208],[105.4375,11.61667],[105.44412,11.62048],[105.4589,11.61054],[105.48112,11.62443],[105.4926,11.62557],[105.50284,11.61644],[105.50473,11.62279],[105.50346,11.63245],[105.48842,11.64225],[105.47443,11.68971],[105.44167,11.74167]]]}},{"type":"Feature","properties":{"id":"442100-KHM.24_1-2021","pfaf_id":442100,"country":"Cambodia","province":"Takêv","area_km2":3250,"bws":1.86,"bwd":1.03,"gtd":-9999,"iav":0.77,"sev":1.89,"rfr":4.07,"cfr":1.81,"drr":3.86,"ucw":5,"cep":3.3,"udw":3.71,"usa":4.74,"rri":3.87,"official_qan":3.59,"official_qal":4.52,"official_rrr":4.24,"official_tot":4.08,"name":"Takêv · 442100","note":"indicators real (v4 2023); ensemble modelled","archetype":"consensus","bws_h08":1.79,"bws_pcrglobwb":2.04,"bws_watergap2":1.87,"bws_cwatm":2,"bws_lpjml":1.82,"bws_mean":1.9,"bws_std":0.1,"bws_min":1.79,"bws_max":2.04,"bws_range":0.25,"bws_class":1,"bws_agreement":"high","bws_caution":0,"fut_h08":2.27,"fut_pcrglobwb":2.42,"fut_watergap2":2.54,"fut_cwatm":2.25,"fut_lpjml":2.15,"fut_mean":2.33,"fut_std":0.14,"fut_min":2.15,"fut_max":2.54,"fut_range":0.39,"fut_class":2,"fut_agreement":"high","fut_caution":0},"geometry":{"type":"Polygon","coordinates":[[[105.03651,10.8964],[105.03212,10.90723],[105.04246,10.92681],[105.03098,10.96108],[105.02965,10.99125],[105.00248,10.99575],[104.99056,11.00639],[104.99784,11.02834],[104.99265,11.03528],[104.99593,11.05411],[105.01812,11.09996],[105.01717,11.13417],[105.01982,11.156],[105.02506,11.15803],[105.02314,11.16319],[105.01452,11.16007],[105.01812,11.1723],[104.98593,11.17412],[104.97984,11.18306],[104.98532,11.20326],[104.98063,11.22046],[104.9425,11.24011],[104.93214,11.25362],[104.92717,11.26819],[104.93966,11.2978],[104.93897,11.32745],[104.92811,11.3248],[104.89532,11.34825],[104.8745,11.35048],[104.85265,11.34099],[104.83476,11.34147],[104.80084,11.3523],[104.75476,11.33626],[104.73318,11.35004],[104.71287,11.32365],[104.70676,11.29623],[104.68583,11.1689],[104.68524,11.0893],[104.64349,11.08467],[104.63538,11.07737],[104.54145,11.10483],[104.51453,11.13054],[104.48629,11.12272],[104.45916,11.12393],[104.41074,11.13648],[104.41101,11.07692],[104.43116,11.08103],[104.45538,11.06921],[104.45542,11.05723],[104.46131,11.06298],[104.46873,11.05631],[104.48797,11.07021],[104.48713,11.059],[104.49984,11.05771],[104.52306,11.02387],[104.54173,10.96338],[104.54129,10.92939],[104.52533,10.89951],[104.53112,10.89223],[104.54555,10.88611],[104.58554,10.88572],[104.61745,10.90147],[104.65161,10.90668],[104.67394,10.89778],[104.69716,10.86111],[104.7069,10.83545],[104.70614,10.80611],[104.7216,10.78937],[104.72373,10.77627],[104.7042,10.76494],[104.69755,10.73283],[104.68593,10.71651],[104.725,10.69583],[104.725,10.675],[104.74273,10.65073],[104.76144,10.64927],[104.77434,10.62712],[104.77576,10.60906],[104.80212,10.60768],[104.81038,10.60066],[104.83946,10.6161],[104.85417,10.61667],[104.86188,10.60633],[104.86319,10.58849],[104.87012,10.58651],[104.87157,10.57164],[104.88236,10.57006],[104.89161,10.54268],[104.95278,10.6367],[105.09747,10.72054],[105.09233,10.75461],[105.07552,10.7772],[105.064,10.7807],[105.06225,10.79806],[105.05582,10.804],[105.05817,10.82019],[105.02896,10.89185],[105.03651,10.8964]]]}},{"type":"Feature","properties":{"id":"442100-KHM.5_1-2021","pfaf_id":442100,"country":"Cambodia","province":"Kâmpóng Spœ","area_km2":2940,"bws":1.86,"bwd":1.03,"gtd":-9999,"iav":0.77,"sev":1.89,"rfr":4.07,"cfr":1.81,"drr":3.86,"ucw":5,"cep":3.3,"udw":3.71,"usa":4.74,"rri":3.87,"official_qan":3.59,"official_qal":4.52,"official_rrr":4.24,"official_tot":4.08,"name":"Kâmpóng Spœ · 442100","note":"indicators real (v4 2023); ensemble modelled","archetype":"spread","bws_h08":2.83,"bws_pcrglobwb":2.51,"bws_watergap2":1.32,"bws_cwatm":2.58,"bws_lpjml":2.74,"bws_mean":2.4,"bws_std":0.55,"bws_min":1.32,"bws_max":2.83,"bws_range":1.51,"bws_class":2,"bws_agreement":"medium","bws_caution":0,"fut_h08":3.45,"fut_pcrglobwb":3.21,"fut_watergap2":2.21,"fut_cwatm":3.46,"fut_lpjml":3.01,"fut_mean":3.07,"fut_std":0.46,"fut_min":2.21,"fut_max":3.46,"fut_range":1.25,"fut_class":3,"fut_agreement":"medium","fut_caution":0},"geometry":{"type":"Polygon","coordinates":[[[104.71287,11.32365],[104.79245,11.41969],[104.78707,11.42377],[104.78459,11.41454],[104.76421,11.4262],[104.73597,11.42726],[104.72023,11.43821],[104.70348,11.42822],[104.69048,11.43579],[104.68153,11.42147],[104.65617,11.43503],[104.66259,11.47928],[104.6134,11.48816],[104.60061,11.50091],[104.59915,11.51998],[104.58399,11.5259],[104.58277,11.53971],[104.53425,11.58808],[104.52851,11.6116],[104.51723,11.62279],[104.5161,11.64804],[104.48847,11.6754],[104.47917,11.70833],[104.46471,11.7161],[104.42197,11.71224],[104.41995,11.72012],[104.37083,11.7375],[104.33578,11.72048],[104.32742,11.72881],[104.31576,11.72944],[104.26956,11.61857],[104.24091,11.47524],[104.21148,11.15434],[104.22745,11.15381],[104.25174,11.11702],[104.275,11.11667],[104.27119,11.11076],[104.27695,11.10017],[104.30618,11.10206],[104.34132,11.13896],[104.38869,11.13642],[104.39847,11.14726],[104.4323,11.12706],[104.44228,11.13151],[104.45916,11.12393],[104.48629,11.12272],[104.51453,11.13054],[104.54145,11.10483],[104.63538,11.07737],[104.64349,11.08467],[104.68524,11.0893],[104.68583,11.1689],[104.70676,11.29623],[104.71287,11.32365]]]}},{"type":"Feature","properties":{"id":"442100-KHM.7_1-2021","pfaf_id":442100,"country":"Cambodia","province":"Kâmpôt","area_km2":465,"bws":1.86,"bwd":1.03,"gtd":-9999,"iav":0.77,"sev":1.89,"rfr":4.07,"cfr":1.81,"drr":3.86,"ucw":5,"cep":3.3,"udw":3.71,"usa":4.74,"rri":3.87,"official_qan":3.59,"official_qal":4.52,"official_rrr":4.24,"official_tot":4.08,"name":"Kâmpôt · 442100","note":"indicators real (v4 2023); ensemble modelled","archetype":"spread","bws_h08":1.9,"bws_pcrglobwb":2.7,"bws_watergap2":1.93,"bws_cwatm":1.77,"bws_lpjml":2.09,"bws_mean":2.08,"bws_std":0.33,"bws_min":1.77,"bws_max":2.7,"bws_range":0.93,"bws_class":2,"bws_agreement":"high","bws_caution":0,"fut_h08":3.38,"fut_pcrglobwb":3.58,"fut_watergap2":3.04,"fut_cwatm":2.8,"fut_lpjml":2.9,"fut_mean":3.14,"fut_std":0.29,"fut_min":2.8,"fut_max":3.58,"fut_range":0.78,"fut_class":3,"fut_agreement":"high","fut_caution":0},"geometry":{"type":"MultiPolygon","coordinates":[[[[104.39847,11.14726],[104.38869,11.13642],[104.34132,11.13896],[104.31238,11.10384],[104.27695,11.10017],[104.27973,11.08529],[104.30777,11.05221],[104.3036,11.02991],[104.3089,11.02158],[104.30899,10.9884],[104.31752,10.98002],[104.32917,10.975],[104.33508,10.98298],[104.34829,10.98369],[104.35415,10.98958],[104.35,10.99376],[104.36495,11.00869],[104.49478,11.00484],[104.50088,11.02942],[104.52418,11.01938],[104.49984,11.05771],[104.48713,11.059],[104.48797,11.07021],[104.46873,11.05631],[104.46131,11.06298],[104.45542,11.05723],[104.45538,11.06921],[104.43116,11.08103],[104.41101,11.07692],[104.41074,11.13648],[104.39847,11.14726]]],[[[104.54555,10.88611],[104.55502,10.87168],[104.57819,10.86601],[104.61193,10.82304],[104.61667,10.80833],[104.61285,10.76841],[104.62048,10.76076],[104.625,10.7375],[104.6452,10.72436],[104.65335,10.72587],[104.65522,10.73814],[104.67297,10.73686],[104.68332,10.73208],[104.67475,10.71754],[104.68593,10.71651],[104.69755,10.73283],[104.7042,10.76494],[104.72373,10.77627],[104.7216,10.78937],[104.70614,10.80611],[104.7069,10.83545],[104.69716,10.86111],[104.67394,10.89778],[104.65161,10.90668],[104.61745,10.90147],[104.58554,10.88572],[104.54555,10.88611]]],[[[104.53348,11.00004],[104.53785,10.95591],[104.54016,10.95358],[104.54173,10.96338],[104.53348,11.00004]]],[[[104.52547,11.01652],[104.53002,11.00085],[104.53348,11.00004],[104.52547,11.01652]]]]}},{"type":"Feature","properties":{"id":"442100-KHM.8_1-2021","pfaf_id":442100,"country":"Cambodia","province":"Kândal","area_km2":2649,"bws":1.86,"bwd":1.03,"gtd":-9999,"iav":0.77,"sev":1.89,"rfr":4.07,"cfr":1.81,"drr":3.86,"ucw":5,"cep":3.3,"udw":3.71,"usa":4.74,"rri":3.87,"official_qan":3.59,"official_qal":4.52,"official_rrr":4.24,"official_tot":4.08,"name":"Kândal · 442100","note":"indicators real (v4 2023); ensemble modelled","archetype":"divergent","bws_h08":2.3,"bws_pcrglobwb":1.69,"bws_watergap2":2.21,"bws_cwatm":1.43,"bws_lpjml":1.8,"bws_mean":1.89,"bws_std":0.33,"bws_min":1.43,"bws_max":2.3,"bws_range":0.87,"bws_class":1,"bws_agreement":"high","bws_caution":0,"fut_h08":0.44,"fut_pcrglobwb":2.36,"fut_watergap2":3.67,"fut_cwatm":2.54,"fut_lpjml":2.68,"fut_mean":2.34,"fut_std":1.05,"fut_min":0.44,"fut_max":3.67,"fut_range":3.23,"fut_class":2,"fut_agreement":"low","fut_caution":1},"geometry":{"type":"Polygon","coordinates":[[[105.16042,11.73487],[105.126,11.74055],[105.10736,11.73373],[105.09607,11.73647],[105.08744,11.74961],[105.05227,11.75044],[105.04711,11.77412],[105.05415,11.80024],[105.06691,11.80719],[105.06551,11.81567],[105.06072,11.82053],[105.04362,11.8161],[105.02922,11.80262],[105.03703,11.78958],[105.03262,11.74672],[104.99223,11.70638],[104.9786,11.66325],[104.97977,11.62592],[104.99202,11.59755],[104.98715,11.57255],[104.99167,11.5625],[104.97674,11.56285],[104.96458,11.57499],[104.9513,11.55793],[104.95979,11.55293],[104.97515,11.5016],[104.96055,11.49079],[104.94711,11.49296],[104.92181,11.48382],[104.92288,11.45078],[104.90891,11.44922],[104.90617,11.45771],[104.87734,11.47686],[104.86865,11.47363],[104.86616,11.45882],[104.8368,11.43958],[104.82056,11.44278],[104.8173,11.43082],[104.80129,11.43356],[104.79705,11.44404],[104.78286,11.44813],[104.79283,11.50114],[104.80135,11.50791],[104.81902,11.50872],[104.82159,11.51749],[104.81398,11.53272],[104.80067,11.53139],[104.79583,11.54753],[104.775,11.54583],[104.77048,11.53921],[104.77499,11.53125],[104.76667,11.52083],[104.74649,11.51577],[104.74583,11.50417],[104.73159,11.49202],[104.71492,11.48369],[104.66259,11.47928],[104.65617,11.43503],[104.66856,11.42655],[104.68153,11.42147],[104.69048,11.43579],[104.70348,11.42822],[104.72023,11.43821],[104.73597,11.42726],[104.76421,11.4262],[104.78459,11.41454],[104.78707,11.42377],[104.79245,11.41969],[104.73318,11.35004],[104.75476,11.33626],[104.80084,11.3523],[104.85265,11.34099],[104.8745,11.35048],[104.90974,11.34225],[104.92811,11.3248],[104.93897,11.32745],[104.93966,11.2978],[104.92717,11.26819],[104.93214,11.25362],[104.9425,11.24011],[104.98063,11.22046],[104.98532,11.20326],[104.97984,11.18306],[104.98593,11.17412],[105.01812,11.1723],[105.01452,11.16007],[105.02314,11.16319],[105.02506,11.15803],[105.01982,11.156],[105.01717,11.13417],[105.01812,11.09996],[104.99593,11.05411],[104.99265,11.03528],[104.99784,11.02834],[104.99056,11.00639],[105.00248,10.99575],[105.02965,10.99125],[105.03098,10.96108],[105.04246,10.92681],[105.03212,10.90723],[105.03651,10.8964],[105.04736,10.90187],[105.04316,10.9106],[105.05577,10.91585],[105.05273,10.92766],[105.06812,10.9374],[105.07835,10.93482],[105.08324,10.95592],[105.11285,10.96188],[105.11813,10.94892],[105.10007,10.9216],[105.10921,10.91762],[105.15628,10.9235],[105.1892,10.91177],[105.18352,10.95218],[105.19675,11.02769],[105.19415,11.08679],[105.2337,11.12927],[105.24353,11.15476],[105.24593,11.18829],[105.26217,11.20233],[105.2802,11.24873],[105.27494,11.31491],[105.25591,11.38944],[105.29714,11.42387],[105.28276,11.44237],[105.28672,11.44847],[105.27837,11.45786],[105.27047,11.44936],[105.23714,11.46202],[105.22699,11.4726],[105.22778,11.48533],[105.2148,11.48722],[105.21188,11.50289],[105.19736,11.52108],[105.18596,11.5167],[105.157,11.53131],[105.145,11.526],[105.1286,11.53466],[105.13003,11.55237],[105.12406,11.55185],[105.11275,11.57159],[105.1172,11.58423],[105.11246,11.61188],[105.10423,11.61979],[105.10624,11.62845],[105.11165,11.6409],[105.13138,11.64941],[105.12111,11.66691],[105.1295,11.67791],[105.12844,11.68912],[105.13452,11.69891],[105.15497,11.70564],[105.16042,11.73487]]]}},{"type":"Feature","properties":{"id":"442100-VNM.1_1-2021","pfaf_id":442100,"country":"Vietnam","province":"An Giang","area_km2":2240,"bws":1.86,"bwd":1.03,"gtd":-9999,"iav":0.77,"sev":1.89,"rfr":4.07,"cfr":1.81,"drr":3.86,"ucw":5,"cep":3.3,"udw":3.71,"usa":4.74,"rri":2.6,"official_qan":3.59,"official_qal":4.52,"official_rrr":4.11,"official_tot":4.06,"name":"An Giang · 442100","note":"indicators real (v4 2023); ensemble modelled","archetype":"consensus","bws_h08":1.71,"bws_pcrglobwb":2.16,"bws_watergap2":2.11,"bws_cwatm":1.88,"bws_lpjml":2.02,"bws_mean":1.98,"bws_std":0.16,"bws_min":1.71,"bws_max":2.16,"bws_range":0.45,"bws_class":1,"bws_agreement":"high","bws_caution":0,"fut_h08":2.26,"fut_pcrglobwb":3.04,"fut_watergap2":3.27,"fut_cwatm":2.97,"fut_lpjml":2.95,"fut_mean":2.9,"fut_std":0.34,"fut_min":2.26,"fut_max":3.27,"fut_range":1.01,"fut_class":2,"fut_agreement":"medium","fut_caution":0},"geometry":{"type":"Polygon","coordinates":[[[104.89161,10.54268],[104.9116,10.54649],[104.92696,10.5661],[104.9491,10.57149],[104.9509,10.57851],[104.96601,10.5741],[104.96733,10.55923],[104.9875,10.54167],[104.98333,10.5],[105.00062,10.48797],[104.9917,10.47219],[105.00777,10.46042],[105.00062,10.44799],[104.99933,10.41748],[104.97022,10.40697],[104.975,10.3875],[104.99252,10.38002],[105.00516,10.39514],[105.02419,10.39654],[105.026,10.40895],[105.04536,10.40355],[105.05786,10.41728],[105.06571,10.41586],[105.07116,10.42831],[105.09791,10.44111],[105.11567,10.43688],[105.11744,10.44903],[105.13681,10.46335],[105.1375,10.475],[105.15417,10.475],[105.16194,10.49374],[105.15837,10.49864],[105.16605,10.50478],[105.18254,10.49921],[105.1912,10.48272],[105.20319,10.48407],[105.22438,10.50617],[105.23009,10.52407],[105.25242,10.53715],[105.27674,10.52535],[105.30242,10.52465],[105.31161,10.51738],[105.30085,10.51595],[105.30473,10.50491],[105.29527,10.4926],[105.29583,10.45833],[105.23408,10.43647],[105.23246,10.42058],[105.2202,10.42564],[105.20496,10.41565],[105.20337,10.40518],[105.1911,10.39879],[105.20221,10.38807],[105.1884,10.38684],[105.17557,10.36888],[105.17027,10.35491],[105.17557,10.34658],[105.1625,10.3375],[105.16285,10.33088],[105.17258,10.32119],[105.23333,10.32083],[105.23866,10.32953],[105.24906,10.32027],[105.25744,10.32157],[105.26321,10.33661],[105.28649,10.35473],[105.29925,10.34943],[105.31459,10.3537],[105.32406,10.34527],[105.34925,10.35057],[105.35625,10.3463],[105.37083,10.35417],[105.37535,10.33921],[105.37048,10.32258],[105.35001,10.29792],[105.35869,10.28922],[105.35381,10.27255],[105.3625,10.25],[105.37392,10.25886],[105.37919,10.24748],[105.44145,10.26969],[105.4267,10.30302],[105.48458,10.31641],[105.48727,10.32386],[105.49544,10.32535],[105.48775,10.33459],[105.49275,10.34731],[105.52105,10.3634],[105.52901,10.37715],[105.52419,10.39483],[105.50894,10.39684],[105.50777,10.42795],[105.52557,10.44045],[105.51347,10.44623],[105.50816,10.45708],[105.49498,10.4536],[105.4824,10.4714],[105.47304,10.46307],[105.45987,10.46193],[105.4625,10.48333],[105.44908,10.50346],[105.43946,10.50473],[105.4218,10.52123],[105.42063,10.54999],[105.39662,10.56706],[105.36835,10.57695],[105.33982,10.64939],[105.33795,10.67345],[105.35075,10.71266],[105.34681,10.71905],[105.33707,10.72326],[105.29471,10.71656],[105.27848,10.72295],[105.27548,10.72853],[105.30003,10.74701],[105.30379,10.75882],[105.26056,10.77235],[105.26134,10.79988],[105.23186,10.80849],[105.20949,10.84947],[105.19423,10.8471],[105.18631,10.87474],[105.1892,10.91177],[105.15628,10.9235],[105.10921,10.91762],[105.10007,10.9216],[105.11813,10.94892],[105.11285,10.96188],[105.08324,10.95592],[105.07835,10.93482],[105.06812,10.9374],[105.05273,10.92766],[105.05577,10.91585],[105.04316,10.9106],[105.04736,10.90187],[105.02896,10.89185],[105.05817,10.82019],[105.05582,10.804],[105.06225,10.79806],[105.064,10.7807],[105.07552,10.7772],[105.09233,10.75461],[105.09747,10.72054],[104.95278,10.6367],[104.89161,10.54268]]]}},{"type":"Feature","properties":{"id":"442100-VNM.12_1-2021","pfaf_id":442100,"country":"Vietnam","province":"Cần Thơ","area_km2":637,"bws":1.86,"bwd":1.03,"gtd":-9999,"iav":0.77,"sev":1.89,"rfr":4.07,"cfr":1.81,"drr":3.86,"ucw":5,"cep":3.3,"udw":3.71,"usa":4.74,"rri":2.6,"official_qan":3.59,"official_qal":4.52,"official_rrr":4.11,"official_tot":4.06,"name":"Cần Thơ · 442100","note":"indicators real (v4 2023); ensemble modelled","archetype":"bimodal","bws_h08":4.54,"bws_pcrglobwb":0.61,"bws_watergap2":4.62,"bws_cwatm":4.42,"bws_lpjml":0.92,"bws_mean":3.02,"bws_std":1.85,"bws_min":0.61,"bws_max":4.62,"bws_range":4.01,"bws_class":3,"bws_agreement":"low","bws_caution":1,"fut_h08":4.96,"fut_pcrglobwb":0.54,"fut_watergap2":5,"fut_cwatm":4.65,"fut_lpjml":0.79,"fut_mean":3.19,"fut_std":2.07,"fut_min":0.54,"fut_max":5,"fut_range":4.46,"fut_class":3,"fut_agreement":"low","fut_caution":1},"geometry":{"type":"Polygon","coordinates":[[[105.78886,10.06285],[105.65694,10.15131],[105.62486,10.18637],[105.61652,10.21373],[105.59933,10.23907],[105.54208,10.29274],[105.51275,10.30801],[105.49544,10.32535],[105.47665,10.31079],[105.4267,10.30302],[105.44145,10.26969],[105.37919,10.24748],[105.38803,10.22594],[105.37917,10.20993],[105.40316,10.20355],[105.41321,10.18422],[105.42917,10.18333],[105.42977,10.16342],[105.45473,10.1426],[105.44527,10.12177],[105.45196,10.1089],[105.45947,10.11276],[105.48216,10.09544],[105.48871,10.11307],[105.50211,10.109],[105.54183,10.1347],[105.54142,10.14506],[105.55833,10.14583],[105.56991,10.13657],[105.57444,10.12708],[105.57057,10.12178],[105.5828,10.12],[105.59105,10.11049],[105.59583,10.09583],[105.63243,10.11316],[105.63455,10.1214],[105.65748,10.11582],[105.66723,10.10712],[105.66355,10.08819],[105.6839,10.07795],[105.67964,10.06042],[105.68455,10.04943],[105.69509,10.05473],[105.72083,10.05],[105.7287,10.03959],[105.72411,10.02154],[105.7036,10.01129],[105.70633,9.95822],[105.72289,9.9718],[105.77619,9.95438],[105.81876,9.965],[105.83878,9.97852],[105.82138,9.9975],[105.82611,10.00542],[105.78886,10.06285]]]}},{"type":"Feature","properties":{"id":"442100-VNM.18_1-2021","pfaf_id":442100,"country":"Vietnam","province":"Đồng Tháp","area_km2":1087,"bws":1.86,"bwd":1.03,"gtd":-9999,"iav":0.77,"sev":1.89,"rfr":4.07,"cfr":1.81,"drr":3.86,"ucw":5,"cep":3.3,"udw":3.71,"usa":4.74,"rri":2.6,"official_qan":3.59,"official_qal":4.52,"official_rrr":4.11,"official_tot":4.06,"name":"Đồng Tháp · 442100","note":"indicators real (v4 2023); ensemble modelled","archetype":"spread","bws_h08":1.32,"bws_pcrglobwb":2.27,"bws_watergap2":1.63,"bws_cwatm":1.34,"bws_lpjml":2.26,"bws_mean":1.76,"bws_std":0.42,"bws_min":1.32,"bws_max":2.27,"bws_range":0.95,"bws_class":1,"bws_agreement":"high","bws_caution":0,"fut_h08":1.78,"fut_pcrglobwb":2.74,"fut_watergap2":2.3,"fut_cwatm":1.92,"fut_lpjml":2.56,"fut_mean":2.26,"fut_std":0.37,"fut_min":1.78,"fut_max":2.74,"fut_range":0.96,"fut_class":2,"fut_agreement":"high","fut_caution":0},"geometry":{"type":"MultiPolygon","coordinates":[[[[105.1892,10.91177],[105.18631,10.87474],[105.19423,10.8471],[105.20949,10.84947],[105.23186,10.80849],[105.26134,10.79988],[105.26056,10.77235],[105.30379,10.75882],[105.30003,10.74701],[105.27548,10.72853],[105.27848,10.72295],[105.29471,10.71656],[105.33707,10.72326],[105.34681,10.71905],[105.35075,10.71266],[105.33795,10.67345],[105.34694,10.62379],[105.36835,10.57695],[105.39662,10.56706],[105.42063,10.54999],[105.42083,10.57083],[105.38404,10.60089],[105.37582,10.66221],[105.39925,10.66741],[105.40769,10.67703],[105.40925,10.69231],[105.43645,10.69098],[105.44254,10.67133],[105.45762,10.65769],[105.48333,10.6625],[105.49929,10.67172],[105.50071,10.68245],[105.51008,10.67952],[105.54583,10.7],[105.54583,10.70833],[105.53424,10.70896],[105.53252,10.71566],[105.5007,10.72164],[105.4966,10.79511],[105.51962,10.80004],[105.53333,10.825],[105.51912,10.82048],[105.5125,10.82707],[105.51665,10.83125],[105.50418,10.86042],[105.50869,10.87255],[105.50381,10.88159],[105.48849,10.88678],[105.48254,10.85911],[105.4722,10.85772],[105.45741,10.88241],[105.43333,10.89583],[105.43277,10.91054],[105.42157,10.91755],[105.42027,10.92575],[105.43807,10.94045],[105.42597,10.94623],[105.42109,10.96168],[105.40751,10.93172],[105.38468,10.91673],[105.38046,10.90344],[105.37309,10.90356],[105.36664,10.88689],[105.34824,10.86833],[105.33201,10.86195],[105.26476,10.89557],[105.2402,10.89199],[105.1892,10.91177]]],[[[105.68231,10.1345],[105.7278,10.20471],[105.7477,10.19693],[105.76579,10.17927],[105.77481,10.18897],[105.80114,10.15547],[105.8281,10.14883],[105.82436,10.16993],[105.81309,10.17601],[105.8125,10.2],[105.78038,10.20473],[105.77832,10.19668],[105.76459,10.18796],[105.75897,10.19265],[105.75777,10.21054],[105.74651,10.22173],[105.74527,10.23427],[105.75417,10.25417],[105.74266,10.25484],[105.73655,10.27527],[105.73125,10.27139],[105.71737,10.27581],[105.71605,10.29383],[105.69864,10.3333],[105.69374,10.32972],[105.67674,10.33715],[105.66453,10.32564],[105.58953,10.34231],[105.56743,10.35084],[105.56589,10.36599],[105.54167,10.36667],[105.54079,10.35808],[105.525,10.3625],[105.52901,10.37715],[105.52105,10.3634],[105.49275,10.34731],[105.48775,10.33459],[105.59933,10.23907],[105.61652,10.21373],[105.62486,10.18637],[105.65694,10.15131],[105.68231,10.1345]]]]}},{"type":"Feature","properties":{"id":"442100-VNM.24_1-2021","pfaf_id":442100,"country":"Vietnam","province":"Hậu Giang","area_km2":108,"bws":1.86,"bwd":1.03,"gtd":-9999,"iav":0.77,"sev":1.89,"rfr":4.07,"cfr":1.81,"drr":3.86,"ucw":5,"cep":3.3,"udw":3.71,"usa":4.74,"rri":2.6,"official_qan":3.59,"official_qal":4.52,"official_rrr":4.11,"official_tot":4.06,"name":"Hậu Giang · 442100","note":"indicators real (v4 2023); ensemble modelled","archetype":"consensus","bws_h08":1.77,"bws_pcrglobwb":1.78,"bws_watergap2":2.03,"bws_cwatm":1.7,"bws_lpjml":2.09,"bws_mean":1.87,"bws_std":0.16,"bws_min":1.7,"bws_max":2.09,"bws_range":0.39,"bws_class":1,"bws_agreement":"high","bws_caution":0,"fut_h08":1.76,"fut_pcrglobwb":2.2,"fut_watergap2":2.09,"fut_cwatm":1.83,"fut_lpjml":2.16,"fut_mean":2.01,"fut_std":0.18,"fut_min":1.76,"fut_max":2.2,"fut_range":0.44,"fut_class":2,"fut_agreement":"high","fut_caution":0},"geometry":{"type":"Polygon","coordinates":[[[105.70633,9.95822],[105.70914,9.94654],[105.74093,9.94086],[105.7424,9.9258],[105.75352,9.91983],[105.75417,9.9],[105.76875,9.90415],[105.78578,9.88715],[105.80625,9.89999],[105.81492,9.89619],[105.84341,9.92048],[105.85058,9.90901],[105.84552,9.90103],[105.85295,9.89956],[105.86458,9.91201],[105.87359,9.90761],[105.88374,9.92772],[105.89111,9.92994],[105.83878,9.97852],[105.81876,9.965],[105.77619,9.95438],[105.72289,9.9718],[105.70633,9.95822]]]}},{"type":"Feature","properties":{"id":"442100-VNM.51_1-2021","pfaf_id":442100,"country":"Vietnam","province":"Sóc Trăng","area_km2":73,"bws":1.86,"bwd":1.03,"gtd":-9999,"iav":0.77,"sev":1.89,"rfr":4.07,"cfr":1.81,"drr":3.86,"ucw":5,"cep":3.3,"udw":3.71,"usa":4.74,"rri":2.6,"official_qan":3.59,"official_qal":4.52,"official_rrr":4.11,"official_tot":4.06,"name":"Sóc Trăng · 442100","note":"indicators real (v4 2023); ensemble modelled","archetype":"divergent","bws_h08":1.5,"bws_pcrglobwb":1.76,"bws_watergap2":1.83,"bws_cwatm":1.79,"bws_lpjml":1.37,"bws_mean":1.65,"bws_std":0.18,"bws_min":1.37,"bws_max":1.83,"bws_range":0.46,"bws_class":1,"bws_agreement":"high","bws_caution":0,"fut_h08":0,"fut_pcrglobwb":2.98,"fut_watergap2":3.73,"fut_cwatm":3.34,"fut_lpjml":2.35,"fut_mean":2.48,"fut_std":1.32,"fut_min":0,"fut_max":3.73,"fut_range":3.73,"fut_class":2,"fut_agreement":"low","fut_caution":1},"geometry":{"type":"Polygon","coordinates":[[[106.0728,9.73779],[105.92414,9.90306],[105.89111,9.92994],[105.88374,9.92772],[105.87553,9.91601],[105.87587,9.90087],[105.90746,9.8908],[105.90895,9.87599],[105.93776,9.85303],[105.9375,9.84167],[105.94925,9.83693],[105.96169,9.84066],[105.96752,9.82585],[105.98266,9.81994],[105.99943,9.80221],[106.00473,9.79241],[106.00001,9.78066],[106.01993,9.77434],[106.04675,9.73808],[106.05833,9.72917],[106.0728,9.73779]]]}},{"type":"Feature","properties":{"id":"442100-VNM.51_1-None","pfaf_id":442100,"country":"Vietnam","province":"Sóc Trăng","area_km2":117,"bws":1.86,"bwd":1.03,"gtd":-9999,"iav":0.77,"sev":1.89,"rfr":4.07,"cfr":1.81,"drr":3.86,"ucw":5,"cep":3.3,"udw":3.71,"usa":4.74,"rri":2.6,"official_qan":3.59,"official_qal":4.52,"official_rrr":4.11,"official_tot":4.06,"name":"Sóc Trăng · 442100 b","note":"indicators real (v4 2023); ensemble modelled","archetype":"spread","bws_h08":1.66,"bws_pcrglobwb":1.43,"bws_watergap2":1.6,"bws_cwatm":1.22,"bws_lpjml":1.8,"bws_mean":1.54,"bws_std":0.2,"bws_min":1.22,"bws_max":1.8,"bws_range":0.58,"bws_class":1,"bws_agreement":"high","bws_caution":0,"fut_h08":2.54,"fut_pcrglobwb":2.74,"fut_watergap2":2.75,"fut_cwatm":2.03,"fut_lpjml":2.84,"fut_mean":2.58,"fut_std":0.29,"fut_min":2.03,"fut_max":2.84,"fut_range":0.81,"fut_class":2,"fut_agreement":"high","fut_caution":0},"geometry":{"type":"MultiPolygon","coordinates":[[[[105.89111,9.92994],[105.92414,9.90306],[106.01498,9.80806],[106.0728,9.73779],[106.08995,9.74548],[106.11631,9.71909],[106.13418,9.67585],[106.15209,9.68287],[106.22814,9.61193],[106.24921,9.61612],[106.17175,9.68554],[106.1149,9.74716],[106.07166,9.77596],[105.96051,9.90204],[105.92141,9.93021],[105.89821,9.93746],[105.89111,9.92994]]],[[[106.24921,9.61612],[106.25,9.6125],[106.25339,9.61347],[106.24921,9.61612]]]]}},{"type":"Feature","properties":{"id":"442100-VNM.59_1-2021","pfaf_id":442100,"country":"Vietnam","province":"Trà Vinh","area_km2":328,"bws":1.86,"bwd":1.03,"gtd":-9999,"iav":0.77,"sev":1.89,"rfr":4.07,"cfr":1.81,"drr":3.86,"ucw":5,"cep":3.3,"udw":3.71,"usa":4.74,"rri":2.6,"official_qan":3.59,"official_qal":4.52,"official_rrr":4.11,"official_tot":4.06,"name":"Trà Vinh · 442100","note":"indicators real (v4 2023); ensemble modelled","archetype":"spread","bws_h08":1.75,"bws_pcrglobwb":1.14,"bws_watergap2":2.36,"bws_cwatm":1.71,"bws_lpjml":2.23,"bws_mean":1.84,"bws_std":0.43,"bws_min":1.14,"bws_max":2.36,"bws_range":1.22,"bws_class":1,"bws_agreement":"medium","bws_caution":0,"fut_h08":2.04,"fut_pcrglobwb":2.35,"fut_watergap2":3.28,"fut_cwatm":2.34,"fut_lpjml":3.5,"fut_mean":2.7,"fut_std":0.58,"fut_min":2.04,"fut_max":3.5,"fut_range":1.46,"fut_class":2,"fut_agreement":"medium","fut_caution":0},"geometry":{"type":"Polygon","coordinates":[[[106.08544,9.95878],[106.07674,9.94486],[106.05606,9.94685],[106.03485,9.92697],[106.02081,9.93285],[106.01322,9.92437],[106.01498,9.91673],[105.98462,9.90258],[106.03552,9.82861],[106.07553,9.78278],[106.25281,9.62572],[106.26667,9.64583],[106.25612,9.6464],[106.23971,9.66193],[106.2301,9.6632],[106.2161,9.67817],[106.2214,9.68675],[106.21471,9.69943],[106.18946,9.70057],[106.17443,9.70955],[106.21029,9.73277],[106.25833,9.74167],[106.26331,9.76566],[106.27293,9.76296],[106.2964,9.78212],[106.27425,9.78807],[106.25759,9.78277],[106.23542,9.8037],[106.19758,9.80035],[106.18785,9.81005],[106.18693,9.83554],[106.17547,9.85208],[106.17943,9.8572],[106.16875,9.86203],[106.13529,9.85777],[106.11875,9.8463],[106.08838,9.84926],[106.08138,9.83807],[106.06763,9.84206],[106.06297,9.85208],[106.06723,9.86752],[106.06161,9.87426],[106.04792,9.8713],[106.03369,9.88576],[106.04131,9.89341],[106.03724,9.89697],[106.04779,9.92027],[106.06582,9.92585],[106.07279,9.93693],[106.09804,9.93807],[106.10381,9.94409],[106.08544,9.95878]]]}},{"type":"Feature","properties":{"id":"442100-VNM.59_1-None","pfaf_id":442100,"country":"Vietnam","province":"Trà Vinh","area_km2":40,"bws":1.86,"bwd":1.03,"gtd":-9999,"iav":0.77,"sev":1.89,"rfr":4.07,"cfr":1.81,"drr":3.86,"ucw":5,"cep":3.3,"udw":3.71,"usa":4.74,"rri":2.6,"official_qan":3.59,"official_qal":4.52,"official_rrr":4.11,"official_tot":4.06,"name":"Trà Vinh · 442100 b","note":"indicators real (v4 2023); ensemble modelled","archetype":"consensus","bws_h08":1.88,"bws_pcrglobwb":1.69,"bws_watergap2":1.9,"bws_cwatm":2.03,"bws_lpjml":1.75,"bws_mean":1.85,"bws_std":0.12,"bws_min":1.69,"bws_max":2.03,"bws_range":0.34,"bws_class":1,"bws_agreement":"high","bws_caution":0,"fut_h08":2.72,"fut_pcrglobwb":2.38,"fut_watergap2":2.58,"fut_cwatm":2.62,"fut_lpjml":2.8,"fut_mean":2.62,"fut_std":0.14,"fut_min":2.38,"fut_max":2.8,"fut_range":0.42,"fut_class":2,"fut_agreement":"high","fut_caution":0},"geometry":{"type":"MultiPolygon","coordinates":[[[[105.95252,9.92248],[106.02271,9.82579],[106.07166,9.77596],[106.10023,9.76027],[106.03552,9.82861],[105.97884,9.90988],[105.96313,9.92202],[105.95252,9.92248]]],[[[106.17175,9.68554],[106.25339,9.61347],[106.25281,9.62572],[106.1149,9.74716],[106.17175,9.68554]]]]}},{"type":"Feature","properties":{"id":"442100-VNM.61_1-2021","pfaf_id":442100,"country":"Vietnam","province":"Vĩnh Long","area_km2":423,"bws":1.86,"bwd":1.03,"gtd":-9999,"iav":0.77,"sev":1.89,"rfr":4.07,"cfr":1.81,"drr":3.86,"ucw":5,"cep":3.3,"udw":3.71,"usa":4.74,"rri":2.6,"official_qan":3.59,"official_qal":4.52,"official_rrr":4.11,"official_tot":4.06,"name":"Vĩnh Long · 442100","note":"indicators real (v4 2023); ensemble modelled","archetype":"consensus","bws_h08":1.95,"bws_pcrglobwb":2.05,"bws_watergap2":2.11,"bws_cwatm":1.99,"bws_lpjml":2.04,"bws_mean":2.03,"bws_std":0.05,"bws_min":1.95,"bws_max":2.11,"bws_range":0.16,"bws_class":2,"bws_agreement":"high","bws_caution":0,"fut_h08":2.56,"fut_pcrglobwb":3.44,"fut_watergap2":3.58,"fut_cwatm":3.02,"fut_lpjml":2.69,"fut_mean":3.06,"fut_std":0.4,"fut_min":2.56,"fut_max":3.58,"fut_range":1.02,"fut_class":3,"fut_agreement":"medium","fut_caution":0},"geometry":{"type":"Polygon","coordinates":[[[105.8281,10.14883],[105.80114,10.15547],[105.77481,10.18897],[105.76579,10.17927],[105.7477,10.19693],[105.7278,10.20471],[105.68231,10.1345],[105.78104,10.07008],[105.82611,10.00542],[105.91468,9.96417],[105.98462,9.90258],[106.01498,9.91673],[106.01322,9.92437],[106.02081,9.93285],[106.03485,9.92697],[106.05606,9.94685],[106.07674,9.94486],[106.08544,9.95878],[106.0468,9.9879],[106.04498,9.99498],[106.01054,10.01193],[105.98407,10.01338],[105.98277,10.02158],[105.99521,10.03008],[105.99583,10.04167],[105.98656,10.0464],[105.96592,10.03693],[105.9375,10.05833],[105.90123,10.04931],[105.90443,10.03845],[105.88257,10.03272],[105.87159,10.04245],[105.87022,10.05464],[105.87861,10.06875],[105.875,10.08333],[105.85508,10.08273],[105.84925,10.07443],[105.83333,10.07917],[105.82917,10.0875],[105.82474,10.1072],[105.8339,10.10955],[105.8213,10.13542],[105.8281,10.14883]]]}},{"type":"Feature","properties":{"id":"442100-VNM.61_1-None","pfaf_id":442100,"country":"Vietnam","province":"Vĩnh Long","area_km2":44,"bws":1.86,"bwd":1.03,"gtd":-9999,"iav":0.77,"sev":1.89,"rfr":4.07,"cfr":1.81,"drr":3.86,"ucw":5,"cep":3.3,"udw":3.71,"usa":4.74,"rri":2.6,"official_qan":3.59,"official_qal":4.52,"official_rrr":4.11,"official_tot":4.06,"name":"Vĩnh Long · 442100 b","note":"indicators real (v4 2023); ensemble modelled","archetype":"consensus","bws_h08":1.89,"bws_pcrglobwb":1.71,"bws_watergap2":1.64,"bws_cwatm":2.14,"bws_lpjml":1.91,"bws_mean":1.86,"bws_std":0.17,"bws_min":1.64,"bws_max":2.14,"bws_range":0.5,"bws_class":1,"bws_agreement":"high","bws_caution":0,"fut_h08":2.8,"fut_pcrglobwb":2.31,"fut_watergap2":2.52,"fut_cwatm":3.23,"fut_lpjml":2.49,"fut_mean":2.67,"fut_std":0.32,"fut_min":2.31,"fut_max":3.23,"fut_range":0.92,"fut_class":2,"fut_agreement":"high","fut_caution":0},"geometry":{"type":"Polygon","coordinates":[[[105.82611,10.00542],[105.87676,9.95124],[105.90604,9.93198],[105.92141,9.93021],[105.98045,9.88385],[105.95252,9.92248],[105.96313,9.92202],[105.97884,9.90988],[105.91468,9.96417],[105.82611,10.00542]]]}},{"type":"Feature","properties":{"id":"443010-VNM.2_1-2021","pfaf_id":443010,"country":"Vietnam","province":"Bạc Liêu","area_km2":590,"bws":1.86,"bwd":1.03,"gtd":-9999,"iav":0.77,"sev":1.89,"rfr":4.07,"cfr":4.3,"drr":3.41,"ucw":5,"cep":4.22,"udw":2.56,"usa":4.18,"rri":2.6,"official_qan":3.76,"official_qal":4.78,"official_rrr":3.42,"official_tot":4.05,"name":"Bạc Liêu · 443010","note":"indicators real (v4 2023); ensemble modelled","archetype":"consensus","bws_h08":1.8,"bws_pcrglobwb":1.77,"bws_watergap2":2.08,"bws_cwatm":1.75,"bws_lpjml":1.8,"bws_mean":1.84,"bws_std":0.12,"bws_min":1.75,"bws_max":2.08,"bws_range":0.33,"bws_class":1,"bws_agreement":"high","bws_caution":0,"fut_h08":2.37,"fut_pcrglobwb":2.29,"fut_watergap2":2.3,"fut_cwatm":2.06,"fut_lpjml":2.42,"fut_mean":2.29,"fut_std":0.12,"fut_min":2.06,"fut_max":2.42,"fut_range":0.36,"fut_class":2,"fut_agreement":"high","fut_caution":0},"geometry":{"type":"Polygon","coordinates":[[[105.82742,9.24491],[105.81215,9.33932],[105.85905,9.3599],[105.85302,9.38017],[105.85712,9.38231],[105.84299,9.39942],[105.82121,9.3897],[105.81448,9.37778],[105.81694,9.37028],[105.77998,9.37845],[105.77438,9.37145],[105.77943,9.36345],[105.74968,9.35352],[105.72884,9.36731],[105.72208,9.36252],[105.71342,9.37564],[105.7125,9.36667],[105.69374,9.3547],[105.67292,9.37031],[105.66459,9.36303],[105.65078,9.36588],[105.64925,9.35512],[105.63804,9.34375],[105.64227,9.33696],[105.63716,9.33006],[105.61449,9.33394],[105.6,9.35],[105.58946,9.34527],[105.57443,9.32425],[105.60037,9.30717],[105.58658,9.2882],[105.56251,9.27767],[105.56667,9.26667],[105.55,9.2625],[105.54801,9.2453],[105.53463,9.23755],[105.52772,9.25064],[105.51327,9.24923],[105.52144,9.22995],[105.5119,9.20471],[105.51332,9.19661],[105.52421,9.19506],[105.53277,9.18138],[105.54223,9.14779],[105.55225,9.137],[105.76715,9.21301],[105.82742,9.24491]]]}},{"type":"Feature","properties":{"id":"443010-VNM.2_1-None","pfaf_id":443010,"country":"Vietnam","province":"Bạc Liêu","area_km2":23,"bws":1.86,"bwd":1.03,"gtd":-9999,"iav":0.77,"sev":1.89,"rfr":4.07,"cfr":4.3,"drr":3.41,"ucw":5,"cep":4.22,"udw":2.56,"usa":4.18,"rri":2.6,"official_qan":3.76,"official_qal":4.78,"official_rrr":3.42,"official_tot":4.05,"name":"Bạc Liêu · 443010 b","note":"indicators real (v4 2023); ensemble modelled","archetype":"spread","bws_h08":1.35,"bws_pcrglobwb":1.51,"bws_watergap2":0.98,"bws_cwatm":2.34,"bws_lpjml":1.93,"bws_mean":1.62,"bws_std":0.47,"bws_min":0.98,"bws_max":2.34,"bws_range":1.36,"bws_class":1,"bws_agreement":"medium","bws_caution":0,"fut_h08":1.5,"fut_pcrglobwb":1.82,"fut_watergap2":1.09,"fut_cwatm":3.36,"fut_lpjml":2.98,"fut_mean":2.15,"fut_std":0.87,"fut_min":1.09,"fut_max":3.36,"fut_range":2.27,"fut_class":2,"fut_agreement":"low","fut_caution":1},"geometry":{"type":"MultiPolygon","coordinates":[[[[105.55225,9.137],[105.55315,9.12986],[105.50422,9.10404],[105.51014,9.10028],[105.54222,9.1197],[105.64349,9.15764],[105.74113,9.20285],[105.55225,9.137]]],[[[105.7424,9.20355],[105.74609,9.2032],[105.76715,9.21301],[105.7424,9.20355]]]]}},{"type":"Feature","properties":{"id":"443010-VNM.51_1-2021","pfaf_id":443010,"country":"Vietnam","province":"Sóc Trăng","area_km2":1077,"bws":1.86,"bwd":1.03,"gtd":-9999,"iav":0.77,"sev":1.89,"rfr":4.07,"cfr":4.3,"drr":3.41,"ucw":5,"cep":4.22,"udw":2.56,"usa":4.18,"rri":2.6,"official_qan":3.76,"official_qal":4.78,"official_rrr":3.42,"official_tot":4.05,"name":"Sóc Trăng · 443010","note":"indicators real (v4 2023); ensemble modelled","archetype":"bimodal","bws_h08":4.8,"bws_pcrglobwb":0.81,"bws_watergap2":4.69,"bws_cwatm":4.22,"bws_lpjml":0.63,"bws_mean":3.03,"bws_std":1.9,"bws_min":0.63,"bws_max":4.8,"bws_range":4.17,"bws_class":3,"bws_agreement":"low","bws_caution":1,"fut_h08":5,"fut_pcrglobwb":0.72,"fut_watergap2":5,"fut_cwatm":4.63,"fut_lpjml":0.45,"fut_mean":3.16,"fut_std":2.11,"fut_min":0.45,"fut_max":5,"fut_range":4.55,"fut_class":3,"fut_agreement":"low","fut_caution":1},"geometry":{"type":"MultiPolygon","coordinates":[[[[106.05833,9.72917],[106.05898,9.71036],[106.06731,9.70063],[106.06325,9.65911],[106.11171,9.64504],[106.125,9.60417],[106.11744,9.6034],[106.1159,9.58834],[106.09551,9.57852],[106.07437,9.58814],[106.06218,9.57852],[106.04551,9.58398],[106.03718,9.57852],[106.01862,9.59527],[106.00066,9.58243],[105.99167,9.5375],[105.97996,9.53677],[105.97509,9.51798],[105.95909,9.51145],[105.95757,9.49689],[105.94142,9.48684],[105.9346,9.49161],[105.92889,9.47996],[105.90809,9.47833],[105.91187,9.47291],[105.88959,9.45479],[105.85538,9.4714],[105.84252,9.45748],[105.82917,9.4375],[105.84165,9.41816],[105.82983,9.4116],[105.82458,9.39327],[105.83425,9.39334],[105.8354,9.39916],[105.84848,9.3959],[105.85712,9.38231],[105.85302,9.38017],[105.85905,9.3599],[105.81215,9.33932],[105.82742,9.24491],[105.9156,9.27969],[106.12802,9.34861],[106.16218,9.35349],[106.18687,9.37912],[106.18682,9.41536],[106.17215,9.42471],[106.20623,9.45801],[106.21084,9.51163],[106.0728,9.73779],[106.05833,9.72917]]],[[[105.81997,9.3833],[105.80599,9.37566],[105.81694,9.37028],[105.81448,9.37778],[105.81997,9.3833]]],[[[105.79893,9.3745],[105.7963,9.37978],[105.79112,9.37936],[105.79893,9.3745]]]]}},{"type":"Feature","properties":{"id":"443010-VNM.51_1-None","pfaf_id":443010,"country":"Vietnam","province":"Sóc Trăng","area_km2":207,"bws":1.86,"bwd":1.03,"gtd":-9999,"iav":0.77,"sev":1.89,"rfr":4.07,"cfr":4.3,"drr":3.41,"ucw":5,"cep":4.22,"udw":2.56,"usa":4.18,"rri":2.6,"official_qan":3.76,"official_qal":4.78,"official_rrr":3.42,"official_tot":4.05,"name":"Sóc Trăng · 443010 b","note":"indicators real (v4 2023); ensemble modelled","archetype":"spread","bws_h08":1.28,"bws_pcrglobwb":0.96,"bws_watergap2":1.48,"bws_cwatm":2.07,"bws_lpjml":1.32,"bws_mean":1.42,"bws_std":0.37,"bws_min":0.96,"bws_max":2.07,"bws_range":1.11,"bws_class":1,"bws_agreement":"medium","bws_caution":0,"fut_h08":1.88,"fut_pcrglobwb":1.8,"fut_watergap2":2.03,"fut_cwatm":3.37,"fut_lpjml":2.4,"fut_mean":2.3,"fut_std":0.58,"fut_min":1.8,"fut_max":3.37,"fut_range":1.57,"fut_class":2,"fut_agreement":"medium","fut_caution":0},"geometry":{"type":"MultiPolygon","coordinates":[[[[106.0728,9.73779],[106.20903,9.51451],[106.19943,9.53825],[106.20417,9.54583],[106.21674,9.54045],[106.21188,9.53286],[106.22997,9.49238],[106.2476,9.49294],[106.26614,9.50617],[106.28758,9.54621],[106.29409,9.57846],[106.25072,9.60515],[106.24921,9.61612],[106.22814,9.61193],[106.15209,9.68287],[106.13418,9.67585],[106.11631,9.71909],[106.08995,9.74548],[106.0728,9.73779]]],[[[106.01982,9.3123],[106.10322,9.3367],[106.12914,9.33357],[106.16218,9.35349],[106.12802,9.34861],[106.01982,9.3123]]],[[[106.20892,9.47724],[106.21193,9.48112],[106.21084,9.51163],[106.2108,9.49167],[106.20892,9.47724]]],[[[105.98666,9.30074],[106.00446,9.30467],[106.01982,9.3123],[105.98666,9.30074]]],[[[105.97773,9.297],[105.98092,9.29647],[105.98103,9.29832],[105.97773,9.297]]],[[[106.20832,9.47262],[106.20776,9.46832],[106.20881,9.46987],[106.20832,9.47262]]]]}},{"type":"Feature","properties":{"id":"443020-VNM.12_1-2021","pfaf_id":443020,"country":"Vietnam","province":"Cần Thơ","area_km2":633,"bws":1.86,"bwd":1.03,"gtd":-9999,"iav":0.77,"sev":1.89,"rfr":4.14,"cfr":4.03,"drr":3.23,"ucw":5,"cep":3.92,"udw":2.63,"usa":4.25,"rri":2.6,"official_qan":3.7,"official_qal":4.69,"official_rrr":3.48,"official_tot":4.03,"name":"Cần Thơ · 443020","note":"indicators real (v4 2023); ensemble modelled","archetype":"spread","bws_h08":0.89,"bws_pcrglobwb":2.79,"bws_watergap2":1.01,"bws_cwatm":1.64,"bws_lpjml":2.17,"bws_mean":1.7,"bws_std":0.71,"bws_min":0.89,"bws_max":2.79,"bws_range":1.9,"bws_class":1,"bws_agreement":"medium","bws_caution":0,"fut_h08":2,"fut_pcrglobwb":3.68,"fut_watergap2":1.95,"fut_cwatm":2.37,"fut_lpjml":3.09,"fut_mean":2.62,"fut_std":0.67,"fut_min":1.95,"fut_max":3.68,"fut_range":1.73,"fut_class":2,"fut_agreement":"medium","fut_caution":0},"geometry":{"type":"Polygon","coordinates":[[[105.37919,10.24748],[105.32557,10.22721],[105.3339,10.20908],[105.32963,10.18541],[105.33807,10.17594],[105.33683,10.16345],[105.31752,10.15332],[105.30816,10.13746],[105.31713,10.14125],[105.3531,10.10061],[105.36452,10.07341],[105.50394,9.9458],[105.53871,10.01723],[105.57409,10.01189],[105.57556,9.99365],[105.59087,9.98676],[105.6037,9.97022],[105.62419,9.98395],[105.63676,9.97438],[105.66277,9.98845],[105.65772,9.99536],[105.6662,10.00478],[105.6786,9.98971],[105.67917,9.975],[105.66415,9.94527],[105.6705,9.93955],[105.7036,9.95395],[105.7089,9.97575],[105.7036,10.01129],[105.72411,10.02154],[105.7287,10.03959],[105.72083,10.05],[105.69509,10.05473],[105.68455,10.04943],[105.67964,10.06042],[105.6839,10.07795],[105.66193,10.09241],[105.66723,10.10712],[105.64804,10.12027],[105.63455,10.1214],[105.63243,10.11316],[105.59583,10.09583],[105.59105,10.11049],[105.5828,10.12],[105.57057,10.12178],[105.57444,10.12708],[105.56991,10.13657],[105.55833,10.14583],[105.54142,10.14506],[105.54183,10.1347],[105.50211,10.109],[105.48871,10.11307],[105.48216,10.09544],[105.45947,10.11276],[105.45196,10.1089],[105.44527,10.12177],[105.45473,10.1426],[105.42977,10.16342],[105.42917,10.18333],[105.41321,10.18422],[105.40316,10.20355],[105.37917,10.20993],[105.38803,10.22594],[105.37919,10.24748]]]}},{"type":"Feature","properties":{"id":"443020-VNM.13_1-2021","pfaf_id":443020,"country":"Vietnam","province":"Cà Mau","area_km2":200,"bws":1.86,"bwd":1.03,"gtd":-9999,"iav":0.77,"sev":1.89,"rfr":4.14,"cfr":4.03,"drr":3.23,"ucw":5,"cep":3.92,"udw":2.63,"usa":4.25,"rri":2.6,"official_qan":3.7,"official_qal":4.69,"official_rrr":3.48,"official_tot":4.03,"name":"Cà Mau · 443020","note":"indicators real (v4 2023); ensemble modelled","archetype":"spread","bws_h08":1.27,"bws_pcrglobwb":1.22,"bws_watergap2":2.08,"bws_cwatm":2.85,"bws_lpjml":1.24,"bws_mean":1.73,"bws_std":0.65,"bws_min":1.22,"bws_max":2.85,"bws_range":1.63,"bws_class":1,"bws_agreement":"medium","bws_caution":0,"fut_h08":2.21,"fut_pcrglobwb":1.64,"fut_watergap2":3.09,"fut_cwatm":3.84,"fut_lpjml":2.11,"fut_mean":2.58,"fut_std":0.79,"fut_min":1.64,"fut_max":3.84,"fut_range":2.2,"fut_class":2,"fut_agreement":"low","fut_caution":1},"geometry":{"type":"Polygon","coordinates":[[[105.26218,9.39935],[105.20813,9.43342],[105.20833,9.42083],[105.2,9.42083],[105.19512,9.39255],[105.18633,9.38294],[105.15927,9.40473],[105.1468,9.4035],[105.13333,9.3875],[105.13715,9.34341],[105.12952,9.32674],[105.14582,9.30208],[105.1375,9.2875],[105.12989,9.28672],[105.12952,9.26424],[105.14583,9.24167],[105.16079,9.24619],[105.17292,9.24168],[105.17917,9.24583],[105.17631,9.26175],[105.19134,9.26731],[105.20704,9.26255],[105.21314,9.27034],[105.19644,9.28125],[105.20481,9.29551],[105.19936,9.30384],[105.20087,9.32148],[105.21634,9.31602],[105.23542,9.32023],[105.25145,9.30352],[105.26372,9.30795],[105.24813,9.33541],[105.29678,9.38694],[105.28059,9.39706],[105.26218,9.39935]]]}},{"type":"Feature","properties":{"id":"443020-VNM.2_1-2021","pfaf_id":443020,"country":"Vietnam","province":"Bạc Liêu","area_km2":1463,"bws":1.86,"bwd":1.03,"gtd":-9999,"iav":0.77,"sev":1.89,"rfr":4.14,"cfr":4.03,"drr":3.23,"ucw":5,"cep":3.92,"udw":2.63,"usa":4.25,"rri":2.6,"official_qan":3.7,"official_qal":4.69,"official_rrr":3.48,"official_tot":4.03,"name":"Bạc Liêu · 443020","note":"indicators real (v4 2023); ensemble modelled","archetype":"divergent","bws_h08":1.67,"bws_pcrglobwb":2.22,"bws_watergap2":1.78,"bws_cwatm":1.6,"bws_lpjml":1.73,"bws_mean":1.8,"bws_std":0.22,"bws_min":1.6,"bws_max":2.22,"bws_range":0.62,"bws_class":1,"bws_agreement":"high","bws_caution":0,"fut_h08":0,"fut_pcrglobwb":3.33,"fut_watergap2":3.56,"fut_cwatm":2.93,"fut_lpjml":2.62,"fut_mean":2.49,"fut_std":1.29,"fut_min":0,"fut_max":3.56,"fut_range":3.56,"fut_class":2,"fut_agreement":"low","fut_caution":1},"geometry":{"type":"MultiPolygon","coordinates":[[[[105.79112,9.37936],[105.77693,9.39359],[105.78386,9.39998],[105.77194,9.41138],[105.74802,9.40713],[105.72369,9.39028],[105.70791,9.39455],[105.70544,9.37779],[105.68799,9.37898],[105.67313,9.39079],[105.65612,9.38476],[105.64752,9.39518],[105.63667,9.39614],[105.63911,9.4089],[105.61956,9.41529],[105.61546,9.40644],[105.58762,9.42363],[105.57866,9.41341],[105.54531,9.45063],[105.55494,9.56768],[105.54611,9.58628],[105.53119,9.59516],[105.52145,9.59444],[105.51082,9.58397],[105.50387,9.59127],[105.49268,9.59034],[105.48919,9.58213],[105.4756,9.58471],[105.47739,9.59119],[105.4702,9.59736],[105.46175,9.58674],[105.44827,9.58797],[105.44651,9.59708],[105.42955,9.60088],[105.42873,9.59523],[105.3988,9.59795],[105.39561,9.58839],[105.37924,9.58585],[105.37385,9.59615],[105.37189,9.58991],[105.35052,9.59394],[105.36307,9.58408],[105.35777,9.57158],[105.37037,9.55624],[105.35777,9.52991],[105.36182,9.50493],[105.34206,9.50896],[105.32292,9.50058],[105.29872,9.50359],[105.29937,9.47702],[105.29121,9.46212],[105.29472,9.43358],[105.27808,9.43287],[105.26218,9.39935],[105.28059,9.39706],[105.29678,9.38694],[105.25392,9.34302],[105.24865,9.32908],[105.26372,9.30795],[105.27839,9.30907],[105.28004,9.32525],[105.3063,9.31602],[105.3339,9.28849],[105.32443,9.27158],[105.33277,9.25638],[105.33395,9.23008],[105.34527,9.22304],[105.33665,9.20918],[105.30918,9.19082],[105.3039,9.17178],[105.31569,9.17007],[105.31803,9.16188],[105.32637,9.17562],[105.33688,9.17419],[105.34944,9.16043],[105.34693,9.14522],[105.36458,9.15777],[105.37407,9.15324],[105.3847,9.13272],[105.39907,9.13843],[105.40137,9.14645],[105.42036,9.14105],[105.44082,9.14498],[105.45097,9.1254],[105.46573,9.12013],[105.48675,9.09527],[105.49288,9.10473],[105.50111,9.1009],[105.5272,9.12611],[105.55225,9.137],[105.54223,9.14779],[105.52421,9.19506],[105.51332,9.19661],[105.52144,9.22995],[105.51327,9.24923],[105.52772,9.25064],[105.53463,9.23755],[105.54801,9.2453],[105.55,9.2625],[105.56667,9.26667],[105.56251,9.27767],[105.58658,9.2882],[105.60037,9.30717],[105.57443,9.32425],[105.58946,9.34527],[105.6,9.35],[105.61449,9.33394],[105.62863,9.32856],[105.64227,9.33696],[105.63804,9.34375],[105.64925,9.35512],[105.65078,9.36588],[105.66459,9.36303],[105.67292,9.37031],[105.69374,9.3547],[105.7125,9.36667],[105.71342,9.37564],[105.72208,9.36252],[105.72884,9.36731],[105.74968,9.35352],[105.77943,9.36345],[105.77438,9.37145],[105.79112,9.37936]]],[[[105.33757,9.60528],[105.34675,9.59707],[105.34257,9.61115],[105.33757,9.60528]]]]}},{"type":"Feature","properties":{"id":"443020-VNM.24_1-2021","pfaf_id":443020,"country":"Vietnam","province":"Hậu Giang","area_km2":1028,"bws":1.86,"bwd":1.03,"gtd":-9999,"iav":0.77,"sev":1.89,"rfr":4.14,"cfr":4.03,"drr":3.23,"ucw":5,"cep":3.92,"udw":2.63,"usa":4.25,"rri":2.6,"official_qan":3.7,"official_qal":4.69,"official_rrr":3.48,"official_tot":4.03,"name":"Hậu Giang · 443020","note":"indicators real (v4 2023); ensemble modelled","archetype":"consensus","bws_h08":1.73,"bws_pcrglobwb":1.96,"bws_watergap2":1.81,"bws_cwatm":1.72,"bws_lpjml":1.99,"bws_mean":1.84,"bws_std":0.11,"bws_min":1.72,"bws_max":1.99,"bws_range":0.27,"bws_class":1,"bws_agreement":"high","bws_caution":0,"fut_h08":2.27,"fut_pcrglobwb":2.67,"fut_watergap2":2.78,"fut_cwatm":2.07,"fut_lpjml":2.39,"fut_mean":2.44,"fut_std":0.26,"fut_min":2.07,"fut_max":2.78,"fut_range":0.71,"fut_class":2,"fut_agreement":"high","fut_caution":0},"geometry":{"type":"Polygon","coordinates":[[[105.87359,9.90761],[105.86458,9.91201],[105.85295,9.89956],[105.84552,9.90103],[105.85058,9.90901],[105.84341,9.92048],[105.81492,9.89619],[105.80625,9.89999],[105.78578,9.88715],[105.76875,9.90415],[105.75417,9.9],[105.75352,9.91983],[105.7424,9.9258],[105.74093,9.94086],[105.70914,9.94654],[105.70633,9.95822],[105.6705,9.93955],[105.66415,9.94527],[105.65612,9.9411],[105.63751,9.92341],[105.65,9.90833],[105.66693,9.90322],[105.66181,9.88016],[105.64938,9.8713],[105.65361,9.85208],[105.64932,9.826],[105.58013,9.8121],[105.5661,9.78529],[105.54077,9.75483],[105.53333,9.75417],[105.53271,9.74258],[105.51321,9.72828],[105.49943,9.70094],[105.5036,9.68971],[105.49792,9.68389],[105.48413,9.68829],[105.47843,9.70062],[105.4662,9.69105],[105.4537,9.69645],[105.39651,9.6588],[105.40678,9.64505],[105.39779,9.6233],[105.3812,9.61942],[105.3751,9.61054],[105.37924,9.58585],[105.39561,9.58839],[105.3988,9.59795],[105.42873,9.59523],[105.42955,9.60088],[105.44651,9.59708],[105.44827,9.58797],[105.46175,9.58674],[105.4702,9.59736],[105.47739,9.59119],[105.4756,9.58471],[105.48919,9.58213],[105.49268,9.59034],[105.50387,9.59127],[105.51082,9.58397],[105.52145,9.59444],[105.53119,9.59516],[105.54611,9.58628],[105.54695,9.59673],[105.55687,9.59635],[105.56532,9.60663],[105.56895,9.60334],[105.57589,9.61506],[105.5923,9.60685],[105.61505,9.62204],[105.61733,9.61537],[105.62571,9.6162],[105.64642,9.62549],[105.64917,9.63435],[105.66158,9.63959],[105.66908,9.63339],[105.7102,9.66873],[105.84338,9.74881],[105.85341,9.80132],[105.84853,9.8072],[105.87359,9.90761]]]}},{"type":"Feature","properties":{"id":"443020-VNM.33_1-2021","pfaf_id":443020,"country":"Vietnam","province":"Kiên Giang","area_km2":903,"bws":1.86,"bwd":1.03,"gtd":-9999,"iav":0.77,"sev":1.89,"rfr":4.14,"cfr":4.03,"drr":3.23,"ucw":5,"cep":3.92,"udw":2.63,"usa":4.25,"rri":2.6,"official_qan":3.7,"official_qal":4.69,"official_rrr":3.48,"official_tot":4.03,"name":"Kiên Giang · 443020","note":"indicators real (v4 2023); ensemble modelled","archetype":"consensus","bws_h08":1.71,"bws_pcrglobwb":1.83,"bws_watergap2":1.98,"bws_cwatm":1.6,"bws_lpjml":1.66,"bws_mean":1.76,"bws_std":0.14,"bws_min":1.6,"bws_max":1.98,"bws_range":0.38,"bws_class":1,"bws_agreement":"high","bws_caution":0,"fut_h08":2.87,"fut_pcrglobwb":2.67,"fut_watergap2":2.76,"fut_cwatm":2.45,"fut_lpjml":2.9,"fut_mean":2.73,"fut_std":0.16,"fut_min":2.45,"fut_max":2.9,"fut_range":0.45,"fut_class":2,"fut_agreement":"high","fut_caution":0},"geometry":{"type":"MultiPolygon","coordinates":[[[[105.31713,10.14125],[105.25748,10.08418],[105.24341,10.07952],[105.22742,10.09548],[105.21008,10.09965],[105.20452,10.09412],[105.2089,10.08629],[105.19804,10.07557],[105.17709,10.06722],[105.16767,10.07145],[105.16586,10.05907],[105.1508,10.0576],[105.14923,10.0468],[105.14105,10.0412],[105.14527,10.03542],[105.14105,10.02284],[105.11305,9.99376],[105.11667,9.97917],[105.14058,9.96607],[105.15315,9.94947],[105.17708,9.96627],[105.1949,9.96189],[105.19227,9.93858],[105.24131,9.91838],[105.23333,9.9125],[105.23298,9.89758],[105.22119,9.88159],[105.21582,9.85502],[105.20797,9.853],[105.21788,9.83693],[105.27721,9.8464],[105.29943,9.86862],[105.30456,9.88237],[105.33259,9.88807],[105.36165,9.86998],[105.35833,9.8604],[105.36424,9.85452],[105.37742,9.85381],[105.39375,9.84168],[105.42009,9.85473],[105.42842,9.84943],[105.43957,9.85787],[105.44919,9.85517],[105.47917,9.88333],[105.50394,9.9458],[105.36452,10.07341],[105.3531,10.10061],[105.31713,10.14125]]],[[[105.20813,9.43342],[105.26218,9.39935],[105.27808,9.43287],[105.29472,9.43358],[105.29121,9.46212],[105.27587,9.46318],[105.26988,9.47425],[105.25625,9.47863],[105.25119,9.47488],[105.24867,9.48394],[105.2289,9.48017],[105.23345,9.48631],[105.20912,9.50894],[105.19167,9.50417],[105.19583,9.4854],[105.18992,9.47952],[105.18333,9.48333],[105.18369,9.46841],[105.20813,9.43342]]],[[[105.34257,9.61115],[105.35052,9.59394],[105.37189,9.58991],[105.3751,9.61054],[105.3812,9.61942],[105.39779,9.6233],[105.40624,9.65045],[105.39651,9.6588],[105.38015,9.6577],[105.35869,9.63091],[105.36214,9.62254],[105.34257,9.61115]]]]}},{"type":"Feature","properties":{"id":"443020-VNM.51_1-2021","pfaf_id":443020,"country":"Vietnam","province":"Sóc Trăng","area_km2":1812,"bws":1.86,"bwd":1.03,"gtd":-9999,"iav":0.77,"sev":1.89,"rfr":4.14,"cfr":4.03,"drr":3.23,"ucw":5,"cep":3.92,"udw":2.63,"usa":4.25,"rri":2.6,"official_qan":3.7,"official_qal":4.69,"official_rrr":3.48,"official_tot":4.03,"name":"Sóc Trăng · 443020","note":"indicators real (v4 2023); ensemble modelled","archetype":"spread","bws_h08":1.25,"bws_pcrglobwb":2.04,"bws_watergap2":1.71,"bws_cwatm":1.22,"bws_lpjml":2.43,"bws_mean":1.73,"bws_std":0.46,"bws_min":1.22,"bws_max":2.43,"bws_range":1.21,"bws_class":1,"bws_agreement":"medium","bws_caution":0,"fut_h08":2.25,"fut_pcrglobwb":2.9,"fut_watergap2":3.02,"fut_cwatm":1.94,"fut_lpjml":3.16,"fut_mean":2.65,"fut_std":0.47,"fut_min":1.94,"fut_max":3.16,"fut_range":1.22,"fut_class":2,"fut_agreement":"medium","fut_caution":0},"geometry":{"type":"Polygon","coordinates":[[[105.87501,9.90505],[105.84853,9.8072],[105.85341,9.80132],[105.84338,9.74881],[105.7102,9.66873],[105.66908,9.63339],[105.66158,9.63959],[105.64917,9.63435],[105.64642,9.62549],[105.62571,9.6162],[105.61733,9.61537],[105.61505,9.62204],[105.5923,9.60685],[105.57589,9.61506],[105.56895,9.60334],[105.56532,9.60663],[105.55687,9.59635],[105.54695,9.59673],[105.55537,9.56036],[105.54531,9.45063],[105.58083,9.41171],[105.58762,9.42363],[105.61546,9.40644],[105.61956,9.41529],[105.63911,9.4089],[105.63667,9.39614],[105.64752,9.39518],[105.65612,9.38476],[105.67313,9.39079],[105.68799,9.37898],[105.70544,9.37779],[105.70791,9.39455],[105.72369,9.39028],[105.74802,9.40713],[105.77194,9.41138],[105.78386,9.39998],[105.77693,9.39359],[105.78561,9.38279],[105.80599,9.37566],[105.81997,9.3833],[105.82983,9.4116],[105.84165,9.41816],[105.82917,9.4375],[105.85538,9.4714],[105.88959,9.45479],[105.91187,9.47291],[105.90809,9.47833],[105.92889,9.47996],[105.9346,9.49161],[105.94142,9.48684],[105.95757,9.49689],[105.95909,9.51145],[105.97509,9.51798],[105.97996,9.53677],[105.99167,9.5375],[106.00066,9.58243],[106.01862,9.59527],[106.03718,9.57852],[106.04551,9.58398],[106.06218,9.57852],[106.07437,9.58814],[106.09551,9.57852],[106.1159,9.58834],[106.11744,9.6034],[106.125,9.60417],[106.11171,9.64504],[106.06325,9.65911],[106.06731,9.70063],[106.05898,9.71036],[106.05833,9.72917],[106.0411,9.75221],[106.01993,9.77434],[106.00001,9.78066],[106.00473,9.79241],[105.99943,9.80221],[105.98266,9.81994],[105.96752,9.82585],[105.96169,9.84066],[105.94925,9.83693],[105.9375,9.84167],[105.93776,9.85303],[105.90895,9.87599],[105.90746,9.8908],[105.87501,9.90505]]]}},{"type":"Feature","properties":{"id":"443031-VNM.1_1-2021","pfaf_id":443031,"country":"Vietnam","province":"An Giang","area_km2":986,"bws":1.86,"bwd":1.03,"gtd":-9999,"iav":0.77,"sev":1.89,"rfr":4.1,"cfr":4.1,"drr":2.9,"ucw":5,"cep":4.05,"udw":2.54,"usa":4.16,"rri":2.6,"official_qan":3.64,"official_qal":4.73,"official_rrr":3.41,"official_tot":4.02,"name":"An Giang · 443031","note":"indicators real (v4 2023); ensemble modelled","archetype":"consensus","bws_h08":1.84,"bws_pcrglobwb":2.13,"bws_watergap2":1.6,"bws_cwatm":1.67,"bws_lpjml":1.87,"bws_mean":1.82,"bws_std":0.18,"bws_min":1.6,"bws_max":2.13,"bws_range":0.53,"bws_class":1,"bws_agreement":"high","bws_caution":0,"fut_h08":2.71,"fut_pcrglobwb":2.72,"fut_watergap2":2.43,"fut_cwatm":2.67,"fut_lpjml":3.17,"fut_mean":2.74,"fut_std":0.24,"fut_min":2.43,"fut_max":3.17,"fut_range":0.74,"fut_class":2,"fut_agreement":"high","fut_caution":0},"geometry":{"type":"Polygon","coordinates":[[[105.3625,10.25],[105.35381,10.27255],[105.35869,10.28922],[105.35001,10.29792],[105.37048,10.32258],[105.37535,10.33921],[105.37083,10.35417],[105.35625,10.3463],[105.34925,10.35057],[105.32406,10.34527],[105.31459,10.3537],[105.29925,10.34943],[105.28649,10.35473],[105.26321,10.33661],[105.25744,10.32157],[105.24906,10.32027],[105.23866,10.32953],[105.23333,10.32083],[105.17258,10.32119],[105.16285,10.33088],[105.1625,10.3375],[105.17557,10.34658],[105.17027,10.35491],[105.17557,10.36888],[105.1884,10.38684],[105.20221,10.38807],[105.1911,10.39879],[105.20337,10.40518],[105.20496,10.41565],[105.2202,10.42564],[105.23246,10.42058],[105.23408,10.43647],[105.29583,10.45833],[105.29527,10.4926],[105.30473,10.50491],[105.30085,10.51595],[105.31161,10.51738],[105.30242,10.52465],[105.27674,10.52535],[105.25242,10.53715],[105.23009,10.52407],[105.22438,10.50617],[105.20319,10.48407],[105.1912,10.48272],[105.18254,10.49921],[105.16605,10.50478],[105.15837,10.49864],[105.16194,10.49374],[105.15417,10.475],[105.1375,10.475],[105.13681,10.46335],[105.11744,10.44903],[105.11567,10.43688],[105.09791,10.44111],[105.07116,10.42831],[105.06571,10.41586],[105.05786,10.41728],[105.04536,10.40355],[105.026,10.40895],[105.02419,10.39654],[105.00516,10.39514],[104.99252,10.38002],[104.975,10.3875],[104.97022,10.40697],[104.99933,10.41748],[105.00062,10.44799],[105.00777,10.46042],[104.9917,10.47219],[105.00062,10.48797],[104.99572,10.49467],[104.98333,10.5],[104.97832,10.48835],[104.95075,10.47443],[104.93825,10.47973],[104.92304,10.4714],[104.9115,10.48683],[104.8847,10.48812],[104.8784,10.46764],[104.86874,10.46306],[104.85958,10.47101],[104.85772,10.46451],[104.84902,10.47841],[104.8385,10.47978],[104.8367,10.4674],[104.81197,10.46142],[104.82136,10.44892],[104.81083,10.43811],[104.82786,10.40347],[104.86469,10.35557],[105.0191,10.31871],[105.12556,10.25346],[105.20611,10.18355],[105.25316,10.23852],[105.26096,10.24589],[105.26712,10.23888],[105.30128,10.27698],[105.30655,10.26894],[105.31204,10.27393],[105.33623,10.23442],[105.3625,10.25]]]}},{"type":"Feature","properties":{"id":"443031-VNM.12_1-2021","pfaf_id":443031,"country":"Vietnam","province":"Cần Thơ","area_km2":175,"bws":1.86,"bwd":1.03,"gtd":-9999,"iav":0.77,"sev":1.89,"rfr":4.1,"cfr":4.1,"drr":2.9,"ucw":5,"cep":4.05,"udw":2.54,"usa":4.16,"rri":2.6,"official_qan":3.64,"official_qal":4.73,"official_rrr":3.41,"official_tot":4.02,"name":"Cần Thơ · 443031","note":"indicators real (v4 2023); ensemble modelled","archetype":"divergent","bws_h08":2.19,"bws_pcrglobwb":2.09,"bws_watergap2":2.05,"bws_cwatm":1.62,"bws_lpjml":1.99,"bws_mean":1.99,"bws_std":0.2,"bws_min":1.62,"bws_max":2.19,"bws_range":0.57,"bws_class":1,"bws_agreement":"high","bws_caution":0,"fut_h08":0,"fut_pcrglobwb":2.94,"fut_watergap2":3.01,"fut_cwatm":2.91,"fut_lpjml":2.5,"fut_mean":2.27,"fut_std":1.15,"fut_min":0,"fut_max":3.01,"fut_range":3.01,"fut_class":2,"fut_agreement":"low","fut_caution":1},"geometry":{"type":"MultiPolygon","coordinates":[[[[105.34865,10.23819],[105.33623,10.23442],[105.31204,10.27393],[105.30655,10.26894],[105.30128,10.27698],[105.26712,10.23888],[105.26096,10.24589],[105.25316,10.23852],[105.22567,10.20096],[105.29822,10.13855],[105.30334,10.14364],[105.31165,10.13835],[105.31752,10.15332],[105.33683,10.16345],[105.33807,10.17594],[105.32963,10.18541],[105.3339,10.20908],[105.32557,10.22721],[105.34865,10.23819]]],[[[105.50394,9.9458],[105.53275,9.91929],[105.55597,9.95859],[105.55127,9.9606],[105.56306,9.98664],[105.5696,9.98388],[105.57556,9.99365],[105.57409,10.01189],[105.53871,10.01723],[105.50394,9.9458]]],[[[105.58504,9.98733],[105.61926,9.94557],[105.64551,9.96449],[105.64742,9.97569],[105.65818,9.96629],[105.67145,9.96482],[105.67917,9.975],[105.6786,9.98971],[105.6662,10.00478],[105.65772,9.99536],[105.66277,9.98845],[105.63676,9.97438],[105.62419,9.98395],[105.6037,9.97022],[105.58504,9.98733]]],[[[105.67083,9.9606],[105.65868,9.95019],[105.66415,9.94527],[105.67027,9.95612],[105.67083,9.9606]]]]}},{"type":"Feature","properties":{"id":"443031-VNM.13_1-2021","pfaf_id":443031,"country":"Vietnam","province":"Cà Mau","area_km2":4784,"bws":1.86,"bwd":1.03,"gtd":-9999,"iav":0.77,"sev":1.89,"rfr":4.1,"cfr":4.1,"drr":2.9,"ucw":5,"cep":4.05,"udw":2.54,"usa":4.16,"rri":2.6,"official_qan":3.64,"official_qal":4.73,"official_rrr":3.41,"official_tot":4.02,"name":"Cà Mau · 443031","note":"indicators real (v4 2023); ensemble modelled","archetype":"consensus","bws_h08":1.94,"bws_pcrglobwb":1.75,"bws_watergap2":1.73,"bws_cwatm":1.82,"bws_lpjml":1.86,"bws_mean":1.82,"bws_std":0.08,"bws_min":1.73,"bws_max":1.94,"bws_range":0.21,"bws_class":1,"bws_agreement":"high","bws_caution":0,"fut_h08":2.22,"fut_pcrglobwb":2.11,"fut_watergap2":2.44,"fut_cwatm":2.42,"fut_lpjml":2.43,"fut_mean":2.32,"fut_std":0.13,"fut_min":2.11,"fut_max":2.44,"fut_range":0.33,"fut_class":2,"fut_agreement":"high","fut_caution":0},"geometry":{"type":"Polygon","coordinates":[[[104.8359,9.5307],[104.79721,8.80333],[104.80618,8.77438],[104.81689,8.77252],[104.89704,8.80113],[104.90315,8.79699],[104.91637,8.80222],[104.92387,8.74611],[104.89082,8.69389],[104.74276,8.605],[104.76488,8.58741],[104.84496,8.56177],[104.96661,8.59022],[104.98352,8.60077],[105.00053,8.5988],[105.11819,8.64398],[105.14938,8.70217],[105.17902,8.73786],[105.26879,8.7702],[105.32754,8.82952],[105.35885,8.88474],[105.38832,8.95677],[105.39509,8.99588],[105.41647,9.0168],[105.41936,9.03583],[105.3929,9.06717],[105.37782,9.05721],[105.35778,9.06278],[105.35785,9.07105],[105.3408,9.07228],[105.3354,9.0663],[105.31836,9.07168],[105.29945,9.08903],[105.27406,9.08467],[105.26321,9.09454],[105.25366,9.09132],[105.24514,9.10103],[105.25086,9.10521],[105.25256,9.13523],[105.26209,9.14149],[105.26754,9.15799],[105.2804,9.16271],[105.27412,9.18192],[105.26137,9.17846],[105.25291,9.19872],[105.23257,9.21374],[105.23287,9.22435],[105.29398,9.27964],[105.27635,9.29889],[105.26372,9.30795],[105.25145,9.30352],[105.23542,9.32023],[105.21634,9.31602],[105.20087,9.32148],[105.19936,9.30384],[105.20481,9.29551],[105.19644,9.28125],[105.21123,9.27424],[105.20704,9.26255],[105.19134,9.26731],[105.17631,9.26175],[105.17917,9.24583],[105.17292,9.24168],[105.16079,9.24619],[105.14583,9.24167],[105.12952,9.26424],[105.12989,9.28672],[105.1375,9.2875],[105.14582,9.30208],[105.12952,9.32674],[105.13715,9.34341],[105.13333,9.3875],[105.1468,9.4035],[105.15927,9.40473],[105.18633,9.38294],[105.19512,9.39255],[105.2,9.42083],[105.20833,9.42083],[105.20813,9.43342],[105.00306,9.55852],[104.99267,9.539],[104.96306,9.5559],[104.94578,9.53276],[104.91651,9.5617],[104.88117,9.49405],[104.84578,9.52944],[104.8359,9.5307]]]}},{"type":"Feature","properties":{"id":"443031-VNM.13_1-None","pfaf_id":443031,"country":"Vietnam","province":"Cà Mau","area_km2":213,"bws":1.86,"bwd":1.03,"gtd":-9999,"iav":0.77,"sev":1.89,"rfr":4.1,"cfr":4.1,"drr":2.9,"ucw":5,"cep":4.05,"udw":2.54,"usa":4.16,"rri":2.6,"official_qan":3.64,"official_qal":4.73,"official_rrr":3.41,"official_tot":4.02,"name":"Cà Mau · 443031 b","note":"indicators real (v4 2023); ensemble modelled","archetype":"spread","bws_h08":2.03,"bws_pcrglobwb":2.32,"bws_watergap2":1.68,"bws_cwatm":1.45,"bws_lpjml":1.21,"bws_mean":1.74,"bws_std":0.4,"bws_min":1.21,"bws_max":2.32,"bws_range":1.11,"bws_class":1,"bws_agreement":"medium","bws_caution":0,"fut_h08":2.85,"fut_pcrglobwb":3.41,"fut_watergap2":2.61,"fut_cwatm":2,"fut_lpjml":1.77,"fut_mean":2.53,"fut_std":0.59,"fut_min":1.77,"fut_max":3.41,"fut_range":1.64,"fut_class":2,"fut_agreement":"medium","fut_caution":0},"geometry":{"type":"MultiPolygon","coordinates":[[[[104.73034,8.65006],[104.72025,8.64577],[104.7128,8.63256],[104.71735,8.60767],[104.73554,8.59539],[104.76488,8.58741],[104.74276,8.605],[104.89082,8.69389],[104.92387,8.74611],[104.91637,8.80222],[104.88685,8.78143],[104.87426,8.75103],[104.80917,8.73193],[104.78871,8.71652],[104.77977,8.69375],[104.79646,8.65233],[104.75062,8.63496],[104.73034,8.65006]]],[[[104.80475,9.03921],[104.81009,9.03705],[104.8286,9.31972],[104.83477,9.5165],[104.82146,9.26406],[104.80772,9.18089],[104.80475,9.03921]]],[[[104.8031,8.93357],[104.78207,8.80615],[104.80618,8.77438],[104.79721,8.80333],[104.80984,9.0331],[104.80221,9.01823],[104.8031,8.93357]]],[[[104.83728,8.43629],[104.8455,8.44299],[104.83936,8.45113],[104.81895,8.42714],[104.82479,8.42131],[104.83917,8.4263],[104.83728,8.43629]]],[[[104.85717,8.41959],[104.85199,8.4213],[104.84855,8.41335],[104.85394,8.41389],[104.85717,8.41959]]],[[[104.83381,8.56277],[104.84378,8.56197],[104.82084,8.56877],[104.83381,8.56277]]]]}},{"type":"Feature","properties":{"id":"443031-VNM.2_1-2021","pfaf_id":443031,"country":"Vietnam","province":"Bạc Liêu","area_km2":415,"bws":1.86,"bwd":1.03,"gtd":-9999,"iav":0.77,"sev":1.89,"rfr":4.1,"cfr":4.1,"drr":2.9,"ucw":5,"cep":4.05,"udw":2.54,"usa":4.16,"rri":2.6,"official_qan":3.64,"official_qal":4.73,"official_rrr":3.41,"official_tot":4.02,"name":"Bạc Liêu · 443031","note":"indicators real (v4 2023); ensemble modelled","archetype":"spread","bws_h08":1.24,"bws_pcrglobwb":2.32,"bws_watergap2":2.71,"bws_cwatm":2.75,"bws_lpjml":0.97,"bws_mean":2,"bws_std":0.75,"bws_min":0.97,"bws_max":2.75,"bws_range":1.78,"bws_class":1,"bws_agreement":"medium","bws_caution":0,"fut_h08":2.32,"fut_pcrglobwb":3.19,"fut_watergap2":4.11,"fut_cwatm":3.55,"fut_lpjml":1.88,"fut_mean":3.01,"fut_std":0.81,"fut_min":1.88,"fut_max":4.11,"fut_range":2.23,"fut_class":3,"fut_agreement":"low","fut_caution":1},"geometry":{"type":"MultiPolygon","coordinates":[[[[105.41647,9.0168],[105.50111,9.1009],[105.49288,9.10473],[105.48675,9.09527],[105.46573,9.12013],[105.45097,9.1254],[105.44082,9.14498],[105.42036,9.14105],[105.40137,9.14645],[105.39907,9.13843],[105.3847,9.13272],[105.37407,9.15324],[105.36458,9.15777],[105.34693,9.14522],[105.34944,9.16043],[105.33688,9.17419],[105.32637,9.17562],[105.31803,9.16188],[105.31569,9.17007],[105.3039,9.17178],[105.30918,9.19082],[105.33665,9.20918],[105.34527,9.22304],[105.33395,9.23008],[105.33277,9.25638],[105.32443,9.27158],[105.3339,9.28849],[105.3063,9.31602],[105.28004,9.32525],[105.27839,9.30907],[105.26372,9.30795],[105.29398,9.27964],[105.23287,9.22435],[105.23257,9.21374],[105.25291,9.19872],[105.26137,9.17846],[105.27412,9.18192],[105.27898,9.17417],[105.2804,9.16271],[105.26754,9.15799],[105.26209,9.14149],[105.25256,9.13523],[105.25086,9.10521],[105.24514,9.10103],[105.25366,9.09132],[105.26321,9.09454],[105.27406,9.08467],[105.29458,9.09058],[105.31836,9.07168],[105.3354,9.0663],[105.3408,9.07228],[105.35785,9.07105],[105.35778,9.06278],[105.37782,9.05721],[105.3929,9.06717],[105.41936,9.03583],[105.41647,9.0168]]],[[[105.31698,9.50496],[105.32292,9.50058],[105.34206,9.50896],[105.36182,9.50493],[105.35777,9.52991],[105.37037,9.55624],[105.35777,9.57158],[105.36307,9.58408],[105.35794,9.5907],[105.33757,9.60528],[105.30713,9.60916],[105.30356,9.62805],[105.29235,9.63707],[105.2863,9.62552],[105.28637,9.59984],[105.29493,9.58461],[105.31261,9.57234],[105.30972,9.55566],[105.32432,9.55722],[105.32703,9.52503],[105.32117,9.52622],[105.31698,9.50496]]],[[[105.29121,9.46212],[105.29937,9.47702],[105.2971,9.4928],[105.29391,9.48997],[105.29121,9.46212]]]]}},{"type":"Feature","properties":{"id":"443031-VNM.24_1-2021","pfaf_id":443031,"country":"Vietnam","province":"Hậu Giang","area_km2":491,"bws":1.86,"bwd":1.03,"gtd":-9999,"iav":0.77,"sev":1.89,"rfr":4.1,"cfr":4.1,"drr":2.9,"ucw":5,"cep":4.05,"udw":2.54,"usa":4.16,"rri":2.6,"official_qan":3.64,"official_qal":4.73,"official_rrr":3.41,"official_tot":4.02,"name":"Hậu Giang · 443031","note":"indicators real (v4 2023); ensemble modelled","archetype":"consensus","bws_h08":1.94,"bws_pcrglobwb":1.93,"bws_watergap2":2.02,"bws_cwatm":1.71,"bws_lpjml":2.11,"bws_mean":1.94,"bws_std":0.13,"bws_min":1.71,"bws_max":2.11,"bws_range":0.4,"bws_class":1,"bws_agreement":"high","bws_caution":0,"fut_h08":2.71,"fut_pcrglobwb":2.84,"fut_watergap2":2.46,"fut_cwatm":2.7,"fut_lpjml":2.81,"fut_mean":2.7,"fut_std":0.13,"fut_min":2.46,"fut_max":2.84,"fut_range":0.38,"fut_class":2,"fut_agreement":"high","fut_caution":0},"geometry":{"type":"Polygon","coordinates":[[[105.67145,9.96482],[105.65818,9.96629],[105.64742,9.97569],[105.64551,9.96449],[105.61926,9.94557],[105.58249,9.99069],[105.57556,9.99365],[105.5696,9.98388],[105.56306,9.98664],[105.55127,9.9606],[105.55597,9.95859],[105.53275,9.91929],[105.53957,9.91301],[105.51667,9.86315],[105.52107,9.85911],[105.47661,9.83261],[105.4309,9.81622],[105.43587,9.79503],[105.40483,9.76899],[105.4153,9.75521],[105.36864,9.72769],[105.35511,9.7116],[105.33015,9.70278],[105.33817,9.67733],[105.35107,9.67677],[105.35709,9.66849],[105.37043,9.67274],[105.37138,9.65896],[105.38665,9.65806],[105.39804,9.6589],[105.42083,9.67917],[105.43234,9.67984],[105.43455,9.68757],[105.44045,9.68326],[105.4537,9.69645],[105.4662,9.69105],[105.47843,9.70062],[105.48413,9.68829],[105.49792,9.68389],[105.5036,9.68971],[105.49943,9.70094],[105.51321,9.72828],[105.53271,9.74258],[105.53333,9.75417],[105.54077,9.75483],[105.5661,9.78529],[105.58013,9.8121],[105.64932,9.826],[105.65361,9.85208],[105.64938,9.8713],[105.66181,9.88016],[105.66693,9.90322],[105.65,9.90833],[105.63751,9.92341],[105.66415,9.94527],[105.65868,9.95019],[105.67145,9.96482]]]}},{"type":"Feature","properties":{"id":"443031-VNM.33_1-2021","pfaf_id":443031,"country":"Vietnam","province":"Kiên Giang","area_km2":4285,"bws":1.86,"bwd":1.03,"gtd":-9999,"iav":0.77,"sev":1.89,"rfr":4.1,"cfr":4.1,"drr":2.9,"ucw":5,"cep":4.05,"udw":2.54,"usa":4.16,"rri":2.6,"official_qan":3.64,"official_qal":4.73,"official_rrr":3.41,"official_tot":4.02,"name":"Kiên Giang · 443031","note":"indicators real (v4 2023); ensemble modelled","archetype":"spread","bws_h08":1.94,"bws_pcrglobwb":1,"bws_watergap2":2.66,"bws_cwatm":2.76,"bws_lpjml":1.36,"bws_mean":1.94,"bws_std":0.69,"bws_min":1,"bws_max":2.76,"bws_range":1.76,"bws_class":1,"bws_agreement":"medium","bws_caution":0,"fut_h08":2.35,"fut_pcrglobwb":1.62,"fut_watergap2":3.07,"fut_cwatm":3.21,"fut_lpjml":1.91,"fut_mean":2.43,"fut_std":0.62,"fut_min":1.62,"fut_max":3.21,"fut_range":1.59,"fut_class":2,"fut_agreement":"medium","fut_caution":0},"geometry":{"type":"Polygon","coordinates":[[[104.86052,9.6925],[104.8359,9.5307],[104.84578,9.52944],[104.88117,9.49405],[104.91651,9.5617],[104.94578,9.53276],[104.96306,9.5559],[104.99267,9.539],[105.00306,9.55852],[105.20813,9.43342],[105.18369,9.46841],[105.18333,9.48333],[105.18992,9.47952],[105.19583,9.4854],[105.19167,9.50417],[105.20912,9.50894],[105.23345,9.48631],[105.2289,9.48017],[105.24867,9.48394],[105.25119,9.47488],[105.25625,9.47863],[105.26988,9.47425],[105.27587,9.46318],[105.29121,9.46212],[105.29872,9.50359],[105.31698,9.50496],[105.32117,9.52622],[105.32703,9.52503],[105.32432,9.55722],[105.30972,9.55566],[105.31261,9.57234],[105.29493,9.58461],[105.28637,9.59984],[105.2863,9.62552],[105.29235,9.63707],[105.30356,9.62805],[105.30713,9.60916],[105.32477,9.60339],[105.33757,9.60528],[105.36214,9.62254],[105.35869,9.63091],[105.36702,9.64412],[105.38665,9.65806],[105.37138,9.65896],[105.37043,9.67274],[105.35709,9.66849],[105.35107,9.67677],[105.33817,9.67733],[105.33015,9.70278],[105.35511,9.7116],[105.36864,9.72769],[105.39252,9.738],[105.40405,9.75078],[105.40961,9.74778],[105.4153,9.75521],[105.40483,9.76899],[105.43587,9.79503],[105.4309,9.81622],[105.47661,9.83261],[105.52107,9.85911],[105.51667,9.86315],[105.53957,9.91301],[105.50394,9.9458],[105.47917,9.88333],[105.44509,9.8536],[105.43957,9.85787],[105.42842,9.84943],[105.42009,9.85473],[105.39375,9.84168],[105.37742,9.85381],[105.36424,9.85452],[105.35833,9.8604],[105.36165,9.86998],[105.33259,9.88807],[105.30456,9.88237],[105.29943,9.86862],[105.27721,9.8464],[105.21788,9.83693],[105.20797,9.853],[105.21582,9.85502],[105.22119,9.88159],[105.23298,9.89758],[105.23333,9.9125],[105.24131,9.91838],[105.19227,9.93858],[105.1949,9.96189],[105.17708,9.96627],[105.15315,9.94947],[105.14058,9.96607],[105.11667,9.97917],[105.11305,9.99376],[105.14105,10.02284],[105.14282,10.04497],[105.14923,10.0468],[105.1508,10.0576],[105.16586,10.05907],[105.16767,10.07145],[105.17709,10.06722],[105.19804,10.07557],[105.2089,10.08629],[105.20452,10.09412],[105.21008,10.09965],[105.22742,10.09548],[105.24341,10.07952],[105.25748,10.08418],[105.30816,10.13746],[105.30334,10.14364],[105.29822,10.13855],[105.22567,10.20096],[105.23127,10.20876],[105.22755,10.21303],[105.20611,10.18355],[105.12556,10.25346],[105.0191,10.31871],[104.86469,10.35557],[104.82786,10.40347],[104.81083,10.43811],[104.78162,10.46631],[104.76763,10.46627],[104.74509,10.43693],[104.72425,10.44223],[104.71371,10.43693],[104.70091,10.44229],[104.6991,10.44933],[104.68125,10.4463],[104.65064,10.46576],[104.64936,10.44674],[104.63259,10.43693],[104.62406,10.44223],[104.60267,10.40835],[104.58333,10.4125],[104.60332,10.36335],[104.59167,10.35833],[104.58048,10.36241],[104.57374,10.37495],[104.53309,10.36583],[104.54232,10.34957],[104.53624,10.34172],[104.52826,10.34611],[104.58359,10.26833],[104.59551,10.22806],[104.68718,10.20389],[104.7258,10.23417],[104.79136,10.21445],[104.80414,10.20722],[104.84337,10.14648],[104.89552,10.09278],[104.96998,10.10917],[104.99025,10.10111],[105.07613,10.01201],[105.10638,9.94767],[105.0997,9.88889],[105.08507,9.93415],[105.06248,9.93861],[105.03276,9.92306],[104.89833,9.81083],[104.86052,9.6925]]]}},{"type":"Feature","properties":{"id":"443031-VNM.33_1-None","pfaf_id":443031,"country":"Vietnam","province":"Kiên Giang","area_km2":210,"bws":1.86,"bwd":1.03,"gtd":-9999,"iav":0.77,"sev":1.89,"rfr":4.1,"cfr":4.1,"drr":2.9,"ucw":5,"cep":4.05,"udw":2.54,"usa":4.16,"rri":2.6,"official_qan":3.64,"official_qal":4.73,"official_rrr":3.41,"official_tot":4.02,"name":"Kiên Giang · 443031 b","note":"indicators real (v4 2023); ensemble modelled","archetype":"consensus","bws_h08":2.11,"bws_pcrglobwb":1.75,"bws_watergap2":1.84,"bws_cwatm":1.98,"bws_lpjml":1.77,"bws_mean":1.89,"bws_std":0.14,"bws_min":1.75,"bws_max":2.11,"bws_range":0.36,"bws_class":1,"bws_agreement":"high","bws_caution":0,"fut_h08":3.16,"fut_pcrglobwb":2.51,"fut_watergap2":2.96,"fut_cwatm":2.93,"fut_lpjml":2.59,"fut_mean":2.83,"fut_std":0.24,"fut_min":2.51,"fut_max":3.16,"fut_range":0.65,"fut_class":2,"fut_agreement":"high","fut_caution":0},"geometry":{"type":"MultiPolygon","coordinates":[[[[104.60064,10.16949],[104.61028,10.15958],[104.60078,10.14327],[104.61622,10.14801],[104.64492,10.13729],[104.65907,10.16579],[104.68443,10.19665],[104.73283,10.2278],[104.77354,10.21702],[104.81662,10.18353],[104.80414,10.20722],[104.73359,10.23389],[104.71499,10.22917],[104.68718,10.20389],[104.59551,10.22806],[104.58359,10.26833],[104.52826,10.34611],[104.49379,10.37434],[104.48484,10.37516],[104.52809,10.3216],[104.53262,10.28191],[104.54569,10.29183],[104.55624,10.28728],[104.58134,10.25541],[104.59278,10.21522],[104.58566,10.20384],[104.59643,10.19394],[104.60064,10.16949]]],[[[104.83895,9.57058],[104.86052,9.6925],[104.89165,9.79695],[104.90554,9.81944],[104.94386,9.85059],[104.90744,9.85385],[104.88727,9.83086],[104.85025,9.6812],[104.83895,9.57058]]],[[[104.99025,10.10111],[104.96998,10.10917],[104.89552,10.09278],[104.84337,10.14648],[104.87968,10.09276],[104.89365,10.08622],[104.99236,10.09783],[105.05205,10.03716],[104.99025,10.10111]]],[[[103.50984,9.30843],[103.50481,9.32049],[103.48059,9.32072],[103.46246,9.31233],[103.45841,9.30377],[103.47169,9.30446],[103.47392,9.28743],[103.48478,9.28638],[103.50984,9.30843]]],[[[104.60848,9.79618],[104.65115,9.79734],[104.65687,9.81846],[104.6292,9.82066],[104.60848,9.79618]]],[[[104.98315,9.88287],[105.04496,9.93139],[105.07387,9.93944],[105.08507,9.93415],[105.08099,9.94589],[105.06882,9.94893],[105.04305,9.9383],[104.98315,9.88287]]],[[[104.35387,9.71091],[104.34697,9.67149],[104.35434,9.66005],[104.36235,9.66173],[104.35798,9.68966],[104.36314,9.6959],[104.35387,9.71091]]],[[[104.85574,9.9777],[104.82716,9.96457],[104.83595,9.94833],[104.85574,9.9777]]],[[[105.08858,9.9267],[105.09553,9.905],[105.0997,9.88889],[105.10638,9.94767],[105.10337,9.93063],[105.08858,9.9267]]],[[[104.55111,10.01369],[104.56011,10.01689],[104.56078,10.02883],[104.55347,10.03748],[104.54426,10.03012],[104.55111,10.01369]]],[[[104.53497,10.17137],[104.53179,10.18681],[104.52407,10.18512],[104.53029,10.17008],[104.53497,10.17137]]],[[[104.39713,9.66348],[104.40738,9.67318],[104.40651,9.67464],[104.39922,9.67505],[104.39713,9.66348]]],[[[103.53226,9.32663],[103.52248,9.32216],[103.53323,9.31765],[103.53226,9.32663]]],[[[104.40136,9.63062],[104.4035,9.63832],[104.39511,9.63763],[104.40136,9.63062]]],[[[105.05205,10.03716],[105.06365,10.02175],[105.06873,10.01739],[105.05205,10.03716]]],[[[105.10022,9.95833],[105.10455,9.95177],[105.10004,9.96178],[105.10022,9.95833]]],[[[104.52832,10.27217],[104.52873,10.27343],[104.52749,10.27454],[104.52832,10.27217]]]]}},{"type":"Feature","properties":{"id":"443032-KHM.24_1-2021","pfaf_id":443032,"country":"Cambodia","province":"Takêv","area_km2":257,"bws":1.86,"bwd":1.03,"gtd":-9999,"iav":0.77,"sev":1.89,"rfr":4,"cfr":0.16,"drr":3.53,"ucw":5,"cep":4.02,"udw":4.19,"usa":5,"rri":3.87,"official_qan":3.35,"official_qal":4.72,"official_rrr":4.55,"official_tot":4.07,"name":"Takêv · 443032","note":"indicators real (v4 2023); ensemble modelled","archetype":"consensus","bws_h08":1.87,"bws_pcrglobwb":1.94,"bws_watergap2":1.92,"bws_cwatm":2.12,"bws_lpjml":1.69,"bws_mean":1.91,"bws_std":0.14,"bws_min":1.69,"bws_max":2.12,"bws_range":0.43,"bws_class":1,"bws_agreement":"high","bws_caution":0,"fut_h08":2.72,"fut_pcrglobwb":2.7,"fut_watergap2":3,"fut_cwatm":2.98,"fut_lpjml":2.81,"fut_mean":2.84,"fut_std":0.13,"fut_min":2.7,"fut_max":3,"fut_range":0.3,"fut_class":2,"fut_agreement":"high","fut_caution":0},"geometry":{"type":"MultiPolygon","coordinates":[[[[104.68593,10.71651],[104.67102,10.69536],[104.67377,10.62133],[104.70801,10.61876],[104.71135,10.6112],[104.70663,10.58384],[104.71248,10.57867],[104.71161,10.54908],[104.71852,10.53516],[104.71318,10.53118],[104.7542,10.5188],[104.86815,10.52196],[104.89161,10.54268],[104.88236,10.57006],[104.87157,10.57164],[104.87012,10.58651],[104.86319,10.58849],[104.86188,10.60633],[104.85417,10.61667],[104.83946,10.6161],[104.81038,10.60066],[104.80212,10.60768],[104.77576,10.60906],[104.77434,10.62712],[104.76144,10.64927],[104.74273,10.65073],[104.725,10.675],[104.725,10.69583],[104.68593,10.71651]]],[[[104.52533,10.89951],[104.52301,10.89347],[104.54555,10.88611],[104.53112,10.89223],[104.52533,10.89951]]]]}},{"type":"Feature","properties":{"id":"443032-KHM.7_1-2021","pfaf_id":443032,"country":"Cambodia","province":"Kâmpôt","area_km2":1474,"bws":1.86,"bwd":1.03,"gtd":-9999,"iav":0.77,"sev":1.89,"rfr":4,"cfr":0.16,"drr":3.53,"ucw":5,"cep":4.02,"udw":4.19,"usa":5,"rri":3.87,"official_qan":3.35,"official_qal":4.72,"official_rrr":4.55,"official_tot":4.07,"name":"Kâmpôt · 443032","note":"indicators real (v4 2023); ensemble modelled","archetype":"consensus","bws_h08":2.06,"bws_pcrglobwb":1.94,"bws_watergap2":2.05,"bws_cwatm":1.85,"bws_lpjml":1.82,"bws_mean":1.94,"bws_std":0.1,"bws_min":1.82,"bws_max":2.06,"bws_range":0.24,"bws_class":1,"bws_agreement":"high","bws_caution":0,"fut_h08":2.57,"fut_pcrglobwb":2.27,"fut_watergap2":2.32,"fut_cwatm":2.26,"fut_lpjml":2.02,"fut_mean":2.29,"fut_std":0.18,"fut_min":2.02,"fut_max":2.57,"fut_range":0.55,"fut_class":2,"fut_agreement":"high","fut_caution":0},"geometry":{"type":"Polygon","coordinates":[[[104.54129,10.92939],[104.53348,11.00004],[104.52083,11.025],[104.50088,11.02942],[104.49478,11.00484],[104.36495,11.00869],[104.35,10.99376],[104.35415,10.98958],[104.34829,10.98369],[104.33508,10.98298],[104.32917,10.975],[104.35358,10.96158],[104.36204,10.95209],[104.35837,10.94736],[104.37557,10.93629],[104.37027,10.90612],[104.35777,10.89265],[104.3625,10.87083],[104.35328,10.85904],[104.32571,10.84911],[104.32443,10.83946],[104.31321,10.83245],[104.30833,10.80417],[104.29758,10.79965],[104.28785,10.78508],[104.30748,10.75748],[104.31737,10.72592],[104.3496,10.71153],[104.35505,10.70071],[104.3714,10.69252],[104.36224,10.67614],[104.37083,10.675],[104.37674,10.66285],[104.401,10.66715],[104.42692,10.6547],[104.50833,10.65],[104.51193,10.64388],[104.51307,10.61029],[104.52854,10.59492],[104.52083,10.55417],[104.50392,10.55339],[104.509,10.53733],[104.50307,10.5257],[104.48333,10.525],[104.46723,10.50638],[104.47973,10.4926],[104.47567,10.46345],[104.48807,10.45712],[104.47443,10.43408],[104.49811,10.40471],[104.51739,10.43974],[104.55192,10.45687],[104.56001,10.49324],[104.58685,10.51038],[104.58892,10.52921],[104.60187,10.5344],[104.61628,10.52859],[104.644,10.52995],[104.64356,10.54051],[104.71318,10.53118],[104.71852,10.53516],[104.71161,10.54908],[104.71248,10.57867],[104.70663,10.58384],[104.70801,10.61876],[104.67377,10.62133],[104.67102,10.69536],[104.68593,10.71651],[104.67475,10.71754],[104.68332,10.73208],[104.65522,10.73814],[104.65335,10.72587],[104.6452,10.72436],[104.625,10.7375],[104.62048,10.76076],[104.61285,10.76841],[104.61667,10.80833],[104.59929,10.84495],[104.57819,10.86601],[104.55502,10.87168],[104.54555,10.88611],[104.52301,10.89347],[104.54129,10.92939]]]}},{"type":"Feature","properties":{"id":"443032-VNM.1_1-2021","pfaf_id":443032,"country":"Vietnam","province":"An Giang","area_km2":165,"bws":1.86,"bwd":1.03,"gtd":-9999,"iav":0.77,"sev":1.89,"rfr":4,"cfr":0.16,"drr":3.53,"ucw":5,"cep":4.02,"udw":4.19,"usa":5,"rri":2.6,"official_qan":3.35,"official_qal":4.72,"official_rrr":4.41,"official_tot":4.06,"name":"An Giang · 443032","note":"indicators real (v4 2023); ensemble modelled","archetype":"consensus","bws_h08":1.91,"bws_pcrglobwb":2.04,"bws_watergap2":1.82,"bws_cwatm":1.58,"bws_lpjml":1.82,"bws_mean":1.83,"bws_std":0.15,"bws_min":1.58,"bws_max":2.04,"bws_range":0.46,"bws_class":1,"bws_agreement":"high","bws_caution":0,"fut_h08":2.64,"fut_pcrglobwb":3.2,"fut_watergap2":2.23,"fut_cwatm":2.84,"fut_lpjml":2.85,"fut_mean":2.75,"fut_std":0.32,"fut_min":2.23,"fut_max":3.2,"fut_range":0.97,"fut_class":2,"fut_agreement":"high","fut_caution":0},"geometry":{"type":"Polygon","coordinates":[[[104.97832,10.48835],[104.9875,10.54167],[104.96733,10.55923],[104.96601,10.5741],[104.9509,10.57851],[104.9491,10.57149],[104.92696,10.5661],[104.9116,10.54649],[104.89161,10.54268],[104.86815,10.52196],[104.77859,10.51959],[104.78281,10.50352],[104.77838,10.48738],[104.79781,10.46603],[104.81083,10.43811],[104.82136,10.44892],[104.81197,10.46142],[104.8367,10.4674],[104.8385,10.47978],[104.84902,10.47841],[104.85772,10.46451],[104.85958,10.47101],[104.86874,10.46306],[104.8784,10.46764],[104.8847,10.48812],[104.9115,10.48683],[104.92304,10.4714],[104.93825,10.47973],[104.95075,10.47443],[104.97832,10.48835]]]}},{"type":"Feature","properties":{"id":"443032-VNM.33_1-2021","pfaf_id":443032,"country":"Vietnam","province":"Kiên Giang","area_km2":323,"bws":1.86,"bwd":1.03,"gtd":-9999,"iav":0.77,"sev":1.89,"rfr":4,"cfr":0.16,"drr":3.53,"ucw":5,"cep":4.02,"udw":4.19,"usa":5,"rri":2.6,"official_qan":3.35,"official_qal":4.72,"official_rrr":4.41,"official_tot":4.06,"name":"Kiên Giang · 443032","note":"indicators real (v4 2023); ensemble modelled","archetype":"divergent","bws_h08":1.89,"bws_pcrglobwb":1.84,"bws_watergap2":1.55,"bws_cwatm":2.07,"bws_lpjml":1.7,"bws_mean":1.81,"bws_std":0.18,"bws_min":1.55,"bws_max":2.07,"bws_range":0.52,"bws_class":1,"bws_agreement":"high","bws_caution":0,"fut_h08":0,"fut_pcrglobwb":2.56,"fut_watergap2":2.57,"fut_cwatm":2.88,"fut_lpjml":2.38,"fut_mean":2.08,"fut_std":1.05,"fut_min":0,"fut_max":2.88,"fut_range":2.88,"fut_class":2,"fut_agreement":"low","fut_caution":1},"geometry":{"type":"Polygon","coordinates":[[[104.81083,10.43811],[104.79781,10.46603],[104.77838,10.48738],[104.78281,10.50352],[104.77859,10.51959],[104.7542,10.5188],[104.69382,10.53682],[104.64356,10.54051],[104.644,10.52995],[104.61628,10.52859],[104.60187,10.5344],[104.58892,10.52921],[104.58685,10.51038],[104.56001,10.49324],[104.55192,10.45687],[104.51739,10.43974],[104.49811,10.40471],[104.47659,10.4298],[104.47605,10.40284],[104.49802,10.38861],[104.53624,10.34172],[104.54232,10.34957],[104.53309,10.36583],[104.57374,10.37495],[104.58048,10.36241],[104.59167,10.35833],[104.60332,10.36335],[104.58333,10.4125],[104.60267,10.40835],[104.62406,10.44223],[104.63259,10.43693],[104.64936,10.44674],[104.65064,10.46576],[104.68125,10.4463],[104.6991,10.44933],[104.70091,10.44229],[104.71371,10.43693],[104.72425,10.44223],[104.74509,10.43693],[104.76763,10.46627],[104.78162,10.46631],[104.81083,10.43811]]]}},{"type":"Feature","properties":{"id":"443033-KHM.10_1-2021","pfaf_id":443033,"country":"Cambodia","province":"Kep","area_km2":124,"bws":0,"bwd":0.01,"gtd":-9999,"iav":1.48,"sev":1.91,"rfr":4.03,"cfr":4,"drr":3.21,"ucw":5,"cep":0.95,"udw":4.42,"usa":5,"rri":3.87,"official_qan":2.3,"official_qal":3.8,"official_rrr":4.64,"official_tot":3.41,"name":"Kep · 443033","note":"indicators real (v4 2023); ensemble modelled","archetype":"spread","bws_h08":0.92,"bws_pcrglobwb":0,"bws_watergap2":0,"bws_cwatm":0.08,"bws_lpjml":1.16,"bws_mean":0.43,"bws_std":0.5,"bws_min":0,"bws_max":1.16,"bws_range":1.16,"bws_class":0,"bws_agreement":"medium","bws_caution":0,"fut_h08":1.55,"fut_pcrglobwb":0.65,"fut_watergap2":0.02,"fut_cwatm":0.97,"fut_lpjml":1.43,"fut_mean":0.92,"fut_std":0.56,"fut_min":0.02,"fut_max":1.55,"fut_range":1.53,"fut_class":0,"fut_agreement":"medium","fut_caution":0},"geometry":{"type":"Polygon","coordinates":[[[104.34298,10.49493],[104.35903,10.48972],[104.37389,10.47306],[104.41887,10.44523],[104.4257,10.45771],[104.41362,10.47363],[104.40619,10.46684],[104.40826,10.48311],[104.40223,10.48393],[104.40226,10.49329],[104.41116,10.48698],[104.42103,10.49022],[104.4154,10.49643],[104.41858,10.50033],[104.41365,10.51782],[104.3978,10.52602],[104.38556,10.54203],[104.38456,10.57015],[104.36924,10.5769],[104.29362,10.57586],[104.27645,10.59027],[104.26793,10.5517],[104.34298,10.49493]]]}},{"type":"Feature","properties":{"id":"443033-KHM.10_1-None","pfaf_id":443033,"country":"Cambodia","province":"Kep","area_km2":27,"bws":0,"bwd":0.01,"gtd":-9999,"iav":1.48,"sev":1.91,"rfr":4.03,"cfr":4,"drr":3.21,"ucw":5,"cep":0.95,"udw":4.42,"usa":5,"rri":3.87,"official_qan":2.3,"official_qal":3.8,"official_rrr":4.64,"official_tot":3.41,"name":"Kep · 443033 b","note":"indicators real (v4 2023); ensemble modelled","archetype":"divergent","bws_h08":0.04,"bws_pcrglobwb":0.57,"bws_watergap2":0.18,"bws_cwatm":0.75,"bws_lpjml":0.17,"bws_mean":0.34,"bws_std":0.27,"bws_min":0.04,"bws_max":0.75,"bws_range":0.71,"bws_class":0,"bws_agreement":"high","bws_caution":0,"fut_h08":0,"fut_pcrglobwb":1.02,"fut_watergap2":1.34,"fut_cwatm":1.54,"fut_lpjml":0.89,"fut_mean":0.96,"fut_std":0.53,"fut_min":0,"fut_max":1.54,"fut_range":1.54,"fut_class":0,"fut_agreement":"medium","fut_caution":0},"geometry":{"type":"MultiPolygon","coordinates":[[[[104.34298,10.49493],[104.26793,10.5517],[104.26581,10.54986],[104.28632,10.51347],[104.28881,10.47867],[104.30315,10.47524],[104.34298,10.49493]]],[[[104.41058,10.44716],[104.37389,10.47306],[104.38989,10.45204],[104.41058,10.44716]]]]}},{"type":"Feature","properties":{"id":"443033-KHM.7_1-2021","pfaf_id":443033,"country":"Cambodia","province":"Kâmpôt","area_km2":1309,"bws":0,"bwd":0.01,"gtd":-9999,"iav":1.48,"sev":1.91,"rfr":4.03,"cfr":4,"drr":3.21,"ucw":5,"cep":0.95,"udw":4.42,"usa":5,"rri":3.87,"official_qan":2.3,"official_qal":3.8,"official_rrr":4.64,"official_tot":3.41,"name":"Kâmpôt · 443033","note":"indicators real (v4 2023); ensemble modelled","archetype":"consensus","bws_h08":0.24,"bws_pcrglobwb":0.41,"bws_watergap2":0.17,"bws_cwatm":0.04,"bws_lpjml":0.59,"bws_mean":0.29,"bws_std":0.19,"bws_min":0.04,"bws_max":0.59,"bws_range":0.55,"bws_class":0,"bws_agreement":"high","bws_caution":0,"fut_h08":0.58,"fut_pcrglobwb":0.95,"fut_watergap2":1.4,"fut_cwatm":0.47,"fut_lpjml":1.58,"fut_mean":1,"fut_std":0.44,"fut_min":0.47,"fut_max":1.58,"fut_range":1.11,"fut_class":0,"fut_agreement":"medium","fut_caution":0},"geometry":{"type":"Polygon","coordinates":[[[104.20561,11.09624],[104.1525,10.62155],[104.14331,10.58097],[104.12339,10.55772],[104.24578,10.57081],[104.26793,10.5517],[104.27645,10.59027],[104.29362,10.57586],[104.3757,10.57554],[104.38456,10.57015],[104.38556,10.54203],[104.3978,10.52602],[104.41365,10.51782],[104.42103,10.49022],[104.41116,10.48698],[104.40226,10.49329],[104.40223,10.48393],[104.40826,10.48311],[104.40619,10.46684],[104.41362,10.47363],[104.4257,10.45771],[104.41563,10.44384],[104.44322,10.42423],[104.47659,10.4298],[104.48807,10.45712],[104.47567,10.46345],[104.47973,10.4926],[104.46723,10.50638],[104.48333,10.525],[104.50307,10.5257],[104.509,10.53733],[104.50392,10.55339],[104.52083,10.55417],[104.52917,10.58333],[104.52854,10.59492],[104.51307,10.61029],[104.51193,10.64388],[104.50833,10.65],[104.42692,10.6547],[104.401,10.66715],[104.37674,10.66285],[104.37083,10.675],[104.36224,10.67614],[104.3714,10.69252],[104.36575,10.6993],[104.31737,10.72592],[104.31193,10.74804],[104.28835,10.79082],[104.30833,10.80417],[104.31321,10.83245],[104.32443,10.83946],[104.32571,10.84911],[104.35328,10.85904],[104.3625,10.87083],[104.35777,10.89265],[104.37027,10.90612],[104.37557,10.93629],[104.35837,10.94736],[104.36204,10.95209],[104.35358,10.96158],[104.30899,10.9884],[104.3089,11.02158],[104.3036,11.02991],[104.30777,11.05221],[104.27973,11.08529],[104.27695,11.10017],[104.24685,11.09208],[104.20561,11.09624]]]}},{"type":"Feature","properties":{"id":"443033-KHM.7_1-None","pfaf_id":443033,"country":"Cambodia","province":"Kâmpôt","area_km2":13,"bws":0,"bwd":0.01,"gtd":-9999,"iav":1.48,"sev":1.91,"rfr":4.03,"cfr":4,"drr":3.21,"ucw":5,"cep":0.95,"udw":4.42,"usa":5,"rri":3.87,"official_qan":2.3,"official_qal":3.8,"official_rrr":4.64,"official_tot":3.41,"name":"Kâmpôt · 443033 b","note":"indicators real (v4 2023); ensemble modelled","archetype":"consensus","bws_h08":0.09,"bws_pcrglobwb":0.37,"bws_watergap2":0.35,"bws_cwatm":0.48,"bws_lpjml":0.02,"bws_mean":0.26,"bws_std":0.18,"bws_min":0.02,"bws_max":0.48,"bws_range":0.46,"bws_class":0,"bws_agreement":"high","bws_caution":0,"fut_h08":0.51,"fut_pcrglobwb":1.16,"fut_watergap2":0.95,"fut_cwatm":1.1,"fut_lpjml":0.97,"fut_mean":0.94,"fut_std":0.23,"fut_min":0.51,"fut_max":1.16,"fut_range":0.65,"fut_class":0,"fut_agreement":"high","fut_caution":0},"geometry":{"type":"MultiPolygon","coordinates":[[[[104.16619,10.55979],[104.16848,10.54958],[104.18247,10.54025],[104.20289,10.55973],[104.21743,10.55923],[104.2165,10.56525],[104.16619,10.55979]]],[[[104.02657,10.56062],[104.04761,10.54944],[104.0794,10.54994],[104.02657,10.56062]]],[[[104.25331,10.56528],[104.24786,10.56778],[104.26793,10.5517],[104.25331,10.56528]]],[[[104.16476,10.56162],[104.15568,10.55597],[104.16474,10.55278],[104.16476,10.56162]]],[[[104.42766,10.43517],[104.4389,10.4235],[104.44322,10.42423],[104.42766,10.43517]]],[[[104.09225,10.54747],[104.10191,10.54621],[104.11327,10.55297],[104.09225,10.54747]]],[[[104.21877,10.56548],[104.22427,10.56049],[104.22699,10.56253],[104.2249,10.56598],[104.21877,10.56548]]],[[[104.01345,10.56463],[104.01708,10.56125],[104.02361,10.56111],[104.01345,10.56463]]],[[[104.14921,10.56013],[104.15167,10.55891],[104.15388,10.56046],[104.14921,10.56013]]]]}},{"type":"Feature","properties":{"id":"443033-VNM.33_1-None","pfaf_id":443033,"country":"Vietnam","province":"Kiên Giang","area_km2":102,"bws":0,"bwd":0.01,"gtd":-9999,"iav":1.48,"sev":1.91,"rfr":4.03,"cfr":4,"drr":3.21,"ucw":5,"cep":0.95,"udw":4.42,"usa":5,"rri":2.6,"official_qan":2.3,"official_qal":3.8,"official_rrr":4.51,"official_tot":3.35,"name":"Kiên Giang · 443033","note":"indicators real (v4 2023); ensemble modelled","archetype":"divergent","bws_h08":0.23,"bws_pcrglobwb":0.3,"bws_watergap2":0,"bws_cwatm":0.1,"bws_lpjml":0.3,"bws_mean":0.19,"bws_std":0.12,"bws_min":0,"bws_max":0.3,"bws_range":0.3,"bws_class":0,"bws_agreement":"high","bws_caution":0,"fut_h08":0,"fut_pcrglobwb":1.07,"fut_watergap2":1.34,"fut_cwatm":1.69,"fut_lpjml":1.16,"fut_mean":1.05,"fut_std":0.57,"fut_min":0,"fut_max":1.69,"fut_range":1.69,"fut_class":1,"fut_agreement":"medium","fut_caution":0},"geometry":{"type":"MultiPolygon","coordinates":[[[[104.03646,10.05699],[104.04246,10.06052],[104.0415,10.06985],[104.01949,10.07883],[104.02266,10.08807],[103.94942,10.24389],[103.91824,10.28483],[103.94949,10.24026],[103.96725,10.17986],[103.99066,10.04882],[104.00082,10.04359],[104.00909,10.0107],[104.02146,10.01757],[104.03111,10.01059],[104.04,10.01566],[104.03099,10.02971],[104.03646,10.05699]]],[[[104.47605,10.40284],[104.4389,10.4235],[104.45279,10.39987],[104.44212,10.36714],[104.45979,10.36909],[104.46483,10.37658],[104.4834,10.37552],[104.48776,10.38636],[104.48002,10.38835],[104.47605,10.40284]]],[[[103.97187,10.43106],[103.97692,10.43361],[104.0121,10.43927],[103.99509,10.45243],[103.98161,10.44826],[103.97187,10.43106]]],[[[104.00951,9.96992],[104.01044,9.94857],[104.02258,9.93957],[104.02332,9.95959],[104.00951,9.96992]]],[[[104.02718,9.97084],[104.01722,9.98471],[104.01334,9.98375],[104.01791,9.97354],[104.02718,9.97084]]],[[[103.84837,10.33674],[103.85562,10.30921],[103.86169,10.30192],[103.84837,10.33674]]],[[[103.8377,10.37848],[103.84109,10.37361],[103.85946,10.37417],[103.8377,10.37848]]],[[[103.88544,10.29791],[103.8886,10.29171],[103.90272,10.29111],[103.88544,10.29791]]],[[[103.83814,10.37107],[103.83371,10.36113],[103.83934,10.35901],[103.83814,10.37107]]],[[[104.32973,10.31245],[104.33764,10.32157],[104.33266,10.32301],[104.32973,10.31245]]],[[[104.32613,10.39798],[104.33039,10.39388],[104.3351,10.40386],[104.32613,10.39798]]],[[[104.00329,9.91485],[104.00174,9.92304],[103.99644,9.92158],[104.00329,9.91485]]],[[[104.34538,10.42374],[104.3423,10.42625],[104.3431,10.42224],[104.34538,10.42374]]],[[[104.05463,10.40261],[104.05726,10.39965],[104.05774,10.40295],[104.05463,10.40261]]],[[[104.3325,10.45418],[104.33323,10.45045],[104.33382,10.454],[104.3325,10.45418]]]]}},{"type":"Feature","properties":{"id":"None-VNM.25_1-None","pfaf_id":-9999,"country":"Vietnam","province":"Hồ Chí Minh","area_km2":89,"bws":-9999,"bwd":-9999,"gtd":-9999,"iav":-9999,"sev":-9999,"rfr":-9999,"cfr":-9999,"drr":-9999,"ucw":5,"cep":-9999,"udw":-9999,"usa":-9999,"rri":2.6,"official_qan":-9999,"official_qal":-9999,"official_rrr":-9999,"official_tot":-9999,"name":"Hồ Chí Minh · coastal","note":"indicators real (v4 2023); ensemble modelled","archetype":"nodata","bws_h08":-9999,"bws_pcrglobwb":-9999,"bws_watergap2":-9999,"bws_cwatm":-9999,"bws_lpjml":-9999,"bws_mean":-9999,"bws_std":-9999,"bws_min":-9999,"bws_max":-9999,"bws_range":-9999,"bws_class":-1,"bws_agreement":"nodata","bws_caution":0,"fut_h08":-9999,"fut_pcrglobwb":-9999,"fut_watergap2":-9999,"fut_cwatm":-9999,"fut_lpjml":-9999,"fut_mean":-9999,"fut_std":-9999,"fut_min":-9999,"fut_max":-9999,"fut_range":-9999,"fut_class":-1,"fut_agreement":"nodata","fut_caution":0},"geometry":{"type":"MultiPolygon","coordinates":[[[[106.9877,10.50817],[106.99645,10.50047],[106.98688,10.48824],[106.99163,10.48053],[106.97513,10.47767],[106.97978,10.4713],[106.97363,10.44938],[106.96605,10.45127],[106.9711,10.46155],[106.94616,10.46753],[106.93761,10.47801],[106.93272,10.4713],[106.93812,10.46297],[106.93307,10.43845],[106.97489,10.41967],[106.97407,10.40509],[106.90047,10.37438],[106.87578,10.37568],[106.87861,10.38542],[106.86171,10.4235],[106.85829,10.40556],[106.8299,10.39288],[106.82834,10.4035],[106.76136,10.47111],[106.75228,10.49523],[106.74472,10.49199],[106.76315,10.45245],[106.81509,10.39126],[106.83459,10.35423],[106.89455,10.36509],[106.97055,10.39481],[106.98096,10.40523],[106.98561,10.4132],[106.98229,10.42475],[106.96268,10.43849],[106.9661,10.44649],[106.99147,10.45095],[106.99658,10.46049],[106.99735,10.50322],[107.01036,10.51607],[106.9877,10.50817]]],[[[106.87083,10.46667],[106.86659,10.45506],[106.8638,10.43683],[106.87564,10.46522],[106.87083,10.46667]]],[[[106.94548,10.5157],[106.94647,10.50091],[106.94993,10.50354],[106.94548,10.5157]]],[[[106.97776,10.4963],[106.98242,10.49519],[106.98314,10.50226],[106.97776,10.4963]]],[[[106.86858,10.46724],[106.87083,10.46667],[106.86934,10.47129],[106.86858,10.46724]]]]}},{"type":"Feature","properties":{"id":"None-VNM.51_1-None","pfaf_id":-9999,"country":"Vietnam","province":"Sóc Trăng","area_km2":17,"bws":-9999,"bwd":-9999,"gtd":-9999,"iav":-9999,"sev":-9999,"rfr":-9999,"cfr":-9999,"drr":-9999,"ucw":5,"cep":-9999,"udw":-9999,"usa":-9999,"rri":2.6,"official_qan":-9999,"official_qal":-9999,"official_rrr":-9999,"official_tot":-9999,"name":"Sóc Trăng · coastal","note":"indicators real (v4 2023); ensemble modelled","archetype":"nodata","bws_h08":-9999,"bws_pcrglobwb":-9999,"bws_watergap2":-9999,"bws_cwatm":-9999,"bws_lpjml":-9999,"bws_mean":-9999,"bws_std":-9999,"bws_min":-9999,"bws_max":-9999,"bws_range":-9999,"bws_class":-1,"bws_agreement":"nodata","bws_caution":0,"fut_h08":-9999,"fut_pcrglobwb":-9999,"fut_watergap2":-9999,"fut_cwatm":-9999,"fut_lpjml":-9999,"fut_mean":-9999,"fut_std":-9999,"fut_min":-9999,"fut_max":-9999,"fut_range":-9999,"fut_class":-1,"fut_agreement":"nodata","fut_caution":0},"geometry":{"type":"MultiPolygon","coordinates":[[[[106.21084,9.51163],[106.21193,9.48112],[106.20892,9.47724],[106.20881,9.46987],[106.2101,9.47766],[106.23823,9.49164],[106.22997,9.49238],[106.21188,9.53286],[106.21674,9.54045],[106.20417,9.54583],[106.19943,9.53825],[106.21084,9.51163]]],[[[106.25,9.6125],[106.25072,9.60515],[106.29409,9.57846],[106.29975,9.58593],[106.25,9.6125]]],[[[106.10692,9.33324],[106.10817,9.32751],[106.12914,9.33357],[106.10692,9.33324]]],[[[106.13365,9.33593],[106.14412,9.34172],[106.13946,9.3411],[106.13365,9.33593]]]]}},{"type":"Feature","properties":{"id":"None-VNM.58_1-None","pfaf_id":-9999,"country":"Vietnam","province":"Tiền Giang","area_km2":33,"bws":-9999,"bwd":-9999,"gtd":-9999,"iav":-9999,"sev":-9999,"rfr":-9999,"cfr":-9999,"drr":-9999,"ucw":5,"cep":-9999,"udw":-9999,"usa":-9999,"rri":2.6,"official_qan":-9999,"official_qal":-9999,"official_rrr":-9999,"official_tot":-9999,"name":"Tiền Giang · coastal","note":"indicators real (v4 2023); ensemble modelled","archetype":"nodata","bws_h08":-9999,"bws_pcrglobwb":-9999,"bws_watergap2":-9999,"bws_cwatm":-9999,"bws_lpjml":-9999,"bws_mean":-9999,"bws_std":-9999,"bws_min":-9999,"bws_max":-9999,"bws_range":-9999,"bws_class":-1,"bws_agreement":"nodata","bws_caution":0,"fut_h08":-9999,"fut_pcrglobwb":-9999,"fut_watergap2":-9999,"fut_cwatm":-9999,"fut_lpjml":-9999,"fut_mean":-9999,"fut_std":-9999,"fut_min":-9999,"fut_max":-9999,"fut_range":-9999,"fut_class":-1,"fut_agreement":"nodata","fut_caution":0},"geometry":{"type":"MultiPolygon","coordinates":[[[[106.73333,10.48333],[106.76075,10.4375],[106.78807,10.40908],[106.79363,10.37613],[106.82253,10.37741],[106.76315,10.45245],[106.74472,10.49199],[106.73333,10.48333]]],[[[106.73022,10.27495],[106.725,10.27083],[106.74388,10.2661],[106.77773,10.24084],[106.78023,10.24878],[106.7558,10.2664],[106.73022,10.27495]]],[[[106.75432,10.19097],[106.75542,10.19938],[106.69376,10.22865],[106.70928,10.21234],[106.75432,10.19097]]],[[[106.80059,10.20669],[106.79581,10.21849],[106.79002,10.20123],[106.80059,10.20669]]]]}},{"type":"Feature","properties":{"id":"None-VNM.59_1-2021","pfaf_id":-9999,"country":"Vietnam","province":"Trà Vinh","area_km2":16,"bws":-9999,"bwd":-9999,"gtd":-9999,"iav":-9999,"sev":-9999,"rfr":-9999,"cfr":-9999,"drr":-9999,"ucw":5,"cep":-9999,"udw":-9999,"usa":-9999,"rri":2.6,"official_qan":-9999,"official_qal":-9999,"official_rrr":-9999,"official_tot":-9999,"name":"Trà Vinh · coastal","note":"indicators real (v4 2023); ensemble modelled","archetype":"nodata","bws_h08":-9999,"bws_pcrglobwb":-9999,"bws_watergap2":-9999,"bws_cwatm":-9999,"bws_lpjml":-9999,"bws_mean":-9999,"bws_std":-9999,"bws_min":-9999,"bws_max":-9999,"bws_range":-9999,"bws_class":-1,"bws_agreement":"nodata","bws_caution":0,"fut_h08":-9999,"fut_pcrglobwb":-9999,"fut_watergap2":-9999,"fut_cwatm":-9999,"fut_lpjml":-9999,"fut_mean":-9999,"fut_std":-9999,"fut_min":-9999,"fut_max":-9999,"fut_range":-9999,"fut_class":-1,"fut_agreement":"nodata","fut_caution":0},"geometry":{"type":"MultiPolygon","coordinates":[[[[106.52083,9.76667],[106.56677,9.74607],[106.52035,9.80047],[106.52083,9.76667]]],[[[106.46911,9.92904],[106.52683,9.87191],[106.49255,9.91282],[106.46911,9.92904]]],[[[106.52683,9.87191],[106.58101,9.82382],[106.55513,9.84991],[106.52683,9.87191]]],[[[106.27249,9.61272],[106.305,9.59136],[106.30767,9.59412],[106.2875,9.60833],[106.27249,9.61272]]],[[[106.40631,9.53725],[106.40884,9.5309],[106.41309,9.53088],[106.41129,9.53807],[106.40631,9.53725]]],[[[106.57862,9.65939],[106.58036,9.66581],[106.58038,9.67388],[106.57862,9.65939]]]]}},{"type":"Feature","properties":{"id":"None-VNM.59_1-None","pfaf_id":-9999,"country":"Vietnam","province":"Trà Vinh","area_km2":80,"bws":-9999,"bwd":-9999,"gtd":-9999,"iav":-9999,"sev":-9999,"rfr":-9999,"cfr":-9999,"drr":-9999,"ucw":5,"cep":-9999,"udw":-9999,"usa":-9999,"rri":2.6,"official_qan":-9999,"official_qal":-9999,"official_rrr":-9999,"official_tot":-9999,"name":"Trà Vinh · coastal b","note":"indicators real (v4 2023); ensemble modelled","archetype":"nodata","bws_h08":-9999,"bws_pcrglobwb":-9999,"bws_watergap2":-9999,"bws_cwatm":-9999,"bws_lpjml":-9999,"bws_mean":-9999,"bws_std":-9999,"bws_min":-9999,"bws_max":-9999,"bws_range":-9999,"bws_class":-1,"bws_agreement":"nodata","bws_caution":0,"fut_h08":-9999,"fut_pcrglobwb":-9999,"fut_watergap2":-9999,"fut_cwatm":-9999,"fut_lpjml":-9999,"fut_mean":-9999,"fut_std":-9999,"fut_min":-9999,"fut_max":-9999,"fut_range":-9999,"fut_class":-1,"fut_agreement":"nodata","fut_caution":0},"geometry":{"type":"MultiPolygon","coordinates":[[[[106.61243,9.78883],[106.5203,9.87724],[106.54954,9.84793],[106.54498,9.83835],[106.52575,9.8286],[106.51129,9.8464],[106.50499,9.84502],[106.5089,9.83408],[106.5,9.82917],[106.56677,9.74607],[106.61243,9.78883]]],[[[106.49534,9.85213],[106.45303,9.90026],[106.447,9.89559],[106.44527,9.89062],[106.48435,9.85063],[106.49534,9.85213]]],[[[106.25339,9.61347],[106.29975,9.58593],[106.305,9.59136],[106.26661,9.61637],[106.25339,9.61347]]],[[[106.41309,9.53088],[106.40884,9.5309],[106.41343,9.52953],[106.41309,9.53088]]],[[[106.58038,9.67388],[106.58082,9.67082],[106.58118,9.67491],[106.58038,9.67388]]]]}},{"type":"Feature","properties":{"id":"None-VNM.6_1-2021","pfaf_id":-9999,"country":"Vietnam","province":"Bến Tre","area_km2":22,"bws":-9999,"bwd":-9999,"gtd":-9999,"iav":-9999,"sev":-9999,"rfr":-9999,"cfr":-9999,"drr":-9999,"ucw":5,"cep":-9999,"udw":-9999,"usa":-9999,"rri":2.6,"official_qan":-9999,"official_qal":-9999,"official_rrr":-9999,"official_tot":-9999,"name":"Bến Tre · coastal","note":"indicators real (v4 2023); ensemble modelled","archetype":"nodata","bws_h08":-9999,"bws_pcrglobwb":-9999,"bws_watergap2":-9999,"bws_cwatm":-9999,"bws_lpjml":-9999,"bws_mean":-9999,"bws_std":-9999,"bws_min":-9999,"bws_max":-9999,"bws_range":-9999,"bws_class":-1,"bws_agreement":"nodata","bws_caution":0,"fut_h08":-9999,"fut_pcrglobwb":-9999,"fut_watergap2":-9999,"fut_cwatm":-9999,"fut_lpjml":-9999,"fut_mean":-9999,"fut_std":-9999,"fut_min":-9999,"fut_max":-9999,"fut_range":-9999,"fut_class":-1,"fut_agreement":"nodata","fut_caution":0},"geometry":{"type":"MultiPolygon","coordinates":[[[[106.72707,10.04954],[106.71459,10.03796],[106.68837,10.04229],[106.69903,10.06585],[106.6786,10.05295],[106.6919,10.02245],[106.73706,10.04537],[106.72707,10.04954]]],[[[106.49255,9.91282],[106.52683,9.87191],[106.59226,9.8145],[106.51994,9.89097],[106.49255,9.91282]]],[[[106.65011,9.96916],[106.65033,9.97344],[106.60612,9.97557],[106.5676,10.00057],[106.55826,9.99571],[106.59914,9.97444],[106.65011,9.96916]]],[[[106.46911,9.92904],[106.47625,9.92509],[106.49255,9.91282],[106.49082,9.91998],[106.46911,9.92904]]]]}},{"type":"Feature","properties":{"id":"None-VNM.6_1-None","pfaf_id":-9999,"country":"Vietnam","province":"Bến Tre","area_km2":26,"bws":-9999,"bwd":-9999,"gtd":-9999,"iav":-9999,"sev":-9999,"rfr":-9999,"cfr":-9999,"drr":-9999,"ucw":5,"cep":-9999,"udw":-9999,"usa":-9999,"rri":2.6,"official_qan":-9999,"official_qal":-9999,"official_rrr":-9999,"official_tot":-9999,"name":"Bến Tre · coastal b","note":"indicators real (v4 2023); ensemble modelled","archetype":"nodata","bws_h08":-9999,"bws_pcrglobwb":-9999,"bws_watergap2":-9999,"bws_cwatm":-9999,"bws_lpjml":-9999,"bws_mean":-9999,"bws_std":-9999,"bws_min":-9999,"bws_max":-9999,"bws_range":-9999,"bws_class":-1,"bws_agreement":"nodata","bws_caution":0,"fut_h08":-9999,"fut_pcrglobwb":-9999,"fut_watergap2":-9999,"fut_cwatm":-9999,"fut_lpjml":-9999,"fut_mean":-9999,"fut_std":-9999,"fut_min":-9999,"fut_max":-9999,"fut_range":-9999,"fut_class":-1,"fut_agreement":"nodata","fut_caution":0},"geometry":{"type":"MultiPolygon","coordinates":[[[[106.64692,9.96833],[106.59914,9.97444],[106.55826,9.99571],[106.55918,9.98835],[106.60196,9.9589],[106.62721,9.9536],[106.64938,9.93991],[106.64692,9.96833]]],[[[106.75432,10.19097],[106.70928,10.21234],[106.69376,10.22865],[106.6875,10.21667],[106.75345,10.18211],[106.75432,10.19097]]],[[[106.61029,9.80057],[106.58101,9.82382],[106.61243,9.78883],[106.64075,9.81342],[106.62182,9.79943],[106.61029,9.80057]]],[[[106.64075,9.81342],[106.64797,9.82084],[106.64255,9.82012],[106.64075,9.81342]]],[[[106.73706,10.04537],[106.72854,10.03786],[106.73838,10.04514],[106.73706,10.04537]]]]}}]}
